1819,north/g.40.0.graphml,40,40,0,568,42,610,12060,0,0.062,0.0882,1,0.353
1832,north/g.40.27.graphml,40,41,0,533,64,597,11042,0,0.054,0.0879,1,0.329
1833,north/g.40.21.graphml,40,41,0,243,8,251,2060,0,0.011,0.0107,0,0.059
1851,north/g.43.15.graphml,43,43,0,462,56,518,7750,0,0.041,0.0639,1,0.197
1852,north/g.43.26.graphml,43,43,0,456,178,634,8520,0,0.047,0.0601,1,0.246
1853,north/g.43.24.graphml,43,43,0,460,180,640,8552,0,0.045,0.0595,1,0.216
1854,north/g.43.25.graphml,43,43,0,456,178,634,8520,0,0.046,0.0601,1,0.214
1890,north/g.40.3.graphml,40,45,0,180,90,270,1212,0,0.01,0.0062,1,0.033
1906,north/g.43.20.graphml,43,46,0,25,23,48,70,0,0.003,0.0004,1,0.004
1907,north/g.46.3.graphml,46,46,540,81,1080,1161,2328,540,0.067,0.0603,1,0.053
1927,north/g.41.3.graphml,41,49,0,219,275,494,2184,18,0.082,0.0861,1,0.058
1928,north/g.42.7.graphml,42,49,1,190,140,330,1444,1,0.012,0.0093,1,0.034
1929,north/g.43.18.graphml,43,49,0,280,32,312,2534,0,0.009,0.0114,0,0.062
2265,north/g.42.9.graphml,42,50,0,182,140,322,1244,1,0.016,0.0144,1,0.032
2266,north/g.42.32.graphml,42,50,6,180,364,544,1536,39,2.827,5.3103,1304,0.044
2276,north/g.48.23.graphml,48,51,0,178,112,290,1220,0,0.01,0.0094,1,0.03
2287,north/g.52.3.graphml,52,52,0,468,216,684,6704,0,0.034,0.0371,1,0.177
2299,north/g.54.6.graphml,54,54,0,505,242,747,7404,0,0.035,0.0411,1,0.194
2310,north/g.47.15.graphml,47,55,0,90,75,165,320,0,0.004,0.0019,1,0.012
2326,north/g.41.4.graphml,41,57,0,130,110,240,710,0,0.007,0.0052,1,0.019
2327,north/g.41.12.graphml,41,57,0,87,78,165,316,0,0.005,0.0022,1,0.011
2328,north/g.45.4.graphml,45,57,0,268,72,340,2470,0,0.017,0.0142,1,0.06
2329,north/g.45.1.graphml,45,57,0,268,72,340,2470,0,0.016,0.0142,1,0.07
2330,north/g.57.21.graphml,57,57,0,514,96,610,7744,0,0.045,0.0559,1,0.233
2331,north/g.57.19.graphml,57,57,0,551,130,681,9168,0,0.057,0.0735,1,0.245
2335,north/g.52.4.graphml,52,58,0,259,58,317,1856,0,0.013,0.0115,1,0.046
2336,north/g.58.7.graphml,58,58,0,1059,582,1641,31596,0,0.208,0.2973,1,1.075
2338,north/g.43.23.graphml,43,59,0,52,50,102,138,0,0.004,0.0008,1,0.007
2339,north/g.51.5.graphml,51,59,0,245,336,581,2092,6,0.07,0.0715,1,0.079
2699,north/g.40.9.graphml,40,60,0,296,319,615,3114,0,0.023,0.029,1,0.077
2700,north/g.40.7.graphml,40,60,0,258,256,514,2018,2,0.036,0.044,1,0.05
2702,north/g.44.0.graphml,44,61,0,410,382,792,5054,5,0.101,0.1295,1,0.13
2703,north/g.45.7.graphml,45,61,0,94,87,181,334,0,0.009,0.0027,1,0.011
2704,north/g.51.0.graphml,51,61,0,308,304,612,2816,1,0.029,0.0274,1,0.071
2705,north/g.61.35.graphml,61,61,0,569,108,677,8796,0,0.052,0.0706,1,0.238
2713,north/g.42.21.graphml,42,62,0,20,3,23,6,0,0.001,0.0,0,0.009
2714,north/g.43.14.graphml,43,62,1,108,109,217,440,1,0.011,0.005,1,0.014
2715,north/g.43.19.graphml,43,62,0,279,285,564,2518,2,0.081,0.0867,1,0.063
2716,north/g.46.6.graphml,46,62,0,213,77,290,1472,0,0.014,0.0081,1,0.038
2717,north/g.46.12.graphml,46,62,0,103,86,189,376,0,0.005,0.0027,1,0.015
2718,north/g.55.0.graphml,55,62,0,337,371,708,4108,18,0.092,0.1022,1,0.102
2719,north/g.42.27.graphml,42,63,0,191,93,284,1016,0,0.017,0.0071,1,0.027
2720,north/g.43.12.graphml,43,63,0,173,107,280,1028,2,0.018,0.0108,1,0.027
2721,north/g.62.6.graphml,62,63,0,370,69,439,4204,0,0.029,0.0365,1,0.105
2723,north/g.48.31.graphml,48,64,0,144,118,262,784,1,0.011,0.0083,1,0.022
2724,north/g.64.18.graphml,64,64,0,430,3960,4390,12100,854,60.014,92.9296,1,0.328
2727,north/g.41.7.graphml,41,65,0,184,203,387,1108,2,0.024,0.0227,1,0.029
2728,north/g.44.22.graphml,44,65,0,178,286,464,1296,22,0.065,0.0484,1,0.035
2729,north/g.45.0.graphml,45,65,0,452,549,1001,6140,25,0.177,0.2411,1,0.162
2730,north/g.45.9.graphml,45,65,0,216,140,356,1338,0,0.017,0.0072,1,0.033
2731,north/g.47.17.graphml,47,65,0,340,341,681,3712,4,0.08,0.0714,1,0.091
2732,north/g.57.23.graphml,57,65,0,672,620,1292,12504,0,0.075,0.0926,1,0.367
2733,north/g.61.39.graphml,61,65,0,563,193,756,8458,0,0.046,0.0583,1,0.22
2734,north/g.61.40.graphml,61,65,0,577,221,798,8780,0,0.056,0.0837,1,0.239
2741,north/g.48.10.graphml,48,66,0,417,447,864,5284,3,0.122,0.1635,1,0.164
2742,north/g.66.8.graphml,66,66,6,849,1486,2335,18554,131,60.028,192.7232,740,0.568
2743,north/g.66.7.graphml,66,66,6,849,1486,2335,18554,131,60.019,173.076,602,0.622
2748,north/g.47.23.graphml,47,67,0,314,325,639,2984,5,0.104,0.1135,1,0.074
2749,north/g.50.8.graphml,50,67,0,135,94,229,506,0,0.01,0.0035,1,0.015
2750,north/g.62.7.graphml,62,67,0,693,290,983,12284,1,0.29,0.335,1,0.353
2751,north/g.67.0.graphml,67,67,0,1065,0,1065,22400,0,0.001,0.0,0,0.732
2752,north/g.42.15.graphml,42,68,69,433,1066,1499,6388,121,2.639,3.6652,1,0.156
2753,north/g.44.21.graphml,44,68,0,314,119,433,3598,0,0.02,0.019,1,0.103
2754,north/g.48.18.graphml,48,68,0,296,262,558,2442,2,0.035,0.0356,1,0.072
2755,north/g.51.4.graphml,51,68,0,136,96,232,510,0,0.01,0.0035,1,0.019
2758,north/g.42.2.graphml,42,69,1,468,507,975,5970,15,0.159,0.1808,1,0.196
2759,north/g.44.4.graphml,44,69,0,213,161,374,1284,0,0.013,0.0095,1,0.034
2760,north/g.49.9.graphml,49,69,0,129,110,239,532,0,0.006,0.003,1,0.017
2761,north/g.69.5.graphml,69,69,0,735,64,799,13578,0,0.076,0.1167,1,0.386
2762,north/g.69.4.graphml,69,69,0,693,22,715,12390,0,0.043,0.0758,0,0.352
2763,north/g.69.3.graphml,69,69,0,718,48,766,13304,0,0.068,0.0943,1,0.372
3135,DAGmar/graphs/3.6/uniform_n20_e72_i6.graphml,20,75,20,1019,2277,3296,24472,315,60.024,133.7727,1,0.79
3136,DAGmar/graphs/4.6/uniform_n20_e92_i4.graphml,20,75,45,1073,3101,4174,28118,605,60.02,119.3689,1,0.926
3137,DAGmar/graphs/4.6/uniform_n20_e92_i0.graphml,20,77,80,1112,3091,4203,29240,583,60.024,128.7367,1,0.908
3140,north/g.50.9.graphml,50,70,0,304,445,749,2754,31,0.367,0.4662,1,0.071
3151,north/g.44.7.graphml,44,72,0,327,360,687,2622,5,0.059,0.0706,1,0.097
3152,north/g.48.35.graphml,48,72,0,151,111,262,670,0,0.007,0.0038,1,0.02
3153,north/g.54.7.graphml,54,72,0,245,222,467,1580,1,0.022,0.0153,1,0.043
3154,north/g.65.1.graphml,65,72,0,573,236,809,6872,2,0.133,0.153,1,0.188
3155,north/g.72.0.graphml,72,72,0,2485,0,2485,114310,0,0.004,0.0,0,6.179
3156,north/g.45.5.graphml,45,73,0,258,317,575,1990,2,0.041,0.0405,1,0.057
3157,north/g.52.0.graphml,52,73,0,220,206,426,1366,1,0.012,0.0092,1,0.038
3159,north/g.46.9.graphml,46,74,0,352,397,749,2984,5,0.067,0.0789,1,0.079
3165,north/g.48.4.graphml,48,75,0,354,388,742,2908,4,0.071,0.0923,1,0.076
3166,north/g.75.2.graphml,75,75,0,814,66,880,15914,0,0.094,0.1361,1,0.468
3168,north/g.42.4.graphml,42,76,0,255,289,544,1746,2,0.029,0.0293,1,0.05
3169,north/g.49.19.graphml,49,76,0,365,402,767,3046,4,0.062,0.0772,1,0.093
3170,north/g.76.2.graphml,76,76,0,2278,0,2278,100232,0,0.003,0.0,0,4.964
3172,north/g.55.26.graphml,55,77,0,295,399,694,2554,17,0.272,0.3072,1,0.076
3173,north/g.77.1.graphml,77,77,0,855,67,922,17196,0,0.094,0.1339,1,0.539
3175,north/g.40.5.graphml,40,78,0,469,489,958,4878,4,0.099,0.0985,1,0.128
3176,north/g.41.0.graphml,41,78,0,234,141,375,1370,1,0.024,0.0185,1,0.034
3177,north/g.42.3.graphml,42,78,1,487,482,969,5918,14,0.176,0.1887,1,0.147
3178,north/g.47.2.graphml,47,78,0,388,428,816,3340,5,0.079,0.1088,1,0.086
3179,north/g.53.3.graphml,53,78,0,418,498,916,3986,10,0.209,0.2524,1,0.104
3180,north/g.68.4.graphml,68,78,0,618,173,791,9244,0,0.056,0.0858,1,0.249
3181,north/g.69.2.graphml,69,78,0,941,244,1185,20348,2,0.497,0.5628,1,0.666
3182,north/g.71.2.graphml,71,78,0,769,160,929,13852,9,0.419,0.3774,1,0.4
3183,north/g.77.0.graphml,77,78,0,802,156,958,14304,0,0.076,0.1024,1,0.446
3184,north/g.78.0.graphml,78,78,0,423,44,467,4176,0,0.026,0.0335,1,0.109
3187,north/g.49.17.graphml,49,79,1,356,236,592,3076,4,0.047,0.0501,1,0.077
3509,DAGmar/graphs/5.6/uniform_n20_e112_i6.graphml,20,80,144,1276,4183,5459,37222,906,60.024,123.548,1,1.235
3510,DAGmar/graphs/5.6/uniform_n20_e112_i3.graphml,20,80,141,1357,4616,5973,44262,1256,60.026,133.7787,1,1.615
3511,DAGmar/graphs/5.6/uniform_n20_e112_i7.graphml,20,81,139,1314,4349,5663,39820,1136,60.026,135.1282,1,1.366
3512,DAGmar/graphs/5.6/uniform_n20_e112_i4.graphml,20,83,125,1381,4326,5707,41080,1108,60.027,139.8057,1,1.517
3513,DAGmar/graphs/5.6/uniform_n20_e112_i1.graphml,20,85,106,1653,4958,6611,60380,1157,60.028,148.9881,1,2.522
3514,DAGmar/graphs/5.6/uniform_n20_e112_i5.graphml,20,87,123,1502,4535,6037,45958,1115,60.025,150.3578,1,1.686
3515,north/g.43.9.graphml,43,80,0,228,262,490,1424,0,0.011,0.0108,1,0.038
3516,north/g.46.4.graphml,46,80,0,541,560,1101,6496,1,0.159,0.2123,1,0.173
3517,north/g.54.0.graphml,54,80,0,452,541,993,5210,3,0.107,0.1237,1,0.131
3518,north/g.62.1.graphml,62,80,1,585,377,962,9722,1,0.088,0.1083,1,0.26
3522,north/g.42.0.graphml,42,81,1,493,451,944,6162,10,0.215,0.2365,1,0.171
3523,north/g.46.5.graphml,46,81,0,478,558,1036,5276,13,0.181,0.2238,1,0.138
3524,north/g.57.22.graphml,57,81,82,688,1432,2120,12154,192,60.054,153.5302,1299,0.339
3525,north/g.77.2.graphml,77,81,0,1526,781,2307,51766,0,0.383,0.5319,1,2.072
3526,north/g.81.16.graphml,81,81,0,521,65,586,6082,0,0.038,0.05,1,0.166
3530,north/g.40.20.graphml,40,82,0,204,243,447,1198,0,0.009,0.0072,1,0.034
3531,north/g.42.1.graphml,42,82,1,498,527,1025,5758,13,0.149,0.1535,1,0.145
3533,north/g.48.8.graphml,48,83,0,230,268,498,1426,0,0.015,0.0154,1,0.037
3534,north/g.58.9.graphml,58,83,119,606,1615,2221,10786,286,60.071,182.7048,317,0.28
3539,north/g.40.17.graphml,40,85,0,154,164,318,678,0,0.007,0.0044,1,0.021
3540,north/g.43.6.graphml,43,85,0,287,322,609,2002,0,0.02,0.0232,1,0.054
3541,north/g.50.7.graphml,50,85,0,1771,2089,3860,64148,106,60.033,99.1029,1,2.667
3542,north/g.54.2.graphml,54,85,0,178,157,335,768,0,0.007,0.0048,1,0.024
3544,north/g.77.6.graphml,77,87,0,987,200,1187,21738,0,0.132,0.1727,1,0.674
3545,north/g.87.6.graphml,87,87,0,944,759,1703,16320,4,0.282,0.2912,1,0.525
3546,north/g.48.29.graphml,48,88,0,250,218,468,1534,0,0.014,0.013,1,0.04
3547,north/g.49.8.graphml,49,88,1,599,441,1040,6820,7,0.17,0.1491,1,0.183
3548,north/g.56.1.graphml,56,88,0,36,16,52,40,0,0.0,0.0,0,0.015
3549,north/g.88.2.graphml,88,88,0,941,160,1101,18300,0,0.114,0.1626,1,0.596
3550,north/g.44.14.graphml,44,89,0,170,179,349,774,0,0.007,0.0057,1,0.024
3674,Rome-Lib/graficon67nodi/grafo6186.67,67,93,0,585,673,1258,6604,11,30.845,87.2011,6602,0.207
3686,Rome-Lib/graficon72nodi/grafo9639.72,72,94,0,675,761,1436,8614,13,0.911,1.3474,1,0.292
3687,Rome-Lib/graficon69nodi/grafo8265.69,69,94,0,548,685,1233,5834,14,0.347,0.4608,1,0.161
3692,Rome-Lib/graficon64nodi/grafo8416.64,64,94,0,692,922,1614,9328,27,2.017,2.7064,1,0.263
3702,Rome-Lib/graficon64nodi/grafo9349.64,64,94,0,389,447,836,3108,7,0.113,0.1409,1,0.083
3763,Rome-Lib/graficon63nodi/grafo4923.63,63,96,0,454,522,976,4322,7,0.166,0.2055,1,0.113
3778,Rome-Lib/graficon62nodi/grafo9643.62,62,97,0,550,618,1168,6428,14,0.891,1.2753,1,0.166
3793,Rome-Lib/graficon65nodi/grafo1462.65,65,98,0,649,923,1572,8460,39,3.843,5.4891,1,0.268
3817,Rome-Lib/graficon63nodi/grafo4664.63,63,99,0,453,545,998,4058,11,0.385,0.4979,1,0.111
3826,Rome-Lib/graficon63nodi/grafo4532.63,63,99,0,420,477,897,3712,7,0.155,0.1873,1,0.099
3836,DAGmar/graphs/4.6/uniform_n20_e92_i6.graphml,20,94,31,1687,3966,5653,51942,774,60.036,136.7011,1,2.052
3837,DAGmar/graphs/1.6/uniform_n40_e64_i0.graphml,40,95,0,907,1416,2323,15148,80,41.614,70.1801,1,0.441
3838,DAGmar/graphs/4.6/uniform_n20_e92_i2.graphml,20,95,39,1849,4010,5859,62218,718,60.157,162.2005,1,2.733
3839,DAGmar/graphs/5.6/uniform_n20_e112_i9.graphml,20,96,127,1831,4939,6770,59626,1122,60.08,139.5485,1,2.429
3840,DAGmar/graphs/4.6/uniform_n20_e92_i9.graphml,20,99,51,1882,4253,6135,59936,834,60.027,138.6463,1,2.468
3842,north/g.48.16.graphml,48,90,1,597,801,1398,7284,32,0.71,0.9957,1,0.217
3843,north/g.90.3.graphml,90,90,0,914,83,997,16450,0,0.091,0.1168,1,0.499
3844,north/g.40.13.graphml,40,91,0,151,159,310,656,0,0.008,0.0046,1,0.021
3845,north/g.40.18.graphml,40,91,0,155,156,311,636,0,0.013,0.0047,1,0.021
3846,north/g.41.1.graphml,41,91,0,364,385,749,2924,1,0.062,0.0729,1,0.073
3847,north/g.47.32.graphml,47,91,0,260,231,491,1566,0,0.015,0.0129,1,0.041
3848,north/g.91.1.graphml,91,91,0,1125,938,2063,22258,0,0.111,0.1386,1,0.749
3850,north/g.44.5.graphml,44,92,15,461,224,685,5246,15,0.052,0.0544,1,0.133
3851,north/g.48.24.graphml,48,92,0,263,231,494,1572,0,0.013,0.0124,1,0.04
3852,north/g.53.13.graphml,53,92,4,601,1051,1652,7796,87,4.246,5.7768,1,0.262
3853,north/g.56.5.graphml,56,92,9,471,809,1280,5242,69,16.419,36.6586,1621,0.14
3854,north/g.52.1.graphml,52,93,0,81,77,158,228,0,0.027,0.0021,1,0.014
3855,north/g.71.5.graphml,71,93,1,391,516,907,3412,13,0.158,0.1903,1,0.085
3856,north/g.48.0.graphml,48,94,0,665,771,1436,8618,16,0.376,0.4822,1,0.245
3857,north/g.49.6.graphml,49,94,0,335,278,613,2208,1,0.052,0.0559,1,0.057
3858,north/g.75.4.graphml,75,94,0,491,678,1169,5130,14,0.205,0.2191,1,0.138
3859,north/g.84.2.graphml,84,94,0,1202,237,1439,30444,0,0.218,0.3014,1,1.047
3860,north/g.86.1.graphml,86,94,0,770,180,950,10024,1,0.115,0.1212,1,0.293
3861,north/g.94.3.graphml,94,94,39,1806,4073,5879,57518,476,60.032,123.3617,1,2.407
3862,north/g.95.2.graphml,95,95,0,514,394,908,4678,0,0.024,0.0223,1,0.129
3864,north/g.43.5.graphml,43,96,0,261,258,519,1452,0,0.009,0.0064,1,0.039
3865,north/g.44.10.graphml,44,96,0,161,164,325,676,0,0.01,0.0047,1,0.023
3866,north/g.48.6.graphml,48,96,0,331,373,704,2434,0,0.019,0.0199,1,0.067
3867,north/g.64.9.graphml,64,96,0,312,311,623,2224,1,0.034,0.0343,1,0.063
3868,north/g.91.0.graphml,91,96,0,703,83,786,8956,0,0.042,0.0518,1,0.271
3869,north/g.96.9.graphml,96,96,0,1005,682,1687,17274,0,0.115,0.1373,1,0.529
3870,north/g.44.9.graphml,44,97,0,261,258,519,1452,0,0.009,0.0064,1,0.039
3871,north/g.56.10.graphml,56,97,8,581,872,1453,6452,38,0.861,1.06,1,0.173
3872,north/g.47.1.graphml,47,99,0,631,714,1345,7144,10,0.193,0.2138,1,0.228
3873,north/g.88.0.graphml,88,99,0,1007,281,1288,17470,4,0.338,0.2851,1,0.574
3877,Rome-Lib/graficon67nodi/grafo9658.67,67,100,0,418,504,922,3424,7,0.102,0.143,1,0.094
3908,Rome-Lib/graficon67nodi/grafo4581.67,67,101,0,614,772,1386,7236,16,0.713,0.8876,1,0.217
3923,Rome-Lib/graficon65nodi/grafo9375.65,65,102,0,522,586,1108,5082,6,0.127,0.1617,1,0.139
3933,Rome-Lib/graficon67nodi/grafo1617.67,67,103,0,462,589,1051,4064,10,0.168,0.1988,1,0.151
3939,Rome-Lib/graficon71nodi/grafo9653.71,71,103,0,542,609,1151,5100,2,0.117,0.1343,1,0.159
3944,Rome-Lib/graficon64nodi/grafo4368.64,64,103,0,694,898,1592,8810,24,1.317,1.9099,1,0.267
3951,Rome-Lib/graficon64nodi/grafo4630.64,64,103,0,484,571,1055,4262,13,1.121,2.1171,266,0.118
3960,Rome-Lib/graficon64nodi/grafo9760.64,64,104,0,676,931,1607,8750,34,2.383,3.419,1,0.24
3978,Rome-Lib/graficon72nodi/grafo8369.72,72,105,0,506,600,1106,5414,6,0.132,0.1248,1,0.144
3979,Rome-Lib/graficon65nodi/grafo9118.65,65,105,0,618,793,1411,7106,11,0.295,0.3383,1,0.23
3987,Rome-Lib/graficon67nodi/grafo7890.67,67,105,0,581,651,1232,5816,5,0.238,0.3343,1,0.162
4011,Rome-Lib/graficon64nodi/grafo5007.64,64,106,0,749,919,1668,9358,20,0.747,1.1785,1,0.275
4012,Rome-Lib/graficon65nodi/grafo1513.65,65,106,1,621,862,1483,6868,30,1.529,2.0403,1,0.206
4025,Rome-Lib/graficon68nodi/grafo9746.68,68,106,0,731,885,1616,8574,22,25.106,67.896,3864,0.242
4037,Rome-Lib/graficon71nodi/grafo9830.71,71,106,1,837,1013,1850,11786,22,2.253,3.4067,1,0.365
4045,Rome-Lib/graficon63nodi/grafo9040.63,63,107,0,546,615,1161,5134,4,0.147,0.1879,1,0.178
4071,Rome-Lib/graficon65nodi/grafo1346.65,65,108,0,606,703,1309,6442,5,0.208,0.2306,1,0.192
4075,Rome-Lib/graficon67nodi/grafo1489.67,67,108,0,494,541,1035,4592,3,0.12,0.1559,1,0.123
4107,Rome-Lib/graficon63nodi/grafo4440.63,63,109,0,708,1009,1717,9018,24,0.979,1.3816,1,0.274
4114,Rome-Lib/graficon63nodi/grafo9360.63,63,109,0,791,1047,1838,11050,25,2.764,4.0667,1,0.322
4125,DAGmar/graphs/5.6/uniform_n20_e112_i0.graphml,20,106,77,2257,5645,7902,82128,1189,60.058,241.1449,1,4.039
4126,DAGmar/graphs/1.6/uniform_n40_e64_i9.graphml,40,107,5,1116,1669,2785,19578,81,60.099,150.4947,641,0.644
4127,DAGmar/graphs/5.6/uniform_n20_e112_i2.graphml,20,108,127,2367,5691,8058,88260,1233,60.01,252.8256,1,4.38
4128,north/g.42.5.graphml,42,100,174,1666,4059,5725,52316,751,60.024,123.5037,1,2.004
4129,north/g.52.2.graphml,52,100,0,178,194,372,758,0,0.008,0.0049,1,0.026
4130,north/g.62.5.graphml,62,100,1,553,246,799,6626,3,0.079,0.0698,1,0.201
4131,north/g.89.0.graphml,89,100,0,921,266,1187,14482,4,0.298,0.2768,1,0.458
4132,north/g.94.0.graphml,94,101,0,715,104,819,9418,0,0.065,0.0833,1,0.269
4133,north/g.96.5.graphml,96,101,0,738,141,879,10090,0,0.067,0.097,1,0.289
4134,north/g.100.3.graphml,100,101,0,1222,889,2111,23626,5,0.674,0.6236,1,0.846
4135,north/g.54.8.graphml,54,102,0,347,422,769,2754,2,0.065,0.0714,1,0.073
4136,north/g.56.0.graphml,56,102,0,316,252,568,1832,0,0.017,0.0134,1,0.052
4137,north/g.79.6.graphml,79,102,0,1314,348,1662,31994,4,1.577,1.8685,1,1.187
4138,north/g.57.28.graphml,57,103,8,664,1012,1676,7860,40,1.121,1.3288,1,0.239
4139,north/g.84.0.graphml,84,103,0,23,13,36,34,0,0.002,0.0001,0,0.014
4141,north/g.47.16.graphml,47,105,1,451,578,1029,4138,21,0.301,0.3823,1,0.11
4144,north/g.44.1.graphml,44,106,0,558,585,1143,5534,10,0.267,0.3266,1,0.15
4145,north/g.56.11.graphml,56,106,0,389,479,868,3250,2,0.061,0.0686,1,0.087
4146,north/g.68.1.graphml,68,106,0,459,205,664,3404,0,0.026,0.0255,1,0.093
4147,north/g.96.4.graphml,96,106,0,1122,305,1427,22376,0,0.141,0.1853,1,0.828
4150,north/g.51.2.graphml,51,107,0,632,674,1306,6580,4,0.163,0.1845,1,0.183
4151,north/g.41.13.graphml,41,108,15,735,1051,1786,9206,38,0.503,0.5819,1,0.256
4152,north/g.44.3.graphml,44,108,0,659,673,1332,7090,1,0.18,0.2425,1,0.195
4153,north/g.64.16.graphml,64,108,0,290,270,560,1576,0,0.012,0.0091,1,0.043
4154,north/g.64.14.graphml,64,108,0,290,270,560,1576,0,0.01,0.0087,1,0.044
4156,north/g.74.2.graphml,74,109,0,1896,2441,4337,61022,109,9.689,24.39,1,2.497
4157,Rome-Lib/graficon63nodi/grafo1517.63,63,110,0,630,721,1351,7062,5,0.225,0.2707,1,0.196
4163,Rome-Lib/graficon64nodi/grafo7471.64,64,110,1,585,709,1294,5954,12,0.2,0.2425,1,0.167
4166,Rome-Lib/graficon71nodi/grafo9620.71,71,110,1,1019,1407,2426,16052,44,12.841,22.1277,1,0.493
4173,Rome-Lib/graficon63nodi/grafo9365.63,63,110,0,787,1029,1816,10118,23,2.027,2.6964,1,0.292
4178,Rome-Lib/graficon65nodi/grafo9121.65,65,111,0,890,1201,2091,12586,30,3.668,5.8261,1,0.434
4181,Rome-Lib/graficon70nodi/grafo9078.70,70,111,0,867,1138,2005,11786,39,60.021,185.534,2405,0.391
4185,Rome-Lib/graficon63nodi/grafo2914.63,63,111,0,743,941,1684,9056,29,19.118,47.4489,2676,0.288
4198,Rome-Lib/graficon65nodi/grafo9488.65,65,111,0,450,532,982,3540,11,0.468,0.5733,1,0.102
4202,Rome-Lib/graficon62nodi/grafo9637.62,62,112,0,685,904,1589,7692,28,1.405,1.8578,1,0.217
4204,Rome-Lib/graficon64nodi/grafo9060.64,64,112,1,783,990,1773,10310,26,33.046,93.2635,2619,0.344
4221,Rome-Lib/graficon66nodi/grafo9029.66,66,113,0,475,533,1008,3788,5,0.15,0.1821,1,0.11
4229,Rome-Lib/graficon71nodi/grafo8504.71,71,113,1,683,874,1557,7726,21,2.371,4.0099,56,0.239
4232,Rome-Lib/graficon71nodi/grafo7809.71,71,113,0,504,587,1091,4434,9,0.217,0.2658,1,0.12
4237,Rome-Lib/graficon65nodi/grafo4377.65,65,113,0,805,989,1794,9982,19,2.165,3.1585,1,0.328
4244,Rome-Lib/graficon70nodi/grafo4755.70,70,114,0,946,1275,2221,13736,35,4.248,7.4185,1,0.483
4246,Rome-Lib/graficon64nodi/grafo9057.64,64,114,0,720,1012,1732,9404,32,2.345,3.5539,1,0.29
4247,Rome-Lib/graficon66nodi/grafo1564.66,66,114,0,748,948,1696,8870,16,0.913,1.2236,1,0.259
4249,Rome-Lib/graficon63nodi/grafo9168.63,63,114,0,640,860,1500,6850,26,60.018,222.5386,8014,0.19
4257,Rome-Lib/graficon67nodi/grafo5147.67,67,114,1,842,1129,1971,11196,35,60.024,199.3152,2112,0.345
4263,Rome-Lib/graficon66nodi/grafo4521.66,66,115,0,911,1217,2128,13712,28,1.525,2.1712,1,0.435
4273,Rome-Lib/graficon66nodi/grafo9209.66,66,115,0,484,578,1062,3814,12,0.178,0.2198,1,0.117
4277,Rome-Lib/graficon64nodi/grafo4238.64,64,115,0,906,1225,2131,12364,41,6.266,9.4911,1,0.378
4283,Rome-Lib/graficon65nodi/grafo4349.65,65,115,0,759,934,1693,8636,30,0.991,1.4504,1,0.285
4285,Rome-Lib/graficon68nodi/grafo6622.68,68,115,0,450,495,945,3216,4,0.084,0.0872,1,0.087
4293,Rome-Lib/graficon64nodi/grafo9559.64,64,116,0,938,1206,2144,12834,26,1.916,2.7775,1,0.388
4294,Rome-Lib/graficon75nodi/grafo8056.75,75,116,0,767,899,1666,8798,15,2.09,2.687,1,0.254
4298,Rome-Lib/graficon65nodi/grafo9361.65,65,116,0,720,915,1635,8256,21,3.036,4.1318,1,0.237
4300,Rome-Lib/graficon72nodi/grafo8392.72,72,116,0,718,895,1613,7968,20,1.2,1.8328,1,0.246
4304,Rome-Lib/graficon64nodi/grafo4987.64,64,116,0,700,812,1512,8136,14,1.039,1.4803,1,0.259
4306,Rome-Lib/graficon71nodi/grafo8883.71,71,116,0,844,1042,1886,10716,23,5.904,10.8029,37,0.319
4307,Rome-Lib/graficon65nodi/grafo1527.65,65,117,0,530,629,1159,4710,9,0.26,0.3066,1,0.129
4321,Rome-Lib/graficon62nodi/grafo9820.62,62,117,1,700,937,1637,8364,44,5.234,7.1469,1,0.229
4327,Rome-Lib/graficon64nodi/grafo6669.64,64,117,0,897,1210,2107,12998,40,60.016,192.4834,953,0.414
4328,Rome-Lib/graficon64nodi/grafo9467.64,64,117,0,547,611,1158,4818,8,0.255,0.3329,1,0.132
4330,Rome-Lib/graficon64nodi/grafo9098.64,64,117,0,517,623,1140,4866,15,0.251,0.3146,1,0.132
4334,Rome-Lib/graficon67nodi/grafo7507.67,67,117,1,951,1181,2132,13610,17,0.924,1.4841,1,0.411
4338,Rome-Lib/graficon71nodi/grafo8270.71,71,118,1,810,1048,1858,9946,22,1.134,1.5769,1,0.329
4354,Rome-Lib/graficon67nodi/grafo1443.67,67,118,0,786,933,1719,9360,22,2.36,3.3994,1,0.277
4358,Rome-Lib/graficon65nodi/grafo8239.65,65,118,0,1101,1630,2731,18704,58,60.018,196.2433,333,0.599
4359,Rome-Lib/graficon66nodi/grafo7850.66,66,118,0,743,892,1635,8332,26,0.812,1.1456,1,0.237
4362,Rome-Lib/graficon66nodi/grafo1414.66,66,118,0,884,1031,1915,11654,18,2.706,4.1194,1,0.371
4365,Rome-Lib/graficon64nodi/grafo4563.64,64,118,1,1170,1685,2855,19868,56,60.027,192.577,405,0.677
4367,Rome-Lib/graficon66nodi/grafo9388.66,66,118,0,710,849,1559,7404,16,0.938,1.2555,1,0.211
4371,Rome-Lib/graficon65nodi/grafo9470.65,65,119,0,1005,1357,2362,14374,44,4.34,7.7369,1,0.499
4379,Rome-Lib/graficon68nodi/grafo9749.68,68,119,0,740,824,1564,8120,14,0.857,1.2407,1,0.237
4380,Rome-Lib/graficon63nodi/grafo9085.63,63,119,0,847,1149,1996,11360,24,1.01,1.3116,1,0.325
4385,Rome-Lib/graficon69nodi/grafo4270.69,69,119,0,693,788,1481,8284,11,0.49,0.6593,1,0.258
4386,Rome-Lib/graficon66nodi/grafo4656.66,66,119,0,751,874,1625,8426,15,1.655,2.5758,1,0.243
4390,Rome-Lib/graficon72nodi/grafo8254.72,72,119,0,712,796,1508,8688,14,1.176,1.8657,1,0.237
4391,Rome-Lib/graficon71nodi/grafo9376.71,71,119,0,708,851,1559,7860,15,0.769,1.1235,1,0.222
4397,Rome-Lib/graficon63nodi/grafo7538.63,63,119,0,547,677,1224,5106,16,0.337,0.4313,1,0.139
4398,DAGmar/graphs/4.6/uniform_n20_e92_i3.graphml,20,111,22,2389,4872,7261,83646,852,60.013,262.5283,1,4.017
4399,DAGmar/graphs/1.6/uniform_n40_e64_i4.graphml,40,114,0,1313,1883,3196,25024,62,60.008,167.8138,176,0.91
4400,DAGmar/graphs/1.6/uniform_n40_e64_i2.graphml,40,118,0,1469,1933,3402,30322,84,60.018,158.582,1,1.121
4402,north/g.75.7.graphml,75,110,0,398,284,682,2850,0,0.02,0.0194,1,0.076
4403,north/g.75.6.graphml,75,110,0,398,284,682,2850,0,0.017,0.0194,1,0.076
4405,north/g.40.16.graphml,40,111,0,190,190,380,762,0,0.007,0.0053,1,0.027
4406,north/g.89.1.graphml,89,111,0,1644,413,2057,47848,4,1.568,1.683,1,1.86
4407,north/g.44.19.graphml,44,112,10,1209,1724,2933,22608,75,6.133,14.3194,1,0.824
4408,north/g.79.1.graphml,79,112,0,1807,32,1839,68566,0,0.269,0.4955,0,2.946
4409,north/g.85.2.graphml,85,112,126,350,1297,1647,4296,248,2.946,3.9945,1,0.112
4410,north/g.41.2.graphml,41,113,0,480,535,1015,3708,1,0.083,0.0936,1,0.1
4411,north/g.57.29.graphml,57,113,5,713,1122,1835,8344,39,0.688,0.8016,1,0.237
4412,north/g.42.26.graphml,42,114,0,232,227,459,1044,0,0.01,0.0086,1,0.031
4413,north/g.42.25.graphml,42,114,0,232,227,459,1044,0,0.009,0.0088,1,0.031
4414,north/g.48.3.graphml,48,114,0,902,1082,1984,13864,17,0.8,1.1828,1,0.421
4415,north/g.74.1.graphml,74,114,3,593,500,1093,5008,3,0.049,0.0492,1,0.137
4416,north/g.41.9.graphml,41,115,3,928,862,1790,12894,25,0.487,0.5074,1,0.391
4417,north/g.49.5.graphml,49,115,0,704,745,1449,7404,1,0.213,0.3095,1,0.21
4418,north/g.75.0.graphml,75,115,3,603,512,1115,5122,3,0.048,0.0455,1,0.153
4419,north/g.96.3.graphml,96,115,0,964,323,1287,15660,2,0.215,0.2562,1,0.516
4420,north/g.42.23.graphml,42,116,3,952,881,1833,13484,25,0.555,0.6462,1,0.435
4421,north/g.46.17.graphml,46,116,1,606,607,1213,5502,3,0.103,0.1066,1,0.151
4422,north/g.47.6.graphml,47,116,0,149,155,304,516,0,0.011,0.0039,1,0.023
4423,north/g.58.10.graphml,58,116,9,751,1271,2022,9094,55,1.027,1.4502,1,0.26
4424,north/g.43.8.graphml,43,118,0,221,245,466,968,2,0.017,0.0129,1,0.032
4425,north/g.47.25.graphml,47,118,1,626,632,1258,5730,3,0.136,0.163,1,0.158
4434,Rome-Lib/graficon68nodi/grafo8048.68,68,120,0,1036,1473,2509,17886,48,60.079,192.3869,1031,0.588
4438,Rome-Lib/graficon65nodi/grafo4121.65,65,120,0,810,1047,1857,10822,31,60.027,198.1296,2946,0.309
4439,Rome-Lib/graficon66nodi/grafo4514.66,66,120,1,829,1015,1844,11146,20,2.348,3.3968,1,0.329
4444,Rome-Lib/graficon83nodi/grafo4536.83,83,120,0,862,1180,2042,11552,41,24.546,73.6627,793,0.381
4450,Rome-Lib/graficon71nodi/grafo9125.71,71,121,0,755,890,1645,8138,11,0.607,0.9433,1,0.242
4453,Rome-Lib/graficon70nodi/grafo8520.70,70,121,0,1142,1545,2687,18442,49,20.103,38.6085,1,0.638
4454,Rome-Lib/graficon64nodi/grafo4509.64,64,121,0,791,956,1747,9626,22,1.134,1.8586,1,0.283
4455,Rome-Lib/graficon66nodi/grafo8992.66,66,121,0,1046,1532,2578,16708,77,60.011,169.4295,292,0.541
4458,Rome-Lib/graficon76nodi/grafo7967.76,76,121,0,1204,1699,2903,21940,44,9.051,21.2281,1,0.697
4461,Rome-Lib/graficon69nodi/grafo7284.69,69,121,0,611,817,1428,6462,26,1.215,1.666,1,0.206
4462,Rome-Lib/graficon69nodi/grafo4408.69,69,121,0,960,1228,2188,14218,34,59.236,188.7483,3066,0.462
4466,Rome-Lib/graficon63nodi/grafo4249.63,63,122,0,863,1164,2027,11052,29,1.363,1.9744,1,0.33
4478,Rome-Lib/graficon64nodi/grafo3706.64,64,122,0,1019,1566,2585,16328,65,48.76,143.2874,206,0.549
4483,Rome-Lib/graficon64nodi/grafo9659.64,64,122,0,934,1225,2159,12842,27,3.092,4.4347,1,0.41
4484,Rome-Lib/graficon64nodi/grafo9633.64,64,122,0,859,1182,2041,12078,39,9.471,14.6691,1,0.366
4492,Rome-Lib/graficon67nodi/grafo9668.67,67,123,0,748,906,1654,8914,21,3.136,4.3509,1,0.244
4495,Rome-Lib/graficon78nodi/grafo9372.78,78,123,0,1197,1726,2923,21856,62,60.026,178.2817,327,0.731
4498,Rome-Lib/graficon81nodi/grafo4176.81,81,123,0,1309,1731,3040,23976,40,37.162,90.4231,73,0.894
4501,Rome-Lib/graficon69nodi/grafo8391.69,69,123,0,727,911,1638,7810,11,0.599,0.7402,1,0.218
4504,Rome-Lib/graficon75nodi/grafo8507.75,75,123,0,684,792,1476,6882,11,0.685,0.7827,1,0.211
4512,Rome-Lib/graficon73nodi/grafo6710.73,73,124,1,980,1346,2326,14364,39,5.302,8.8626,1,0.459
4522,Rome-Lib/graficon63nodi/grafo4578.63,63,124,0,804,1029,1833,10396,27,5.998,9.0311,1,0.325
4523,Rome-Lib/graficon68nodi/grafo9700.68,68,124,0,891,1184,2075,11528,30,5.641,11.0943,74,0.337
4524,Rome-Lib/graficon73nodi/grafo9705.73,73,124,1,782,958,1740,9080,20,1.481,1.9394,1,0.267
4532,Rome-Lib/graficon71nodi/grafo8535.71,71,124,1,822,1115,1937,11246,45,60.02,186.9066,1563,0.329
4536,Rome-Lib/graficon65nodi/grafo4828.65,65,125,0,927,1219,2146,12862,23,2.548,3.5432,1,0.421
4538,Rome-Lib/graficon67nodi/grafo9162.67,67,125,0,1164,1581,2745,19522,39,13.64,25.396,1,0.631
4543,Rome-Lib/graficon69nodi/grafo8988.69,69,125,0,666,751,1417,6806,10,0.455,0.5473,1,0.196
4555,Rome-Lib/graficon68nodi/grafo9378.68,68,125,0,733,880,1613,7858,13,0.453,0.6426,1,0.257
4556,Rome-Lib/graficon64nodi/grafo9716.64,64,125,0,724,880,1604,7534,20,3.401,7.6821,339,0.23
4558,Rome-Lib/graficon62nodi/grafo9598.62,62,125,0,1044,1228,2272,14952,14,1.565,2.7601,1,0.467
4559,Rome-Lib/graficon65nodi/grafo9219.65,65,125,0,904,1184,2088,12184,37,60.025,187.4096,1874,0.366
4563,Rome-Lib/graficon79nodi/grafo4179.79,79,126,0,886,1126,2012,10986,26,39.852,115.2175,1689,0.365
4564,Rome-Lib/graficon69nodi/grafo9667.69,69,126,0,938,1213,2151,13766,25,2.029,3.789,1,0.425
4566,Rome-Lib/graficon64nodi/grafo4385.64,64,126,0,869,1161,2030,11200,30,4.559,6.5603,1,0.341
4567,Rome-Lib/graficon63nodi/grafo9385.63,63,126,0,815,1045,1860,9474,26,2.419,3.4377,1,0.308
4572,Rome-Lib/graficon63nodi/grafo5858.63,63,126,0,902,1110,2012,12592,24,4.473,6.8373,1,0.373
4578,Rome-Lib/graficon71nodi/grafo6430.71,71,126,0,782,909,1691,9228,11,0.881,1.3028,1,0.26
4580,Rome-Lib/graficon80nodi/grafo9560.80,80,127,0,1359,1831,3190,25388,64,60.016,187.7747,115,0.92
4581,Rome-Lib/graficon73nodi/grafo7979.73,73,127,0,968,1337,2305,13760,40,13.294,28.7778,199,0.427
4583,Rome-Lib/graficon67nodi/grafo9571.67,67,127,0,767,871,1638,9028,13,1.954,2.8923,1,0.288
4587,Rome-Lib/graficon66nodi/grafo9266.66,66,127,0,1177,1587,2764,18858,47,11.915,25.0219,1,0.669
4588,Rome-Lib/graficon74nodi/grafo8577.74,74,127,0,666,853,1519,6902,21,1.268,2.1154,31,0.19
4589,Rome-Lib/graficon66nodi/grafo8998.66,66,127,0,1382,2161,3543,26820,111,60.048,135.9423,54,0.963
4591,Rome-Lib/graficon74nodi/grafo7149.74,74,127,1,770,949,1719,8724,14,1.232,1.5481,1,0.25
4593,Rome-Lib/graficon65nodi/grafo9059.65,65,127,1,964,1209,2173,13114,35,60.045,190.5875,1279,0.437
4595,Rome-Lib/graficon63nodi/grafo3489.63,63,127,0,960,1244,2204,13064,43,25.284,61.8041,292,0.438
4597,Rome-Lib/graficon74nodi/grafo8195.74,74,127,0,796,915,1711,9578,12,1.159,1.8015,1,0.275
4598,Rome-Lib/graficon71nodi/grafo7802.71,71,127,0,856,1093,1949,9744,29,2.605,3.7947,1,0.289
4599,Rome-Lib/graficon63nodi/grafo3204.63,63,128,0,1076,1468,2544,16788,40,12.38,19.8887,1,0.558
4600,Rome-Lib/graficon63nodi/grafo4684.63,63,128,0,894,1104,1998,11022,21,2.769,4.242,1,0.329
4602,Rome-Lib/graficon71nodi/grafo9009.71,71,128,0,822,996,1818,10170,18,1.787,2.6488,1,0.287
4604,Rome-Lib/graficon65nodi/grafo9519.65,65,128,0,654,867,1521,6712,22,0.5,0.6767,1,0.217
4610,Rome-Lib/graficon69nodi/grafo7516.69,69,128,0,875,1111,1986,11204,36,11.501,19.3795,51,0.329
4612,Rome-Lib/graficon68nodi/grafo4472.68,68,128,1,732,946,1678,8196,21,0.926,1.2451,1,0.231
4614,Rome-Lib/graficon72nodi/grafo9235.72,72,128,0,1166,1549,2715,18982,54,60.024,178.1884,337,0.678
4621,Rome-Lib/graficon73nodi/grafo8679.73,73,129,0,847,1051,1898,10488,19,2.242,3.1496,1,0.333
4622,Rome-Lib/graficon78nodi/grafo9752.78,78,129,0,1072,1383,2455,15992,23,7.026,11.8253,1,0.524
4623,Rome-Lib/graficon68nodi/grafo9145.68,68,129,0,964,1200,2164,13430,23,4.6,6.9908,1,0.458
4624,Rome-Lib/graficon63nodi/grafo9110.63,63,129,1,1069,1425,2494,16278,37,8.07,14.0035,1,0.508
4631,Rome-Lib/graficon67nodi/grafo5107.67,67,129,0,850,1028,1878,11284,15,0.481,0.5779,1,0.353
4632,Rome-Lib/graficon70nodi/grafo9297.70,70,129,0,1068,1443,2511,15744,48,13.357,21.3222,1,0.474
4636,DAGmar/graphs/1.6/uniform_n40_e64_i7.graphml,40,120,1,1512,2073,3585,31312,69,60.024,128.6059,1,1.185
4637,DAGmar/graphs/1.6/uniform_n40_e64_i8.graphml,40,128,0,1693,2295,3988,37252,68,55.462,149.4972,1,1.412
4639,north/g.86.0.graphml,86,120,0,329,325,654,2086,0,0.018,0.014,1,0.092
4640,north/g.43.7.graphml,43,121,0,300,333,633,1550,1,0.041,0.0403,1,0.052
4642,north/g.44.15.graphml,44,122,0,227,251,478,988,2,0.018,0.014,1,0.037
4643,north/g.58.4.graphml,58,122,4,1264,1569,2833,23240,67,2.309,4.8332,1,0.783
4644,north/g.75.5.graphml,75,122,0,559,404,963,5790,0,0.046,0.057,1,0.173
4645,north/g.69.0.graphml,69,123,0,351,314,665,1922,0,0.016,0.0168,1,0.061
4646,north/g.48.19.graphml,48,124,1,689,690,1379,6486,3,0.141,0.1616,1,0.229
4647,north/g.81.15.graphml,81,124,0,503,472,975,3718,0,0.025,0.0292,1,0.102
4649,north/g.44.11.graphml,44,125,0,303,335,638,1534,1,0.042,0.0452,1,0.048
4650,north/g.46.16.graphml,46,125,1,643,640,1283,5748,3,0.125,0.1264,1,0.169
4651,north/g.47.3.graphml,47,125,0,352,396,748,2020,3,0.055,0.0606,1,0.057
4653,north/g.83.3.graphml,83,126,0,332,251,583,1572,0,0.015,0.011,1,0.047
4656,north/g.63.1.graphml,63,127,0,722,839,1561,8048,9,0.24,0.2798,1,0.246
4657,north/g.43.1.graphml,43,128,0,684,453,1137,7784,2,0.146,0.1453,1,0.214
4658,north/g.61.55.graphml,61,128,1,910,936,1846,11622,10,0.533,0.6756,1,0.39
4659,north/g.61.54.graphml,61,128,1,910,936,1846,11622,10,0.628,0.8441,1,0.379
4660,north/g.63.0.graphml,63,128,0,608,701,1309,5838,6,0.147,0.1744,1,0.158
4661,north/g.58.6.graphml,58,129,1,764,620,1384,7868,3,0.134,0.1253,1,0.245
4662,north/g.77.5.graphml,77,129,4,842,1345,2187,10842,59,5.173,6.954,1,0.354
4663,Rome-Lib/graficon70nodi/grafo4152.70,70,130,0,645,808,1453,6740,14,0.427,0.5099,1,0.18
4664,Rome-Lib/graficon76nodi/grafo4692.76,76,130,0,1073,1506,2579,16184,46,11.386,20.1786,1,0.51
4669,Rome-Lib/graficon83nodi/grafo8245.83,83,130,0,1271,1671,2942,21466,44,60.024,181.401,474,0.77
4671,Rome-Lib/graficon65nodi/grafo9272.65,65,130,0,859,1070,1929,11038,22,1.855,2.548,1,0.336
4675,Rome-Lib/graficon65nodi/grafo4904.65,65,130,0,880,990,1870,10878,5,0.539,0.8451,1,0.362
4677,Rome-Lib/graficon64nodi/grafo9233.64,64,130,0,780,996,1776,8770,19,0.508,0.6197,1,0.288
4680,Rome-Lib/graficon69nodi/grafo9369.69,69,130,0,845,1030,1875,9572,20,23.988,68.4529,5067,0.34
4682,Rome-Lib/graficon72nodi/grafo4822.72,72,130,0,1212,1731,2943,20888,57,60.007,197.2553,472,0.671
4691,Rome-Lib/graficon69nodi/grafo9287.69,69,130,0,992,1309,2301,13968,41,5.146,8.8867,1,0.449
4692,Rome-Lib/graficon69nodi/grafo6997.69,69,130,0,992,1309,2301,13968,41,5.394,8.8867,1,0.474
4693,Rome-Lib/graficon64nodi/grafo5067.64,64,131,0,980,1199,2179,12856,18,1.727,2.6712,1,0.396
4694,Rome-Lib/graficon66nodi/grafo1298.66,66,131,0,911,1089,2000,11002,20,2.849,4.8189,1,0.374
4695,Rome-Lib/graficon68nodi/grafo9157.68,68,131,0,1045,1342,2387,14378,39,60.045,205.1022,1528,0.47
4696,Rome-Lib/graficon69nodi/grafo9466.69,69,131,0,1265,1507,2772,21296,24,5.253,10.9988,1,0.752
4698,Rome-Lib/graficon64nodi/grafo4307.64,64,131,1,731,854,1585,7560,13,0.522,0.6103,1,0.243
4700,Rome-Lib/graficon74nodi/grafo8509.74,74,131,1,893,1081,1974,11174,10,0.523,0.6776,1,0.331
4702,Rome-Lib/graficon66nodi/grafo9011.66,66,131,0,961,1205,2166,12628,34,6.577,9.7363,1,0.386
4708,Rome-Lib/graficon70nodi/grafo9841.70,70,131,0,1125,1582,2707,16388,55,60.039,168.0531,1801,0.545
4709,Rome-Lib/graficon70nodi/grafo8234.70,70,131,0,855,1068,1923,9902,22,1.296,1.6297,1,0.3
4710,Rome-Lib/graficon69nodi/grafo9741.69,69,131,1,1074,1471,2545,15160,42,16.114,41.8591,88,0.482
4712,Rome-Lib/graficon75nodi/grafo7926.75,75,131,0,1136,1448,2584,18278,26,6.575,15.7707,1,0.632
4713,Rome-Lib/graficon67nodi/grafo9754.67,67,131,0,1337,1859,3196,23188,51,16.315,32.4027,1,0.801
4715,Rome-Lib/graficon69nodi/grafo1568.69,69,131,0,951,1214,2165,13106,16,1.22,2.1093,1,0.428
4717,Rome-Lib/graficon66nodi/grafo4737.66,66,132,0,1010,1263,2273,13426,28,3.681,6.1162,1,0.414
4718,Rome-Lib/graficon66nodi/grafo9302.66,66,132,0,583,683,1266,5140,14,0.448,0.5487,1,0.143
4721,Rome-Lib/graficon63nodi/grafo7806.63,63,132,1,943,1161,2104,11686,14,1.052,1.3408,1,0.391
4722,Rome-Lib/graficon63nodi/grafo9563.63,63,132,0,1208,1509,2717,19034,39,16.55,35.6446,1,0.644
4723,Rome-Lib/graficon64nodi/grafo9207.64,64,132,2,1388,2169,3557,26740,109,60.023,135.1361,1,0.912
4726,Rome-Lib/graficon66nodi/grafo1180.66,66,132,0,917,1150,2067,11322,21,1.096,1.4871,1,0.345
4731,Rome-Lib/graficon67nodi/grafo4153.67,67,132,0,1100,1472,2572,16192,38,9.227,15.3161,1,0.547
4732,Rome-Lib/graficon67nodi/grafo9688.67,67,132,0,983,1193,2176,13806,22,3.185,5.1717,1,0.468
4734,Rome-Lib/graficon80nodi/grafo9743.80,80,132,2,820,979,1799,9252,21,5.213,6.8885,1,0.273
4735,Rome-Lib/graficon65nodi/grafo9417.65,65,132,0,886,1136,2022,11248,12,0.912,1.4719,1,0.334
4736,Rome-Lib/graficon69nodi/grafo8072.69,69,132,0,725,845,1570,6894,15,0.826,1.0598,1,0.224
4741,Rome-Lib/graficon75nodi/grafo4683.75,75,133,0,816,930,1746,9022,17,1.501,2.3465,1,0.281
4743,Rome-Lib/graficon68nodi/grafo1575.68,68,133,0,722,827,1549,7464,13,0.559,0.7424,1,0.217
4744,Rome-Lib/graficon66nodi/grafo4727.66,66,133,0,1103,1410,2513,15956,27,60.101,185.0627,1763,0.516
4751,Rome-Lib/graficon65nodi/grafo2694.65,65,133,0,780,916,1696,9250,18,1.452,2.1077,1,0.305
4752,Rome-Lib/graficon70nodi/grafo9649.70,70,133,0,921,1068,1989,11322,12,0.959,1.1879,1,0.358
4753,Rome-Lib/graficon70nodi/grafo1381.70,70,133,1,610,772,1382,5760,9,0.176,0.1669,1,0.162
4756,Rome-Lib/graficon77nodi/grafo5928.77,77,134,0,1241,1464,2705,18856,24,7.19,14.2297,1,0.716
4757,Rome-Lib/graficon69nodi/grafo7954.69,69,134,0,1427,2001,3428,26888,85,60.019,138.2161,1,0.982
4760,Rome-Lib/graficon79nodi/grafo9612.79,79,134,0,1043,1260,2303,14112,18,27.305,85.1959,659,0.468
4763,Rome-Lib/graficon63nodi/grafo4702.63,63,134,0,1264,1738,3002,20688,68,60.008,177.124,61,0.701
4765,Rome-Lib/graficon71nodi/grafo9173.71,71,134,1,1302,1888,3190,23990,72,36.313,78.9323,1,0.83
4766,Rome-Lib/graficon69nodi/grafo9801.69,69,134,0,1027,1246,2273,13824,29,9.18,14.566,1,0.489
4768,Rome-Lib/graficon64nodi/grafo5079.64,64,134,0,752,925,1677,7748,18,1.883,3.1225,19,0.241
4771,Rome-Lib/graficon63nodi/grafo9400.63,63,134,2,788,1061,1849,8390,28,1.766,2.3583,1,0.243
4772,Rome-Lib/graficon66nodi/grafo9562.66,66,135,0,1026,1392,2418,14354,46,60.03,189.1551,2438,0.463
4773,Rome-Lib/graficon69nodi/grafo8026.69,69,135,0,586,650,1236,4874,5,0.198,0.2735,1,0.132
4776,Rome-Lib/graficon66nodi/grafo9283.66,66,135,1,869,1162,2031,11426,40,4.697,6.5514,1,0.376
4777,Rome-Lib/graficon77nodi/grafo6573.77,77,135,0,850,1020,1870,9668,21,1.745,2.2787,1,0.355
4778,Rome-Lib/graficon78nodi/grafo9439.78,78,135,0,1271,1719,2990,21054,43,23.77,52.5608,25,0.704
4779,Rome-Lib/graficon72nodi/grafo7505.72,72,135,0,911,1108,2019,11998,25,0.589,0.6918,1,0.371
4780,Rome-Lib/graficon69nodi/grafo8382.69,69,135,1,579,700,1279,4868,11,0.269,0.303,1,0.167
4789,Rome-Lib/graficon67nodi/grafo1518.67,67,135,1,1021,1272,2293,14160,29,60.086,174.5768,3408,0.429
4792,Rome-Lib/graficon75nodi/grafo4519.75,75,136,0,1147,1518,2665,17566,27,4.751,7.4217,1,0.567
4794,Rome-Lib/graficon72nodi/grafo7873.72,72,136,0,936,1333,2269,12052,26,1.37,1.7007,1,0.391
4796,Rome-Lib/graficon77nodi/grafo4393.77,77,136,0,803,1050,1853,8420,28,1.201,1.529,1,0.266
4797,Rome-Lib/graficon65nodi/grafo4981.65,65,136,0,867,1019,1886,10380,17,1.158,1.5097,1,0.298
4798,Rome-Lib/graficon64nodi/grafo6444.64,64,136,0,869,1083,1952,10264,29,3.558,4.9682,1,0.303
4800,Rome-Lib/graficon72nodi/grafo9808.72,72,136,0,1108,1412,2520,15826,32,6.224,9.9578,1,0.541
4801,Rome-Lib/graficon81nodi/grafo4257.81,81,136,1,1087,1603,2690,19300,65,21.564,46.4655,1,0.565
4802,Rome-Lib/graficon67nodi/grafo9288.67,67,136,0,1388,1939,3327,24580,55,60.009,204.8759,140,0.887
4803,Rome-Lib/graficon65nodi/grafo9444.65,65,137,0,1120,1681,2801,17026,55,60.018,190.2502,1003,0.547
4804,Rome-Lib/graficon79nodi/grafo9491.79,79,137,0,1289,1557,2846,21762,27,12.381,30.4588,1,0.777
4813,Rome-Lib/graficon65nodi/grafo6280.65,65,137,0,988,1160,2148,12022,24,1.074,1.7403,1,0.378
4814,Rome-Lib/graficon67nodi/grafo7882.67,67,137,1,835,959,1794,9368,11,0.623,0.749,1,0.312
4816,Rome-Lib/graficon76nodi/grafo7821.76,76,137,0,1050,1378,2428,13556,49,60.019,183.7878,609,0.476
4819,Rome-Lib/graficon69nodi/grafo7832.69,69,137,0,883,1189,2072,10484,37,2.625,3.9548,1,0.359
4821,Rome-Lib/graficon74nodi/grafo9590.74,74,137,0,1012,1383,2395,13216,47,60.027,198.9993,719,0.441
4822,Rome-Lib/graficon80nodi/grafo9582.80,80,138,0,1079,1427,2506,14364,32,60.058,137.875,1672,0.504
4825,Rome-Lib/graficon66nodi/grafo4881.66,66,138,0,885,1012,1897,10002,17,1.186,1.7355,1,0.324
4827,Rome-Lib/graficon67nodi/grafo8161.67,67,138,0,1027,1265,2292,13018,29,5.066,7.9735,1,0.456
4829,Rome-Lib/graficon67nodi/grafo9382.67,67,138,0,872,1045,1917,10936,24,3.667,5.1146,1,0.314
4834,Rome-Lib/graficon70nodi/grafo8047.70,70,138,0,1297,1878,3175,22038,70,60.009,150.1297,61,0.737
4836,Rome-Lib/graficon66nodi/grafo9578.66,66,138,0,990,1222,2212,12536,29,5.494,8.045,1,0.416
4837,Rome-Lib/graficon64nodi/grafo4413.64,64,138,1,831,1047,1878,8826,20,1.093,1.3259,1,0.264
4841,Rome-Lib/graficon79nodi/grafo6720.79,79,139,1,1013,1331,2344,13292,41,60.027,191.8488,1281,0.429
4842,Rome-Lib/graficon76nodi/grafo8124.76,76,139,1,1146,1526,2672,16968,30,6.405,10.1714,1,0.563
4844,Rome-Lib/graficon70nodi/grafo7877.70,70,139,1,751,936,1687,7566,18,0.43,0.5484,1,0.219
4845,Rome-Lib/graficon67nodi/grafo9255.67,67,139,0,1026,1231,2257,13024,28,60.018,204.6434,1115,0.434
4847,Rome-Lib/graficon73nodi/grafo4470.73,73,139,0,1168,1572,2740,18522,52,60.032,166.2233,1267,0.638
4849,Rome-Lib/graficon64nodi/grafo5069.64,64,139,0,949,1123,2072,11788,18,2.295,4.1199,1,0.392
4850,Rome-Lib/graficon76nodi/grafo5285.76,76,139,0,1235,1523,2758,20530,26,41.17,128.8205,475,0.719
4852,Rome-Lib/graficon66nodi/grafo4625.66,66,139,0,927,1139,2066,10946,27,2.516,3.5766,1,0.33
4856,Rome-Lib/graficon69nodi/grafo7938.69,69,139,0,1083,1442,2525,16040,48,60.025,178.3976,704,0.503
4861,Rome-Lib/graficon71nodi/grafo9805.71,71,139,0,793,984,1777,8712,20,1.724,2.3013,22,0.246
4862,DAGmar/graphs/1.6/uniform_n40_e64_i5.graphml,40,130,0,1815,2357,4172,40454,143,60.027,173.6584,1,1.639
4863,DAGmar/graphs/5.6/uniform_n20_e112_i8.graphml,20,130,50,3357,7197,10554,138984,1354,60.017,259.6038,1,8.239
4864,DAGmar/graphs/1.6/uniform_n40_e64_i3.graphml,40,136,0,1976,2562,4538,46334,148,60.029,188.9367,1,2.05
4865,north/g.47.5.graphml,47,130,0,355,408,763,1994,2,0.054,0.0564,1,0.056
4866,north/g.74.4.graphml,74,130,0,564,411,975,4636,1,0.095,0.0914,1,0.129
4867,north/g.92.3.graphml,92,130,0,329,242,571,1542,0,0.016,0.0098,1,0.049
4868,north/g.46.19.graphml,46,131,0,558,703,1261,4618,2,0.065,0.0761,1,0.128
4869,north/g.47.8.graphml,47,131,0,243,271,514,1056,2,0.018,0.016,1,0.035
4870,north/g.92.4.graphml,92,131,0,1062,415,1477,18876,0,0.118,0.1396,1,0.66
4871,north/g.47.26.graphml,47,132,0,553,699,1252,4622,2,0.067,0.0868,1,0.152
4872,north/g.47.9.graphml,47,134,0,249,272,521,1116,1,0.031,0.0247,1,0.043
4873,north/g.47.7.graphml,47,135,0,249,277,526,1076,2,0.019,0.0156,1,0.042
4874,north/g.82.1.graphml,82,135,0,402,317,719,2150,0,0.017,0.0153,1,0.073
4877,north/g.58.0.graphml,58,136,0,1080,1200,2280,15204,30,4.349,7.6794,1,0.482
4878,north/g.94.2.graphml,94,136,153,447,1028,1475,4288,202,0.626,0.6545,1,0.161
4880,north/g.47.27.graphml,47,137,6,1364,1924,3288,23254,108,60.071,189.5887,51,0.813
4881,north/g.59.0.graphml,59,137,0,1113,1310,2423,15784,21,0.781,1.1969,1,0.549
4885,north/g.40.12.graphml,40,139,0,216,227,443,828,0,0.01,0.0061,1,0.03
4886,north/g.73.4.graphml,73,139,2,796,1434,2230,10752,108,60.024,155.2007,346,0.324
4887,north/g.80.5.graphml,80,139,1,217,222,439,948,4,0.022,0.0122,1,0.043
4888,Rome-Lib/graficon83nodi/grafo9440.83,83,140,0,1095,1459,2554,15350,37,60.038,178.1255,2331,0.496
4890,Rome-Lib/graficon71nodi/grafo8243.71,71,140,0,1141,1555,2696,16666,45,60.145,167.849,1788,0.571
4891,Rome-Lib/graficon75nodi/grafo9188.75,75,140,0,866,1065,1931,10388,18,1.456,2.1626,1,0.318
4895,Rome-Lib/graficon64nodi/grafo4384.64,64,140,0,1189,1560,2749,18202,55,28.678,48.0219,1,0.619
4900,Rome-Lib/graficon67nodi/grafo9712.67,67,140,0,768,945,1713,8068,14,0.856,1.2941,1,0.263
4901,Rome-Lib/graficon70nodi/grafo8187.70,70,140,1,987,1266,2253,13048,30,4.407,6.5879,1,0.405
4902,Rome-Lib/graficon63nodi/grafo9292.63,63,140,0,1192,1614,2806,19098,54,60.023,175.8845,421,0.676
4905,Rome-Lib/graficon77nodi/grafo9326.77,77,140,0,1240,1609,2849,19314,48,60.029,188.0327,363,0.691
4909,Rome-Lib/graficon74nodi/grafo9310.74,74,141,0,1379,2057,3436,25820,98,60.019,127.0763,1,0.849
4910,Rome-Lib/graficon67nodi/grafo8950.67,67,141,0,645,671,1316,5756,4,0.181,0.2081,1,0.189
4911,Rome-Lib/graficon74nodi/grafo9813.74,74,141,0,1176,1431,2607,16594,36,5.551,9.1353,1,0.543
4912,Rome-Lib/graficon73nodi/grafo8518.73,73,141,0,1212,1572,2784,18752,48,19.524,37.7913,1,0.62
4914,Rome-Lib/graficon63nodi/grafo8983.63,63,141,1,1380,2032,3412,23536,112,60.017,116.4147,1,0.842
4916,Rome-Lib/graficon63nodi/grafo9424.63,63,141,0,1037,1270,2307,12762,33,8.246,14.8861,40,0.399
4917,Rome-Lib/graficon69nodi/grafo8390.69,69,141,0,1201,1654,2855,19522,45,2.154,3.9556,1,0.67
4918,Rome-Lib/graficon73nodi/grafo8293.73,73,141,0,937,1227,2164,11132,34,4.467,6.9566,1,0.34
4919,Rome-Lib/graficon63nodi/grafo1556.63,63,141,0,857,1028,1885,10548,21,2.011,3.0789,1,0.337
4921,Rome-Lib/graficon74nodi/grafo4178.74,74,141,0,822,1090,1912,9764,30,3.115,5.0284,1,0.281
4922,Rome-Lib/graficon70nodi/grafo5094.70,70,141,0,1267,1573,2840,20098,35,60.011,187.2464,437,0.666
4923,Rome-Lib/graficon63nodi/grafo9155.63,63,141,1,727,876,1603,6858,19,12.347,28.3967,4392,0.197
4926,Rome-Lib/graficon64nodi/grafo9178.64,64,141,0,922,1190,2112,10950,27,4.841,7.7206,1,0.355
4928,Rome-Lib/graficon63nodi/grafo6682.63,63,142,0,812,958,1770,8388,15,0.714,1.0352,1,0.249
4931,Rome-Lib/graficon75nodi/grafo8517.75,75,142,0,1280,1656,2936,22506,27,7.555,15.2699,1,0.813
4934,Rome-Lib/graficon67nodi/grafo9410.67,67,142,0,1278,1755,3033,20766,59,15.837,31.948,1,0.68
4935,Rome-Lib/graficon65nodi/grafo8405.65,65,142,0,1107,1470,2577,14716,45,47.365,144.168,917,0.479
4937,Rome-Lib/graficon75nodi/grafo4669.75,75,142,0,852,1036,1888,9134,16,0.979,1.3709,1,0.305
4938,Rome-Lib/graficon62nodi/grafo9827.62,62,142,0,1343,1962,3305,22138,100,60.031,118.6189,1,0.763
4940,Rome-Lib/graficon76nodi/grafo9774.76,76,142,0,1388,1814,3202,26060,48,60.009,185.0709,279,0.916
4941,Rome-Lib/graficon69nodi/grafo7855.69,69,142,0,988,1223,2211,12982,24,9.636,23.8447,482,0.38
4942,Rome-Lib/graficon68nodi/grafo9165.68,68,142,0,1180,1532,2712,17274,36,7.864,13.7588,1,0.607
4944,Rome-Lib/graficon65nodi/grafo1473.65,65,142,0,707,854,1561,6660,14,0.371,0.4905,1,0.19
4945,Rome-Lib/graficon79nodi/grafo9244.79,79,142,0,1355,1691,3046,21768,38,42.386,103.2862,1,0.816
4946,Rome-Lib/graficon90nodi/grafo8840.90,90,142,0,1652,2531,4183,35854,366,60.027,169.2246,1,1.446
4948,Rome-Lib/graficon65nodi/grafo9512.65,65,142,0,1390,1976,3366,24530,51,20.63,40.1985,1,0.88
4951,Rome-Lib/graficon88nodi/grafo8531.88,88,142,0,1334,1789,3123,21612,47,60.022,176.9438,471,0.727
4952,Rome-Lib/graficon74nodi/grafo8180.74,74,142,1,830,1010,1840,9070,20,1.806,2.3337,1,0.271
4953,Rome-Lib/graficon63nodi/grafo4155.63,63,142,0,877,960,1837,9904,9,0.814,1.1035,1,0.331
4955,Rome-Lib/graficon72nodi/grafo4757.72,72,142,0,1093,1398,2491,14914,33,9.553,15.5774,1,0.466
4957,Rome-Lib/graficon78nodi/grafo9670.78,78,142,0,1100,1328,2428,14138,29,60.029,188.9727,1909,0.455
4959,Rome-Lib/graficon63nodi/grafo4982.63,63,142,0,1416,1875,3291,24070,53,60.01,156.1735,164,0.842
4960,Rome-Lib/graficon66nodi/grafo9148.66,66,143,1,1029,1295,2324,13714,24,2.928,4.3846,1,0.457
4961,Rome-Lib/graficon89nodi/grafo8947.89,89,143,1,1449,1996,3445,25376,51,60.014,190.0727,168,0.946
4962,Rome-Lib/graficon70nodi/grafo8229.70,70,143,0,1142,1504,2646,15266,37,5.737,8.8723,1,0.512
4963,Rome-Lib/graficon78nodi/grafo4220.78,78,143,0,982,1192,2174,12316,22,3.732,5.3671,1,0.381
4964,Rome-Lib/graficon72nodi/grafo4810.72,72,143,0,715,824,1539,6246,11,0.508,0.6651,1,0.183
4965,Rome-Lib/graficon76nodi/grafo4226.76,76,143,0,852,1009,1861,10154,19,1.311,1.978,1,0.295
4967,Rome-Lib/graficon68nodi/grafo9328.68,68,143,0,1287,1757,3044,19628,66,60.043,133.394,209,0.68
4968,Rome-Lib/graficon75nodi/grafo5263.75,75,143,1,1614,2110,3724,32988,51,60.008,186.4527,97,1.211
4970,Rome-Lib/graficon63nodi/grafo7972.63,63,143,0,1297,1733,3030,21098,52,18.414,37.2605,1,0.709
4971,Rome-Lib/graficon74nodi/grafo9719.74,74,143,2,1400,2090,3490,24828,95,60.007,142.1458,57,0.878
4973,Rome-Lib/graficon72nodi/grafo8236.72,72,143,0,1066,1273,2339,13416,16,1.279,1.8618,1,0.429
4974,Rome-Lib/graficon71nodi/grafo7997.71,71,143,0,1222,1608,2830,18734,45,13.064,22.4897,1,0.641
4975,Rome-Lib/graficon64nodi/grafo8660.64,64,143,0,1172,1439,2611,16244,36,10.987,20.2036,1,0.536
4976,Rome-Lib/graficon77nodi/grafo7900.77,77,143,0,1020,1235,2255,12926,23,4.035,7.7494,1,0.404
4977,Rome-Lib/graficon76nodi/grafo6002.76,76,143,0,1389,1930,3319,26700,45,21.91,51.7645,1,0.954
4979,Rome-Lib/graficon80nodi/grafo9352.80,80,144,0,902,1125,2027,10020,29,3.108,4.4746,1,0.329
4981,Rome-Lib/graficon76nodi/grafo4120.76,76,144,0,848,1102,1950,10434,33,60.018,184.877,1983,0.304
4982,Rome-Lib/graficon73nodi/grafo8635.73,73,144,0,1609,2148,3757,30216,79,60.036,153.1677,1,1.208
4983,Rome-Lib/graficon75nodi/grafo9281.75,75,144,1,1121,1462,2583,16130,43,15.488,26.0943,1,0.568
4986,Rome-Lib/graficon70nodi/grafo9739.70,70,144,0,619,709,1328,4828,11,0.342,0.4132,1,0.155
4988,Rome-Lib/graficon71nodi/grafo4371.71,71,144,0,1261,1632,2893,18916,41,13.743,23.9181,1,0.711
4989,Rome-Lib/graficon80nodi/grafo4908.80,80,144,0,965,1216,2181,11932,32,22.369,49.7642,129,0.402
4991,Rome-Lib/graficon67nodi/grafo4157.67,67,144,0,1064,1342,2406,14338,31,9.624,15.3338,1,0.498
4992,Rome-Lib/graficon71nodi/grafo8336.71,71,144,0,1024,1335,2359,13658,34,5.314,8.215,1,0.427
4993,Rome-Lib/graficon68nodi/grafo4763.68,68,144,1,729,945,1674,7588,24,1.165,1.6359,1,0.231
4994,Rome-Lib/graficon77nodi/grafo7966.77,77,144,1,1305,1775,3080,20086,62,60.006,126.1079,92,0.699
4995,Rome-Lib/graficon64nodi/grafo9007.64,64,144,0,1378,2034,3412,23056,81,50.83,97.8589,1,0.864
5000,Rome-Lib/graficon86nodi/grafo7892.86,86,145,0,1189,1535,2724,17142,38,18.069,29.3514,1,0.621
5002,Rome-Lib/graficon63nodi/grafo9783.63,63,145,0,1058,1257,2315,13848,25,3.519,6.208,1,0.441
5004,Rome-Lib/graficon93nodi/grafo11193.93,93,145,0,1699,2421,4120,36672,274,60.02,161.3231,1,1.411
5005,Rome-Lib/graficon73nodi/grafo8722.73,73,145,0,1005,1307,2312,13190,46,60.027,201.9527,1200,0.437
5006,Rome-Lib/graficon67nodi/grafo9106.67,67,145,1,668,827,1495,6046,22,1.038,1.2981,1,0.189
5009,Rome-Lib/graficon75nodi/grafo1451.75,75,145,0,861,946,1807,9126,11,0.98,1.2015,1,0.285
5010,Rome-Lib/graficon71nodi/grafo9498.71,71,146,0,1222,1587,2809,18146,36,8.559,14.1125,1,0.63
5013,Rome-Lib/graficon85nodi/grafo4294.85,85,146,0,1436,1864,3300,24114,31,15.646,34.4666,1,0.888
5014,Rome-Lib/graficon75nodi/grafo5859.75,75,146,0,1183,1484,2667,18740,41,60.008,173.6997,282,0.628
5015,Rome-Lib/graficon82nodi/grafo7860.82,82,146,0,1326,1904,3230,21562,77,60.01,129.5678,20,0.765
5017,Rome-Lib/graficon83nodi/grafo4144.83,83,146,1,1516,2252,3768,28390,81,60.082,132.9481,40,1.048
5018,Rome-Lib/graficon91nodi/grafo10239.91,91,146,0,1795,2896,4691,41506,361,60.034,157.7108,1,1.737
5020,Rome-Lib/graficon75nodi/grafo8084.75,75,146,0,879,1030,1909,9922,12,1.192,1.5978,1,0.294
5023,Rome-Lib/graficon66nodi/grafo8339.66,66,146,0,899,1236,2135,11218,38,2.76,4.1102,1,0.326
5024,Rome-Lib/graficon82nodi/grafo8144.82,82,146,0,983,1230,2213,13138,27,2.961,4.8433,1,0.463
5025,Rome-Lib/graficon84nodi/grafo8318.84,84,147,0,1667,2329,3996,34548,143,60.018,151.9378,1,1.316
5026,Rome-Lib/graficon79nodi/grafo8516.79,79,147,0,1377,1735,3112,21708,30,11.857,27.9277,1,0.783
5027,Rome-Lib/graficon73nodi/grafo4733.73,73,147,0,1072,1373,2445,13652,26,2.724,4.273,1,0.426
5029,Rome-Lib/graficon73nodi/grafo8680.73,73,147,0,1072,1363,2435,13580,33,5.086,8.0099,1,0.47
5030,Rome-Lib/graficon79nodi/grafo8055.79,79,147,0,1076,1360,2436,14118,30,6.764,10.0651,1,0.448
5033,Rome-Lib/graficon65nodi/grafo4912.65,65,147,0,1165,1573,2738,16278,48,23.525,39.96,1,0.54
5034,Rome-Lib/graficon67nodi/grafo4208.67,67,147,0,1193,1542,2735,16886,41,60.032,176.3023,1166,0.601
5035,Rome-Lib/graficon68nodi/grafo9540.68,68,147,0,1241,1565,2806,18680,41,29.909,50.6904,1,0.631
5037,Rome-Lib/graficon72nodi/grafo9449.72,72,147,0,1148,1601,2749,16412,73,60.022,96.4801,1,0.569
5038,Rome-Lib/graficon74nodi/grafo4732.74,74,147,0,953,1189,2142,10508,22,1.938,2.622,1,0.31
5040,Rome-Lib/graficon64nodi/grafo9269.64,64,147,0,1131,1548,2679,15738,57,60.007,149.6244,425,0.545
5042,Rome-Lib/graficon65nodi/grafo6735.65,65,148,0,1019,1267,2286,12504,23,11.624,32.7316,439,0.4
5043,Rome-Lib/graficon69nodi/grafo9508.69,69,148,0,1168,1380,2548,16398,30,11.91,19.0843,1,0.553
5047,Rome-Lib/graficon67nodi/grafo7896.67,67,148,0,1096,1415,2511,14302,42,15.411,23.6445,1,0.521
5048,Rome-Lib/graficon71nodi/grafo4938.71,71,148,0,854,1082,1936,9264,22,1.28,1.6418,1,0.295
5053,Rome-Lib/graficon74nodi/grafo8608.74,74,148,0,1032,1318,2350,13704,29,1.661,2.4872,1,0.419
5054,Rome-Lib/graficon72nodi/grafo4126.72,72,148,0,785,923,1708,7282,17,1.132,1.4809,1,0.217
5055,Rome-Lib/graficon73nodi/grafo8385.73,73,148,0,1485,1893,3378,26236,34,13.132,34.8933,1,0.971
5056,Rome-Lib/graficon65nodi/grafo4417.65,65,148,1,1303,1718,3021,20876,57,60.008,175.92,35,0.721
5057,Rome-Lib/graficon69nodi/grafo9215.69,69,149,0,1003,1231,2234,12212,22,1.206,1.6281,1,0.41
5058,Rome-Lib/graficon67nodi/grafo7436.67,67,149,0,985,1229,2214,12850,29,3.726,6.2503,1,0.403
5060,Rome-Lib/graficon71nodi/grafo5039.71,71,149,0,1455,1901,3356,25398,32,11.846,24.7007,1,0.984
5061,Rome-Lib/graficon70nodi/grafo9068.70,70,149,1,705,908,1613,6782,21,0.819,1.0573,1,0.219
5062,Rome-Lib/graficon86nodi/grafo7893.86,86,149,0,1480,1975,3455,24654,60,60.017,141.5379,1,0.993
5063,Rome-Lib/graficon70nodi/grafo9373.70,70,149,1,1083,1264,2347,13660,18,2.969,4.6876,1,0.433
5066,Rome-Lib/graficon65nodi/grafo1302.65,65,149,0,807,984,1791,8288,20,0.594,0.7872,1,0.241
5067,Rome-Lib/graficon68nodi/grafo7828.68,68,149,0,897,1145,2042,10294,34,1.595,2.6851,1,0.363
5071,Rome-Lib/graficon63nodi/grafo9325.63,63,149,0,1268,1626,2894,18672,46,24.459,40.6331,1,0.648
5073,Rome-Lib/graficon76nodi/grafo4484.76,76,149,0,1195,1587,2782,17352,35,9.169,14.8869,1,0.594
5074,Rome-Lib/graficon64nodi/grafo9159.64,64,149,0,1432,1901,3333,23058,52,22.631,43.6372,1,0.867
5075,Rome-Lib/graficon72nodi/grafo9423.72,72,149,0,1188,1571,2759,17434,39,7.643,13.0182,1,0.602
5077,Rome-Lib/graficon69nodi/grafo8156.69,69,149,0,1153,1363,2516,17332,12,2.72,5.0537,1,0.556
5078,Rome-Lib/graficon75nodi/grafo8663.75,75,149,0,1071,1345,2416,13330,27,4.979,7.648,1,0.454
5079,Rome-Lib/graficon73nodi/grafo5074.73,73,149,0,1521,1978,3499,26536,67,60.018,126.539,1,0.984
5080,DAGmar/graphs/1.6/uniform_n40_e64_i6.graphml,40,140,0,1972,2565,4537,44026,150,60.023,174.9236,1,1.993
5081,DAGmar/graphs/1.6/uniform_n40_e64_i1.graphml,40,142,0,1994,2594,4588,44768,174,60.027,181.978,1,2.032
5082,north/g.54.3.graphml,54,140,1,714,733,1447,6716,3,0.125,0.1367,1,0.219
5085,north/g.56.7.graphml,56,141,3,1135,1299,2434,14868,23,3.468,4.9128,1,0.517
5086,north/g.57.6.graphml,57,141,0,320,378,698,1852,0,0.021,0.0163,1,0.068
5088,north/g.66.3.graphml,66,142,3,375,448,823,2890,20,0.106,0.0986,1,0.086
5090,north/g.46.11.graphml,46,144,0,343,374,717,1944,0,0.024,0.0211,1,0.069
5092,north/g.45.8.graphml,45,146,0,937,935,1872,11646,26,12.268,16.9199,1470,0.347
5093,north/g.78.3.graphml,78,146,0,529,420,949,3506,1,0.077,0.0839,1,0.11
5094,north/g.57.0.graphml,57,147,0,800,853,1653,7716,11,0.248,0.3513,1,0.223
5095,north/g.80.6.graphml,80,147,0,549,330,879,3760,0,0.033,0.0303,1,0.108
5096,north/g.66.6.graphml,66,148,226,1335,3382,4717,26252,540,60.04,170.3866,10,0.879
5098,Rome-Lib/graficon65nodi/grafo9404.65,65,150,1,953,1359,2312,13360,52,60.027,214.9085,2083,0.394
5099,Rome-Lib/graficon70nodi/grafo9175.70,70,150,0,1040,1323,2363,13644,41,60.035,186.4386,594,0.439
5100,Rome-Lib/graficon66nodi/grafo7817.66,66,150,1,1076,1470,2546,13120,69,60.021,175.0849,616,0.484
5101,Rome-Lib/graficon67nodi/grafo9748.67,67,150,1,1485,2126,3611,24896,62,60.01,158.1249,129,0.899
5102,Rome-Lib/graficon64nodi/grafo8017.64,64,150,0,974,1245,2219,11252,30,2.071,2.7833,1,0.358
5103,Rome-Lib/graficon71nodi/grafo9296.71,71,150,0,868,1130,1998,10158,25,1.838,3.0957,1,0.351
5104,Rome-Lib/graficon73nodi/grafo7983.73,73,150,0,1030,1320,2350,13244,32,8.808,14.8925,52,0.399
5105,Rome-Lib/graficon70nodi/grafo7779.70,70,150,0,963,1168,2131,10810,24,2.969,3.8083,1,0.322
5106,Rome-Lib/graficon75nodi/grafo9050.75,75,150,0,1195,1468,2663,16964,29,60.052,182.2117,1407,0.61
5107,Rome-Lib/graficon66nodi/grafo4224.66,66,150,0,1228,1626,2854,17108,46,60.029,176.5436,1120,0.586
5110,Rome-Lib/graficon71nodi/grafo8570.71,71,150,0,948,1152,2100,10744,32,4.192,5.8349,1,0.355
5111,Rome-Lib/graficon75nodi/grafo8524.75,75,150,0,856,1045,1901,9352,17,1.289,1.6281,1,0.303
5113,Rome-Lib/graficon63nodi/grafo4793.63,63,151,0,1201,1414,2615,16506,25,1.526,3.304,1,0.553
5114,Rome-Lib/graficon75nodi/grafo4253.75,75,151,1,843,1072,1915,8720,15,0.549,0.7581,1,0.316
5115,Rome-Lib/graficon87nodi/grafo8766.87,87,151,0,1485,2057,3542,27948,136,60.018,131.6974,1,1.035
5116,Rome-Lib/graficon76nodi/grafo9767.76,76,151,1,1564,2052,3616,28648,64,60.008,149.696,1,1.122
5120,Rome-Lib/graficon81nodi/grafo7975.81,81,151,0,1127,1359,2486,16106,18,3.634,6.214,1,0.558
5123,Rome-Lib/graficon76nodi/grafo5423.76,76,151,0,1426,1740,3166,22110,37,60.028,160.6755,491,0.813
5124,Rome-Lib/graficon79nodi/grafo9247.79,79,151,1,1183,1587,2770,16856,36,5.009,6.8866,1,0.568
5126,Rome-Lib/graficon74nodi/grafo4523.74,74,151,0,1080,1307,2387,13228,25,3.93,5.7061,1,0.459
5128,Rome-Lib/graficon71nodi/grafo8552.71,71,151,0,1305,1620,2925,19776,37,18.312,33.8754,1,0.668
5131,Rome-Lib/graficon72nodi/grafo9276.72,72,152,1,1593,2126,3719,27236,62,39.032,91.859,1,1.061
5132,Rome-Lib/graficon70nodi/grafo8376.70,70,152,0,1353,1756,3109,21264,42,12.118,23.5964,1,0.798
5134,Rome-Lib/graficon75nodi/grafo9024.75,75,152,0,857,1079,1936,9378,20,1.133,1.5604,1,0.279
5135,Rome-Lib/graficon92nodi/grafo11259.92,92,153,0,1113,1272,2385,14626,17,3.949,6.0994,1,0.474
5138,Rome-Lib/graficon80nodi/grafo4765.80,80,153,0,1466,1807,3273,23412,40,60.016,167.7692,274,0.897
5142,Rome-Lib/graficon65nodi/grafo8361.65,65,153,0,1155,1318,2473,14244,18,3.17,4.9236,1,0.496
5143,Rome-Lib/graficon67nodi/grafo1235.67,67,153,0,837,1060,1897,9258,24,1.303,1.7636,1,0.275
5144,Rome-Lib/graficon69nodi/grafo8213.69,69,153,0,971,1197,2168,11550,22,40.257,117.4044,3778,0.409
5145,Rome-Lib/graficon64nodi/grafo9601.64,64,153,1,1457,2111,3568,26240,63,60.078,179.5487,92,0.909
5146,Rome-Lib/graficon96nodi/grafo10776.96,96,154,0,1319,1698,3017,20060,34,60.035,193.6946,2520,0.733
5148,Rome-Lib/graficon75nodi/grafo8622.75,75,154,0,1292,1546,2838,18638,28,60.045,169.3111,1130,0.629
5149,Rome-Lib/graficon76nodi/grafo4962.76,76,154,0,1379,1891,3270,21302,71,60.013,129.4313,233,0.804
5150,Rome-Lib/graficon65nodi/grafo9568.65,65,154,1,1356,1721,3077,19908,33,10.953,17.1028,1,0.779
5152,Rome-Lib/graficon69nodi/grafo9183.69,69,154,0,865,993,1858,8722,11,0.766,1.0668,1,0.29
5153,Rome-Lib/graficon79nodi/grafo5080.79,79,154,0,1257,1684,2941,19200,39,3.006,6.3781,1,0.709
5154,Rome-Lib/graficon63nodi/grafo9298.63,63,154,1,890,1111,2001,9428,24,0.875,1.2353,1,0.275
5155,Rome-Lib/graficon63nodi/grafo9671.63,63,154,0,971,1114,2085,10894,16,2.354,3.4766,1,0.369
5156,Rome-Lib/graficon85nodi/grafo9469.85,85,154,0,1290,1699,2989,19786,38,12.415,20.9359,1,0.689
5157,Rome-Lib/graficon82nodi/grafo8627.82,82,154,0,1545,1992,3537,25936,59,60.026,134.2817,107,1.027
5159,Rome-Lib/graficon78nodi/grafo4948.78,78,154,0,1130,1463,2593,14274,34,5.903,8.8576,1,0.453
5160,Rome-Lib/graficon71nodi/grafo8588.71,71,154,0,1096,1372,2468,13674,40,18.715,30.4801,1,0.46
5161,Rome-Lib/graficon71nodi/grafo1476.71,71,154,0,1289,1618,2907,19228,34,15.449,24.6277,1,0.673
5162,Rome-Lib/graficon64nodi/grafo9394.64,64,154,0,1074,1316,2390,12764,31,3.394,5.1064,1,0.432
5166,Rome-Lib/graficon64nodi/grafo9402.64,64,155,0,1361,1773,3134,22386,36,60.034,169.8085,780,0.803
5169,Rome-Lib/graficon67nodi/grafo4314.67,67,155,0,1298,1817,3115,19292,56,60.044,183.7693,1169,0.678
5171,Rome-Lib/graficon85nodi/grafo5699.85,85,155,0,1364,1639,3003,20668,32,60.029,188.8836,551,0.742
5172,Rome-Lib/graficon73nodi/grafo8589.73,73,155,0,714,834,1548,6084,17,0.67,0.7969,1,0.179
5173,Rome-Lib/graficon85nodi/grafo8690.85,85,155,1,1107,1446,2553,14878,32,2.396,3.5998,1,0.474
5174,Rome-Lib/graficon99nodi/grafo10125.99,99,155,0,1190,1344,2534,15976,13,1.863,3.3632,1,0.581
5176,Rome-Lib/graficon93nodi/grafo11090.93,93,155,0,1060,1297,2357,13068,22,3.238,4.7585,1,0.418
5177,Rome-Lib/graficon64nodi/grafo9420.64,64,155,0,947,1195,2142,10680,23,1.524,2.2075,1,0.333
5179,Rome-Lib/graficon63nodi/grafo4907.63,63,155,0,1207,1459,2666,15710,28,4.175,6.4676,1,0.563
5180,Rome-Lib/graficon72nodi/grafo4570.72,72,156,0,810,933,1743,7956,15,0.83,1.0806,1,0.269
5181,Rome-Lib/graficon66nodi/grafo1493.66,66,156,0,942,1125,2067,9950,9,0.572,0.7532,1,0.326
5183,Rome-Lib/graficon62nodi/grafo9707.62,62,156,0,996,1203,2199,10912,28,60.025,196.6073,2956,0.348
5184,Rome-Lib/graficon70nodi/grafo4450.70,70,156,0,742,916,1658,6846,15,0.642,0.6911,1,0.195
5185,Rome-Lib/graficon75nodi/grafo4274.75,75,156,0,1467,1919,3386,24432,64,60.008,157.4915,121,0.904
5187,Rome-Lib/graficon76nodi/grafo8151.76,76,156,0,1304,1512,2816,18848,26,60.037,177.8628,1299,0.676
5188,Rome-Lib/graficon70nodi/grafo9566.70,70,156,1,1363,1806,3169,20752,84,60.016,99.1411,1,0.715
5189,Rome-Lib/graficon80nodi/grafo5558.80,80,156,0,1578,2053,3631,26592,50,60.029,169.0148,216,1.066
5190,Rome-Lib/graficon68nodi/grafo8031.68,68,156,0,978,1232,2210,11828,27,4.63,9.281,54,0.393
5191,Rome-Lib/graficon83nodi/grafo8308.83,83,156,1,1370,1710,3080,21198,44,10.499,24.6367,1,0.802
5192,Rome-Lib/graficon74nodi/grafo4201.74,74,156,1,935,1073,2008,9640,17,2.123,2.7594,1,0.323
5193,Rome-Lib/graficon64nodi/grafo7011.64,64,156,0,997,1174,2171,11796,17,1.401,2.0526,1,0.361
5194,Rome-Lib/graficon72nodi/grafo9160.72,72,157,0,1560,2136,3696,27920,60,42.282,113.0545,66,1.005
5195,Rome-Lib/graficon72nodi/grafo8140.72,72,157,0,1345,1756,3101,21878,37,17.614,33.255,1,0.76
5196,Rome-Lib/graficon83nodi/grafo5246.83,83,157,0,1809,2493,4302,36008,258,60.023,149.3648,1,1.446
5197,Rome-Lib/graficon68nodi/grafo9034.68,68,157,0,974,1177,2151,11724,21,1.705,2.7283,1,0.41
5199,Rome-Lib/graficon63nodi/grafo9579.63,63,157,1,1449,1861,3310,23120,57,60.028,189.7754,248,0.813
5201,Rome-Lib/graficon68nodi/grafo9123.68,68,157,0,1276,1797,3073,18342,67,60.026,182.5901,511,0.689
5203,Rome-Lib/graficon80nodi/grafo9814.80,80,157,0,1256,1615,2871,17194,36,8.756,13.639,1,0.572
5204,Rome-Lib/graficon79nodi/grafo4759.79,79,157,0,1557,2129,3686,26234,55,37.101,80.3367,1,1.069
5205,Rome-Lib/graficon68nodi/grafo9284.68,68,157,0,1392,1770,3162,21240,51,60.01,164.1115,474,0.824
5207,Rome-Lib/graficon74nodi/grafo4457.74,74,158,0,723,798,1521,5826,7,0.239,0.2984,1,0.167
5211,Rome-Lib/graficon64nodi/grafo5072.64,64,158,0,1064,1338,2402,12442,35,6.132,8.6862,1,0.456
5212,Rome-Lib/graficon89nodi/grafo6422.89,89,158,0,1428,1899,3327,23282,60,60.026,174.7801,214,0.844
5213,Rome-Lib/graficon63nodi/grafo4681.63,63,158,0,1020,1187,2207,12252,15,0.838,1.132,1,0.42
5214,Rome-Lib/graficon88nodi/grafo8841.88,88,158,2,1549,2113,3662,25998,58,60.01,186.5793,118,0.97
5215,Rome-Lib/graficon84nodi/grafo8019.84,84,158,0,1215,1532,2747,18008,22,2.096,4.1451,1,0.626
5217,Rome-Lib/graficon84nodi/grafo9294.84,84,158,0,1088,1245,2333,14582,17,1.21,2.4366,1,0.487
5218,Rome-Lib/graficon87nodi/grafo8383.87,87,158,0,1500,2058,3558,24720,57,60.013,183.6787,92,0.904
5220,Rome-Lib/graficon72nodi/grafo5664.72,72,158,0,1409,1812,3221,23048,35,19.604,45.4604,1,0.842
5221,Rome-Lib/graficon78nodi/grafo8454.78,78,158,0,1302,1564,2866,18610,34,25.029,52.3957,126,0.673
5223,Rome-Lib/graficon69nodi/grafo9399.69,69,159,0,1293,1678,2971,19134,59,60.008,153.4497,338,0.645
5224,Rome-Lib/graficon72nodi/grafo8393.72,72,159,0,1283,1553,2836,18966,25,60.017,184.1347,716,0.663
5225,Rome-Lib/graficon83nodi/grafo9561.83,83,159,0,981,1231,2212,10848,29,4.245,6.2211,1,0.357
5226,Rome-Lib/graficon67nodi/grafo5030.67,67,159,0,1254,1658,2912,17122,46,28.214,51.5429,54,0.561
5227,Rome-Lib/graficon80nodi/grafo5000.80,80,159,0,1418,1951,3369,23160,55,60.032,146.7103,162,0.864
5228,Rome-Lib/graficon67nodi/grafo9681.67,67,159,0,1210,1410,2620,16026,17,3.891,6.2744,1,0.524
5229,Rome-Lib/graficon75nodi/grafo8633.75,75,159,0,1580,2127,3707,28486,52,25.308,59.7958,1,1.088
5230,Rome-Lib/graficon78nodi/grafo4360.78,78,159,0,1324,1634,2958,20672,35,4.935,11.3514,1,0.684
5232,Rome-Lib/graficon93nodi/grafo11288.93,93,159,1,839,1026,1865,8050,17,1.527,2.2106,170,0.267
5233,Rome-Lib/graficon78nodi/grafo9448.78,78,159,0,1173,1523,2696,15042,32,37.984,108.628,1218,0.492
5236,Rome-Lib/graficon82nodi/grafo8246.82,82,159,0,1313,1649,2962,20068,47,60.024,179.8127,425,0.711
5238,Rome-Lib/graficon75nodi/grafo5434.75,75,159,0,1206,1440,2646,15962,24,60.082,177.2422,3136,0.556
5240,Rome-Lib/graficon72nodi/grafo9552.72,72,159,0,1910,2442,4352,38102,145,60.009,183.2052,1,1.553
5241,Rome-Lib/graficon73nodi/grafo8190.73,73,159,0,1356,1726,3082,19288,45,20.289,33.0033,1,0.67
5242,Rome-Lib/graficon92nodi/grafo9041.92,92,159,0,1031,1304,2335,13604,19,3.163,5.1343,1,0.452
5243,Rome-Lib/graficon76nodi/grafo6065.76,76,159,0,1663,2363,4026,29496,90,60.047,153.6884,93,1.122
5244,north/g.48.9.graphml,48,150,1,1198,1024,2222,15278,16,0.6,0.7389,1,0.544
5246,north/g.55.33.graphml,55,151,1,752,774,1526,6946,3,0.188,0.1965,1,0.2
5247,north/g.56.9.graphml,56,151,1,758,774,1532,6988,3,0.15,0.1734,1,0.202
5248,north/g.80.1.graphml,80,151,3,761,684,1445,6402,3,0.06,0.057,1,0.186
5249,north/g.74.5.graphml,74,153,1,687,649,1336,5472,7,0.228,0.2367,1,0.184
5250,north/g.75.3.graphml,75,153,1,687,649,1336,5472,7,0.181,0.168,1,0.162
5251,north/g.55.32.graphml,55,157,3,1158,1283,2441,13944,23,3.999,6.2849,1,0.499
5252,north/g.79.0.graphml,79,157,3,895,877,1772,8514,3,0.099,0.0837,1,0.269
5253,north/g.80.4.graphml,80,157,3,806,724,1530,6744,3,0.073,0.066,1,0.202
5255,north/g.73.9.graphml,73,158,1,707,761,1468,6004,4,0.119,0.1207,1,0.202
5256,north/g.81.0.graphml,81,158,3,973,958,1931,9714,3,0.106,0.0991,1,0.296
5257,Rome-Lib/graficon78nodi/grafo8411.78,78,160,0,1185,1559,2744,16882,29,5.153,8.6021,1,0.547
5258,Rome-Lib/graficon82nodi/grafo9778.82,82,160,0,1639,2245,3884,31220,86,60.022,166.2186,1,1.224
5259,Rome-Lib/graficon84nodi/grafo7949.84,84,160,1,1575,2062,3637,25966,47,60.035,163.591,718,1.051
5260,Rome-Lib/graficon81nodi/grafo7843.81,81,160,1,1170,1521,2691,16372,36,60.037,183.1447,1194,0.524
5262,Rome-Lib/graficon74nodi/grafo5401.74,74,160,0,1330,1714,3044,19956,38,60.028,170.8155,698,0.754
5263,Rome-Lib/graficon70nodi/grafo9506.70,70,160,0,1314,1550,2864,18378,34,17.812,29.8039,1,0.66
5265,Rome-Lib/graficon77nodi/grafo4260.77,77,160,0,1167,1447,2614,14834,26,5.592,10.7293,80,0.495
5266,Rome-Lib/graficon65nodi/grafo4804.65,65,160,0,897,1063,1960,8964,18,1.103,1.4069,1,0.312
5267,Rome-Lib/graficon86nodi/grafo9614.86,86,160,1,1420,2012,3432,22422,92,60.022,100.6139,1,0.746
5269,Rome-Lib/graficon68nodi/grafo9514.68,68,160,0,1302,1570,2872,19230,36,19.285,39.1905,1,0.672
5270,Rome-Lib/graficon68nodi/grafo9073.68,68,160,0,877,1053,1930,8446,20,0.926,1.1185,1,0.252
5271,Rome-Lib/graficon75nodi/grafo9147.75,75,160,0,1495,1975,3470,25204,71,60.018,121.0469,1,0.963
5272,Rome-Lib/graficon73nodi/grafo8621.73,73,160,0,1369,1820,3189,19776,42,22.786,37.7892,1,0.69
5274,Rome-Lib/graficon73nodi/grafo7483.73,73,161,0,1196,1384,2580,15564,25,5.21,8.44,1,0.565
5275,Rome-Lib/graficon79nodi/grafo6085.79,79,161,0,1360,1737,3097,21980,35,31.463,85.7433,41,0.749
5276,Rome-Lib/graficon64nodi/grafo9437.64,64,161,1,931,1072,2003,9620,10,0.365,0.3997,1,0.298
5277,Rome-Lib/graficon70nodi/grafo7874.70,70,161,0,1604,2254,3858,28250,70,27.103,61.8192,1,1.093
5278,Rome-Lib/graficon69nodi/grafo7901.69,69,161,0,1297,1666,2963,17708,42,16.943,26.9004,1,0.675
5279,Rome-Lib/graficon80nodi/grafo5347.80,80,161,0,1181,1343,2524,16596,21,6.225,10.5099,1,0.557
5280,Rome-Lib/graficon79nodi/grafo9381.79,79,161,0,1183,1566,2749,17678,49,60.01,171.561,276,0.559
5282,Rome-Lib/graficon64nodi/grafo9124.64,64,162,0,1359,1671,3030,18950,31,10.745,18.8026,1,0.685
5283,Rome-Lib/graficon100nodi/grafo11502.100,100,162,1,1639,2165,3804,27950,130,60.019,147.9844,1,1.158
5284,Rome-Lib/graficon72nodi/grafo8043.72,72,162,0,1270,1702,2972,17586,49,60.025,169.4633,484,0.608
5285,Rome-Lib/graficon73nodi/grafo4298.73,73,162,0,1087,1345,2432,13452,22,2.01,2.9489,1,0.427
5288,Rome-Lib/graficon72nodi/grafo4430.72,72,162,0,928,1184,2112,10056,36,60.274,182.7307,3716,0.336
5289,Rome-Lib/graficon79nodi/grafo6542.79,79,162,0,1043,1305,2348,12440,25,3.132,4.6151,1,0.396
5290,Rome-Lib/graficon64nodi/grafo9090.64,64,162,0,1267,1571,2838,16872,34,6.221,10.3606,1,0.569
5291,Rome-Lib/graficon87nodi/grafo9315.87,87,162,0,1647,2192,3839,28270,64,60.037,163.3428,108,1.056
5296,Rome-Lib/graficon72nodi/grafo7812.72,72,162,0,1292,1710,3002,18890,38,11.475,18.6213,1,0.663
5297,Rome-Lib/graficon80nodi/grafo6448.80,80,162,0,986,1101,2087,10516,13,1.118,1.5797,1,0.359
5299,Rome-Lib/graficon83nodi/grafo4986.83,83,163,1,1250,1632,2882,16520,45,60.021,180.0764,691,0.535
5300,Rome-Lib/graficon79nodi/grafo9323.79,79,163,0,957,1082,2039,10138,18,16.077,41.9778,3732,0.333
5301,Rome-Lib/graficon67nodi/grafo5544.67,67,163,0,1057,1265,2322,12322,26,3.816,5.621,1,0.388
5304,Rome-Lib/graficon71nodi/grafo1497.71,71,163,0,1492,1902,3394,24262,44,60.038,151.8123,604,0.863
5306,Rome-Lib/graficon77nodi/grafo7851.77,77,163,0,1044,1283,2327,11888,21,2.238,2.8642,1,0.413
5307,Rome-Lib/graficon75nodi/grafo8639.75,75,163,0,1709,2413,4122,31876,156,60.025,130.2893,1,1.27
5308,Rome-Lib/graficon64nodi/grafo4761.64,64,163,0,1587,2084,3671,25768,88,60.022,108.4767,1,1.001
5309,Rome-Lib/graficon89nodi/grafo8618.89,89,163,0,1606,2224,3830,29232,219,60.018,146.6763,1,1.15
5310,Rome-Lib/graficon82nodi/grafo9840.82,82,163,0,1589,2120,3709,28590,50,56.599,143.7902,65,1.088
5311,Rome-Lib/graficon76nodi/grafo7361.76,76,163,0,1080,1193,2273,12136,12,1.378,1.8849,1,0.395
5312,Rome-Lib/graficon74nodi/grafo8232.74,74,163,0,1232,1565,2797,16668,29,6.556,10.0326,1,0.551
5313,Rome-Lib/graficon78nodi/grafo8329.78,78,163,0,1089,1357,2446,14018,31,7.71,11.8854,1,0.477
5315,Rome-Lib/graficon85nodi/grafo8488.85,85,163,0,1098,1240,2338,13110,13,2.553,4.0874,1,0.44
5316,Rome-Lib/graficon65nodi/grafo4994.65,65,163,0,1368,1841,3209,20300,60,39.861,70.6836,1,0.763
5317,Rome-Lib/graficon66nodi/grafo9501.66,66,163,1,1888,2697,4585,37740,309,60.031,147.3902,1,1.564
5319,Rome-Lib/graficon83nodi/grafo9489.83,83,164,1,1213,1613,2826,17074,42,18.834,40.2924,53,0.592
5320,Rome-Lib/graficon78nodi/grafo4432.78,78,164,0,1166,1465,2631,14628,28,4.714,7.1316,1,0.472
5323,Rome-Lib/graficon69nodi/grafo5962.69,69,164,0,1379,1624,3003,20052,28,12.489,24.6036,1,0.733
5324,Rome-Lib/graficon72nodi/grafo9435.72,72,164,0,1137,1437,2574,13418,27,3.559,5.2029,1,0.45
5325,Rome-Lib/graficon66nodi/grafo7427.66,66,164,0,1009,1128,2137,10898,20,3.602,5.1603,1,0.371
5327,Rome-Lib/graficon63nodi/grafo9442.63,63,164,0,847,1006,1853,7674,23,2.402,3.1621,1,0.23
5329,Rome-Lib/graficon99nodi/grafo11291.99,99,164,0,1293,1538,2831,17970,22,4.247,6.8733,1,0.613
5330,Rome-Lib/graficon82nodi/grafo6849.82,82,164,0,1285,1646,2931,19264,38,20.175,36.1972,1,0.68
5331,Rome-Lib/graficon80nodi/grafo7862.80,80,164,0,1289,1630,2919,17802,47,60.035,142.1813,832,0.607
5332,Rome-Lib/graficon73nodi/grafo8069.73,73,165,0,949,1178,2127,11222,27,5.262,7.7133,1,0.343
5333,Rome-Lib/graficon63nodi/grafo9547.63,63,165,0,1299,1649,2948,19062,56,60.023,139.8994,147,0.68
5335,Rome-Lib/graficon80nodi/grafo8716.80,80,165,0,1666,2067,3733,28716,40,60.014,185.3265,576,1.096
5336,Rome-Lib/graficon70nodi/grafo9474.70,70,165,0,943,1128,2071,9650,18,0.801,1.0785,1,0.3
5337,Rome-Lib/graficon71nodi/grafo8422.71,71,165,0,1815,2327,4142,33622,81,60.019,143.728,1,1.361
5338,Rome-Lib/graficon77nodi/grafo6502.77,77,165,0,1063,1284,2347,12940,20,2.067,2.9143,1,0.412
5339,Rome-Lib/graficon70nodi/grafo9264.70,70,165,0,1379,1628,3007,20432,27,12.652,24.4449,1,0.701
5340,Rome-Lib/graficon81nodi/grafo9731.81,81,165,0,1329,1702,3031,18198,27,5.325,8.9585,1,0.649
5341,Rome-Lib/graficon73nodi/grafo4589.73,73,165,0,1290,1636,2926,17602,33,9.066,13.7799,1,0.714
5342,Rome-Lib/graficon93nodi/grafo10858.93,93,165,0,1215,1623,2838,16944,49,60.01,169.5241,332,0.636
5343,Rome-Lib/graficon71nodi/grafo8389.71,71,165,1,996,1119,2115,11064,12,0.71,0.8718,1,0.335
5344,Rome-Lib/graficon72nodi/grafo9828.72,72,165,1,1042,1281,2323,12054,26,17.192,49.1016,2978,0.405
5345,Rome-Lib/graficon63nodi/grafo9221.63,63,165,0,1862,2538,4400,36518,94,60.022,135.8645,1,1.484
5346,Rome-Lib/graficon72nodi/grafo9079.72,72,165,0,987,1171,2158,10054,20,1.823,2.3933,1,0.352
5347,Rome-Lib/graficon83nodi/grafo6468.83,83,165,0,1325,1765,3090,20214,55,60.021,128.9869,242,0.725
5348,Rome-Lib/graficon70nodi/grafo8356.70,70,166,1,1754,2450,4204,33018,211,60.035,126.0394,1,1.322
5349,Rome-Lib/graficon64nodi/grafo9504.64,64,166,0,1296,1615,2911,18056,33,8.897,14.3287,1,0.653
5350,Rome-Lib/graficon84nodi/grafo6815.84,84,166,0,1635,2086,3721,28206,59,60.028,172.6722,95,1.034
5352,Rome-Lib/graficon75nodi/grafo5280.75,75,166,0,1217,1509,2726,18086,35,50.264,141.8488,1531,0.626
5353,Rome-Lib/graficon83nodi/grafo8160.83,83,166,1,2224,3155,5379,50774,443,60.024,176.3938,1,2.269
5355,Rome-Lib/graficon84nodi/grafo8087.84,84,166,0,1460,2151,3611,25752,72,60.01,179.4993,274,0.979
5356,Rome-Lib/graficon81nodi/grafo8271.81,81,166,0,1478,2017,3495,23380,62,60.04,163.7715,97,0.868
5357,Rome-Lib/graficon86nodi/grafo8693.86,86,166,0,1370,1689,3059,18800,30,60.007,160.8336,669,0.697
5358,Rome-Lib/graficon89nodi/grafo8670.89,89,166,0,649,788,1437,5234,16,0.407,0.4543,1,0.147
5359,Rome-Lib/graficon67nodi/grafo9086.67,67,166,0,1388,1791,3179,20498,41,8.365,14.9864,1,0.712
5360,Rome-Lib/graficon81nodi/grafo4534.81,81,166,0,1223,1483,2706,16266,26,4.772,7.3747,1,0.567
5361,Rome-Lib/graficon78nodi/grafo6434.78,78,166,0,1018,1198,2216,11338,17,0.943,1.3098,1,0.366
5362,Rome-Lib/graficon67nodi/grafo5631.67,67,167,0,1104,1285,2389,13194,17,1.949,3.1027,1,0.401
5363,Rome-Lib/graficon81nodi/grafo4321.81,81,167,0,1085,1286,2371,11714,29,42.515,122.7701,3826,0.408
5364,Rome-Lib/graficon96nodi/grafo11391.96,96,167,0,1949,2781,4730,39448,251,60.049,139.6269,1,1.671
5365,Rome-Lib/graficon76nodi/grafo9718.76,76,167,0,1034,1175,2209,10784,13,0.784,1.1446,1,0.351
5366,Rome-Lib/graficon73nodi/grafo8040.73,73,167,1,1484,1944,3428,24812,54,60.009,157.2105,225,0.943
5367,Rome-Lib/graficon69nodi/grafo7177.69,69,167,0,1003,1247,2250,11614,29,2.42,3.4958,1,0.349
5368,Rome-Lib/graficon82nodi/grafo8423.82,82,167,0,1551,1967,3518,24306,45,60.026,144.1109,259,0.902
5369,Rome-Lib/graficon89nodi/grafo8595.89,89,167,1,1541,1937,3478,25138,40,21.194,47.8987,1,0.938
5370,Rome-Lib/graficon84nodi/grafo8596.84,84,167,0,1288,1742,3030,18442,48,18.51,30.6748,1,0.631
5371,Rome-Lib/graficon66nodi/grafo9536.66,66,167,0,948,1176,2124,9806,26,1.239,1.5203,1,0.336
5372,Rome-Lib/graficon80nodi/grafo8089.80,80,167,0,1377,1803,3180,20024,45,60.03,176.1184,828,0.705
5373,Rome-Lib/graficon71nodi/grafo5097.71,71,167,1,1589,2151,3740,25624,70,60.027,140.5551,93,1.044
5374,Rome-Lib/graficon68nodi/grafo1364.68,68,167,0,1032,1176,2208,11252,21,2.4,3.423,1,0.357
5375,Rome-Lib/graficon76nodi/grafo8168.76,76,167,0,1661,2042,3703,28608,45,50.475,149.1109,88,1.152
5376,Rome-Lib/graficon64nodi/grafo9000.64,64,167,0,1140,1343,2483,13582,19,2.623,3.9816,1,0.441
5377,Rome-Lib/graficon66nodi/grafo4973.66,66,167,0,1385,1797,3182,20776,39,60.035,170.6402,1259,0.782
5379,Rome-Lib/graficon88nodi/grafo8913.88,88,167,0,1229,1461,2690,15518,24,12.749,24.6989,115,0.509
5380,Rome-Lib/graficon78nodi/grafo6090.78,78,167,0,1207,1382,2589,15832,11,3.517,5.7936,1,0.584
5381,Rome-Lib/graficon80nodi/grafo5046.80,80,167,0,1453,1929,3382,23120,63,60.009,142.5387,95,0.836
5382,Rome-Lib/graficon78nodi/grafo5684.78,78,167,0,1284,1498,2782,17466,20,5.211,8.1909,1,0.675
5383,Rome-Lib/graficon76nodi/grafo9277.76,76,167,0,1616,2039,3655,26296,65,60.023,146.7071,1,0.962
5384,Rome-Lib/graficon76nodi/grafo8233.76,76,167,0,1141,1382,2523,13686,20,2.614,4.0775,1,0.482
5385,Rome-Lib/graficon85nodi/grafo8615.85,85,167,0,1355,1662,3017,19060,42,60.022,150.5678,473,0.658
5387,Rome-Lib/graficon92nodi/grafo9471.92,92,168,1,1386,1871,3257,20460,78,60.082,110.8442,60,0.727
5388,Rome-Lib/graficon96nodi/grafo8481.96,96,168,0,1800,2528,4328,34888,270,60.022,120.1877,1,1.315
5390,Rome-Lib/graficon73nodi/grafo1529.73,73,168,0,1004,1137,2141,10250,10,0.558,0.7283,1,0.356
5392,Rome-Lib/graficon79nodi/grafo9839.79,79,168,0,1116,1364,2480,13356,27,3.357,4.6435,1,0.445
5394,Rome-Lib/graficon76nodi/grafo4708.76,76,168,0,833,951,1784,7440,12,0.529,0.5654,1,0.222
5395,Rome-Lib/graficon83nodi/grafo6806.83,83,168,0,1492,1936,3428,25184,64,60.028,177.3088,75,0.939
5396,Rome-Lib/graficon65nodi/grafo4550.65,65,168,0,1459,1809,3268,21508,39,11.724,20.8877,1,0.79
5397,Rome-Lib/graficon79nodi/grafo9773.79,79,168,0,936,1100,2036,9470,24,28.207,66.1026,1555,0.327
5398,Rome-Lib/graficon67nodi/grafo9567.67,67,168,0,1712,2212,3924,30910,48,27.283,65.2793,1,1.208
5399,Rome-Lib/graficon75nodi/grafo6681.75,75,169,1,1446,1927,3373,21944,72,60.025,150.5654,137,0.832
5401,Rome-Lib/graficon79nodi/grafo4845.79,79,169,0,1008,1225,2233,11290,22,27.747,93.3817,1270,0.355
5402,Rome-Lib/graficon72nodi/grafo9084.72,72,169,0,982,1137,2119,10628,18,2.999,4.7606,25,0.367
5403,Rome-Lib/graficon79nodi/grafo4961.79,79,169,0,1001,1186,2187,10312,23,2.82,4.4729,50,0.327
5404,Rome-Lib/graficon68nodi/grafo4337.68,68,169,0,1524,1922,3446,24372,45,40.647,90.1629,92,0.882
5405,Rome-Lib/graficon69nodi/grafo8227.69,69,169,0,2014,2904,4918,40908,448,60.025,152.9357,1,1.851
5406,Rome-Lib/graficon87nodi/grafo8484.87,87,169,0,1406,1760,3166,20996,35,54.91,148.6647,1438,0.761
5407,Rome-Lib/graficon82nodi/grafo9137.82,82,169,0,1383,1699,3082,21210,39,10.175,22.6575,1,0.766
5408,Rome-Lib/graficon78nodi/grafo7765.78,78,169,0,1075,1272,2347,12490,20,2.653,3.9008,1,0.418
5409,Rome-Lib/graficon75nodi/grafo9735.75,75,169,0,1066,1318,2384,12350,28,3.953,5.4428,1,0.391
5410,Rome-Lib/graficon73nodi/grafo9193.73,73,169,0,1319,1692,3011,17718,36,6.68,10.5917,1,0.663
5411,Rome-Lib/graficon71nodi/grafo8587.71,71,169,0,735,844,1579,6052,12,0.327,0.4159,1,0.176
5412,Rome-Lib/graficon91nodi/grafo8787.91,91,169,0,1732,2321,4053,30332,70,60.037,179.7252,111,1.17
5413,Rome-Lib/graficon92nodi/grafo11368.92,92,169,0,1068,1298,2366,11860,28,60.608,165.842,4325,0.383
5414,Rome-Lib/graficon77nodi/grafo8165.77,77,169,0,2076,2753,4829,41996,332,60.023,173.0845,1,1.876
5415,Rome-Lib/graficon63nodi/grafo3642.63,63,169,0,1148,1444,2592,13780,32,3.609,5.1308,1,0.47
5416,Rome-Lib/graficon73nodi/grafo8654.73,73,169,0,1701,2177,3878,30492,46,60.013,177.3536,155,1.23
5417,DAGmar/graphs/2.6/uniform_n40_e104_i3.graphml,40,162,1,2966,5240,8206,89082,795,60.007,253.3075,1,4.546
5418,DAGmar/graphs/2.6/uniform_n40_e104_i5.graphml,40,162,0,3047,5323,8370,93094,814,60.009,249.9011,1,5.505
5419,DAGmar/graphs/2.6/uniform_n40_e104_i8.graphml,40,164,1,3191,5339,8530,101252,672,60.025,250.9995,1,5.386
5420,DAGmar/graphs/2.6/uniform_n40_e104_i6.graphml,40,164,2,3205,5537,8742,102266,690,60.012,239.3942,1,5.635
5421,DAGmar/graphs/2.6/uniform_n40_e104_i9.graphml,40,166,0,2966,5057,8023,84410,696,60.006,240.9259,1,4.493
5424,north/g.69.1.graphml,69,164,0,232,243,475,918,1,0.021,0.0154,1,0.037
5426,north/g.93.0.graphml,93,166,0,990,345,1335,12888,0,0.083,0.0844,1,0.419
5427,north/g.73.8.graphml,73,167,9,1484,1580,3064,24586,34,6.079,7.6599,1,0.898
5428,north/g.86.2.graphml,86,167,3,1329,1106,2435,23902,3,0.456,0.4468,1,0.86
5429,north/g.44.20.graphml,44,168,4,2705,3685,6390,67460,347,60.098,162.8745,1,3.362
5430,north/g.87.0.graphml,87,168,3,1333,1111,2444,23918,3,0.437,0.395,1,0.873
5432,north/g.67.1.graphml,67,169,0,1217,1331,2548,15372,1,0.307,0.4062,1,0.513
5433,north/g.73.7.graphml,73,169,3,844,403,1247,10244,3,0.19,0.1931,1,0.345
5434,Rome-Lib/graficon88nodi/grafo8940.88,88,170,0,979,1207,2186,10930,24,2.288,3.101,1,0.337
5435,Rome-Lib/graficon77nodi/grafo6667.77,77,170,0,1802,2399,4201,32542,221,60.023,150.1254,1,1.32
5436,Rome-Lib/graficon67nodi/grafo9515.67,67,170,0,1199,1399,2598,14208,27,6.669,10.0217,1,0.467
5437,Rome-Lib/graficon76nodi/grafo4379.76,76,170,0,1192,1494,2686,14742,35,7.473,11.2188,1,0.531
5439,Rome-Lib/graficon76nodi/grafo7982.76,76,170,0,1271,1569,2840,16546,40,13.963,20.9293,1,0.562
5440,Rome-Lib/graficon75nodi/grafo4870.75,75,170,0,1245,1583,2828,16264,38,10.334,17.1882,1,0.535
5442,Rome-Lib/graficon80nodi/grafo8018.80,80,170,1,1196,1533,2729,17074,34,3.885,6.6702,1,0.579
5444,Rome-Lib/graficon77nodi/grafo4555.77,77,171,0,1155,1382,2537,13284,20,2.663,3.9898,1,0.438
5445,Rome-Lib/graficon82nodi/grafo5005.82,82,171,0,1366,1623,2989,18706,39,24.277,39.4921,1,0.685
5446,Rome-Lib/graficon88nodi/grafo8060.88,88,171,0,1737,2230,3967,29810,80,60.022,119.4246,1,1.214
5447,Rome-Lib/graficon71nodi/grafo4885.71,71,171,0,1734,2349,4083,30826,73,60.015,126.77,98,1.197
5448,Rome-Lib/graficon80nodi/grafo5132.80,80,171,0,2075,2666,4741,44062,190,60.024,186.6749,1,1.911
5451,Rome-Lib/graficon83nodi/grafo8568.83,83,171,1,1303,1631,2934,17478,35,15.089,23.8105,1,0.626
5452,Rome-Lib/graficon75nodi/grafo9782.75,75,171,0,1838,2173,4011,31712,44,60.035,179.3651,234,1.368
5453,Rome-Lib/graficon74nodi/grafo7825.74,74,171,1,1457,1969,3426,23104,90,60.015,127.0108,1,0.822
5454,Rome-Lib/graficon75nodi/grafo4187.75,75,171,0,1323,1654,2977,18280,31,10.514,16.4277,1,0.662
5455,Rome-Lib/graficon99nodi/grafo10061.99,99,171,0,1553,2113,3666,23974,76,60.033,102.2336,1,0.946
5456,Rome-Lib/graficon81nodi/grafo9628.81,81,171,0,1225,1614,2839,17148,47,60.025,178.6279,1000,0.575
5457,Rome-Lib/graficon82nodi/grafo8437.82,82,171,0,2147,2841,4988,44666,226,60.025,169.1209,1,1.987
5458,Rome-Lib/graficon89nodi/grafo8502.89,89,171,0,1688,2017,3705,29404,31,60.015,190.3318,155,1.108
5459,Rome-Lib/graficon78nodi/grafo9650.78,78,171,0,1337,1797,3134,19094,56,60.01,148.1257,286,0.66
5461,Rome-Lib/graficon65nodi/grafo9624.65,65,171,0,1507,1758,3265,23980,29,49.027,158.1372,396,0.851
5462,Rome-Lib/graficon63nodi/grafo9058.63,63,171,0,1114,1288,2402,12984,22,1.911,2.9821,1,0.457
5463,Rome-Lib/graficon82nodi/grafo4544.82,82,171,0,1150,1424,2574,14820,37,2.958,4.7328,1,0.501
5464,Rome-Lib/graficon71nodi/grafo4643.71,71,171,1,1213,1490,2703,14796,18,4.668,8.125,170,0.519
5465,Rome-Lib/graficon68nodi/grafo8041.68,68,171,0,1999,2813,4812,40058,327,60.023,151.5416,1,1.766
5466,Rome-Lib/graficon83nodi/grafo9099.83,83,171,0,1113,1385,2498,13340,32,5.749,8.5533,1,0.426
5467,Rome-Lib/graficon63nodi/grafo9002.63,63,172,0,1273,1551,2824,15692,29,1.742,2.9345,1,0.531
5468,Rome-Lib/graficon64nodi/grafo9516.64,64,172,0,1244,1559,2803,16216,30,5.661,8.4236,1,0.566
5469,Rome-Lib/graficon77nodi/grafo4423.77,77,172,0,1110,1324,2434,12386,24,10.68,26.1991,1127,0.429
5470,Rome-Lib/graficon65nodi/grafo4818.65,65,172,0,819,952,1771,7276,21,1.438,1.8458,1,0.215
5471,Rome-Lib/graficon63nodi/grafo4920.63,63,172,1,1042,1243,2285,11748,22,2.21,3.3064,1,0.433
5472,Rome-Lib/graficon83nodi/grafo9201.83,83,172,0,1767,2276,4043,31012,118,60.038,130.9298,1,1.257
5474,Rome-Lib/graficon92nodi/grafo10824.92,92,172,1,1061,1326,2387,11756,38,6.606,9.5583,1,0.427
5475,Rome-Lib/graficon87nodi/grafo7861.87,87,172,0,1767,2383,4150,31854,57,60.068,168.05,132,1.246
5476,Rome-Lib/graficon68nodi/grafo9640.68,68,172,0,1316,1580,2896,17954,24,2.391,4.4874,1,0.616
5477,Rome-Lib/graficon74nodi/grafo9513.74,74,172,0,1180,1513,2693,15234,35,8.719,13.5224,1,0.512
5478,Rome-Lib/graficon63nodi/grafo4389.63,63,172,0,1381,1654,3035,18282,40,20.082,31.993,1,0.688
5479,Rome-Lib/graficon75nodi/grafo8099.75,75,172,0,1336,1672,3008,19516,39,13.387,20.8222,1,0.665
5480,Rome-Lib/graficon73nodi/grafo8648.73,73,172,0,1963,2524,4487,38124,199,60.024,161.7101,1,1.627
5481,Rome-Lib/graficon71nodi/grafo9539.71,71,172,0,1791,2640,4431,32904,229,60.019,123.1442,1,1.328
5482,Rome-Lib/graficon95nodi/grafo10595.95,95,172,0,1532,2023,3555,23672,69,60.055,132.2643,68,0.913
5483,Rome-Lib/graficon73nodi/grafo9796.73,73,172,1,1554,1963,3517,24062,55,55.848,118.7191,98,0.873
5484,Rome-Lib/graficon83nodi/grafo8430.83,83,172,1,1683,2369,4052,29602,151,60.017,141.2148,1,1.173
5487,Rome-Lib/graficon84nodi/grafo8323.84,84,173,0,1689,2024,3713,28126,45,60.014,169.1555,303,1.13
5488,Rome-Lib/graficon76nodi/grafo8374.76,76,173,0,1242,1533,2775,15766,31,7.442,11.3896,1,0.522
5490,Rome-Lib/graficon74nodi/grafo9574.74,74,173,0,1572,2149,3721,25372,93,60.027,119.0628,52,0.972
5491,Rome-Lib/graficon88nodi/grafo8280.88,88,173,2,1835,2517,4352,33658,63,28.373,68.6918,1,1.414
5492,Rome-Lib/graficon73nodi/grafo8386.73,73,173,0,1645,2062,3707,26334,51,60.078,181.1057,197,1.015
5493,Rome-Lib/graficon67nodi/grafo9136.67,67,173,0,1269,1465,2734,16082,19,2.873,5.4114,1,0.594
5495,Rome-Lib/graficon66nodi/grafo9393.66,66,173,0,911,1092,2003,8906,21,1.314,1.619,1,0.271
5496,Rome-Lib/graficon92nodi/grafo10376.92,92,173,0,1734,2494,4228,31506,77,60.023,140.1669,1,1.253
5497,Rome-Lib/graficon100nodi/grafo10679.100,100,173,0,1301,1719,3020,19334,28,4.689,8.1425,1,0.638
5498,Rome-Lib/graficon89nodi/grafo8842.89,89,173,0,2083,2817,4900,42000,208,60.038,167.9144,1,1.855
5499,Rome-Lib/graficon65nodi/grafo4711.65,65,173,0,1209,1449,2658,15836,34,6.79,10.6892,1,0.55
5501,Rome-Lib/graficon76nodi/grafo7319.76,76,173,0,1465,1878,3343,23226,42,27.204,52.5305,1,0.819
5502,Rome-Lib/graficon77nodi/grafo9229.77,77,173,1,1436,1705,3141,21892,24,60.032,204.7885,839,0.792
5503,Rome-Lib/graficon76nodi/grafo7929.76,76,173,0,1667,2028,3695,28108,55,60.008,161.5396,144,1.132
5505,Rome-Lib/graficon70nodi/grafo9197.70,70,174,0,1601,2105,3706,24690,59,60.011,112.5206,83,0.953
5507,Rome-Lib/graficon97nodi/grafo10253.97,97,174,0,1787,2314,4101,33232,60,60.031,154.3764,110,1.582
5508,Rome-Lib/graficon95nodi/grafo10352.95,95,174,0,1416,1876,3292,20326,50,60.024,139.9478,286,0.758
5509,Rome-Lib/graficon73nodi/grafo8337.73,73,174,0,1271,1495,2766,16826,26,7.98,13.0222,1,0.599
5510,Rome-Lib/graficon83nodi/grafo9772.83,83,174,0,1358,1727,3085,18456,46,60.019,151.6121,326,0.682
5511,Rome-Lib/graficon77nodi/grafo8068.77,77,174,0,1151,1512,2663,13712,40,6.925,9.9809,1,0.441
5512,Rome-Lib/graficon85nodi/grafo8148.85,85,174,0,1820,2529,4349,36874,252,60.023,167.3742,1,1.605
5513,Rome-Lib/graficon67nodi/grafo9108.67,67,174,0,1765,2354,4119,31580,219,60.018,123.8727,1,1.28
5514,Rome-Lib/graficon78nodi/grafo9762.78,78,174,0,1850,2397,4247,36964,272,60.022,171.1054,1,1.471
5515,Rome-Lib/graficon80nodi/grafo6506.80,80,174,0,1514,2001,3515,25582,55,47.145,90.0887,1,0.937
5516,Rome-Lib/graficon80nodi/grafo6505.80,80,174,0,1514,2001,3515,25582,55,45.837,90.0887,1,0.975
5517,Rome-Lib/graficon75nodi/grafo5594.75,75,174,0,1568,1789,3357,23578,30,23.068,51.3356,1,0.904
5519,Rome-Lib/graficon75nodi/grafo8939.75,75,174,0,1182,1431,2613,15836,32,11.056,19.4188,1,0.542
5520,Rome-Lib/graficon84nodi/grafo9013.84,84,174,0,1325,1633,2958,17680,39,60.027,156.4748,970,0.616
5521,Rome-Lib/graficon72nodi/grafo8358.72,72,175,0,2146,2822,4968,45802,340,60.031,167.4041,1,1.918
5522,Rome-Lib/graficon79nodi/grafo9698.79,79,175,0,1342,1714,3056,18964,42,60.085,156.9198,1818,0.694
5523,Rome-Lib/graficon81nodi/grafo6711.81,81,175,0,1032,1226,2258,11756,25,60.034,203.2896,2626,0.36
5525,Rome-Lib/graficon76nodi/grafo8306.76,76,175,0,1233,1460,2693,15694,22,4.84,7.3386,1,0.528
5526,Rome-Lib/graficon72nodi/grafo4284.72,72,175,0,1096,1404,2500,12408,37,9.179,13.9561,1,0.433
5527,Rome-Lib/graficon86nodi/grafo9803.86,86,175,0,1706,2242,3948,32698,62,60.009,169.3951,15,1.321
5528,Rome-Lib/graficon72nodi/grafo8181.72,72,175,0,1666,2122,3788,26474,44,25.227,44.2276,1,1.102
5529,Rome-Lib/graficon86nodi/grafo8684.86,86,175,0,1939,2591,4530,37736,204,60.024,159.0564,1,1.634
5530,Rome-Lib/graficon70nodi/grafo8292.70,70,175,0,1415,1764,3179,20040,42,60.037,147.6938,881,0.734
5532,Rome-Lib/graficon84nodi/grafo7783.84,84,175,0,1528,1864,3392,24440,40,60.014,151.7727,215,0.923
5533,Rome-Lib/graficon69nodi/grafo6967.69,69,175,0,1199,1411,2610,15078,18,1.624,2.3767,1,0.526
5534,Rome-Lib/graficon93nodi/grafo10095.93,93,175,0,1609,2101,3710,27092,44,60.05,201.8012,119,0.969
5535,Rome-Lib/graficon66nodi/grafo5021.66,66,175,1,846,1015,1861,7800,15,0.537,0.7183,1,0.265
5537,Rome-Lib/graficon74nodi/grafo8700.74,74,175,0,1119,1364,2483,12278,27,3.956,5.9209,1,0.402
5538,Rome-Lib/graficon86nodi/grafo9807.86,86,175,0,1647,2037,3684,27506,39,57.447,120.8854,1,1.067
5539,Rome-Lib/graficon99nodi/grafo11161.99,99,175,0,1414,1713,3127,19440,39,60.024,146.637,695,0.72
5541,Rome-Lib/graficon93nodi/grafo10872.93,93,176,1,1272,1562,2834,17546,23,4.613,6.6576,1,0.623
5542,Rome-Lib/graficon88nodi/grafo9227.88,88,176,0,2139,2928,5067,45054,392,60.024,169.339,1,2.083
5543,Rome-Lib/graficon63nodi/grafo9350.63,63,176,0,1300,1593,2893,16838,35,60.025,175.3958,1119,0.562
5544,Rome-Lib/graficon74nodi/grafo8623.74,74,176,0,1285,1587,2872,16832,41,11.059,16.4371,1,0.583
5546,Rome-Lib/graficon65nodi/grafo9224.65,65,176,1,1532,2071,3603,23718,62,35.165,56.5536,1,0.952
5548,Rome-Lib/graficon83nodi/grafo9339.83,83,176,0,1369,1735,3104,19306,41,14.352,26.0828,25,0.685
5550,Rome-Lib/graficon64nodi/grafo4259.64,64,176,1,1469,1740,3209,21026,34,7.527,14.7892,1,0.822
5551,Rome-Lib/graficon80nodi/grafo5577.80,80,176,2,1946,2408,4354,34746,45,45.995,136.0209,1,1.471
5553,Rome-Lib/graficon74nodi/grafo8928.74,74,176,0,1427,1778,3205,19938,50,60.035,155.0301,1095,0.701
5554,Rome-Lib/graficon75nodi/grafo4156.75,75,176,0,1345,1691,3036,19178,25,3.501,6.6882,1,0.669
5555,Rome-Lib/graficon66nodi/grafo9271.66,66,176,0,1564,2008,3572,26344,46,25.485,52.6242,1,1.002
5556,Rome-Lib/graficon68nodi/grafo4135.68,68,177,0,1820,2299,4119,30726,63,60.021,124.817,1,1.268
5557,Rome-Lib/graficon92nodi/grafo8644.92,92,177,0,2104,2771,4875,42302,238,60.024,175.6762,1,1.785
5558,Rome-Lib/graficon67nodi/grafo9495.67,67,177,0,1367,1753,3120,18570,52,29.823,46.073,1,0.759
5559,Rome-Lib/graficon75nodi/grafo7803.75,75,177,0,1654,2317,3971,29772,81,60.02,130.2104,1,1.074
5560,Rome-Lib/graficon82nodi/grafo7773.82,82,177,0,1677,2187,3864,26648,52,23.982,48.4426,1,1.028
5561,Rome-Lib/graficon64nodi/grafo9751.64,64,177,0,1370,1790,3160,19402,58,60.012,151.5527,319,0.733
