Index,File,Nodes,Total Nodes,Butterflies,X-vars,C-vars,Total vars,Total constraints,Crossings,Opttime,Work,Nodes visited,Setup Time
0,Rome-Lib/graficon12nodi/grafo2359.12,12,16,1,47,60,107,304,3,0.007,0.004,1,0.007
1,Rome-Lib/graficon13nodi/grafo361.13,13,19,0,37,43,80,174,0,0.003,0.0011,1,0.004
2,Rome-Lib/graficon10nodi/grafo265.10,10,12,1,15,17,32,48,1,0.002,0.0002,1,0.001
3,north/g.17.12.graphml,17,17,0,92,1,93,730,0,0.0,0.0001,0,0.015
4,Rome-Lib/graficon15nodi/grafo1883.15,15,17,0,40,43,83,214,0,0.003,0.0012,1,0.005
5,Rome-Lib/graficon14nodi/grafo843.14,14,15,0,32,16,48,122,0,0.002,0.0005,1,0.003
6,north/g.13.83.graphml,13,13,0,6,3,9,8,0,0.0,0.0,0,0.001
7,Rome-Lib/graficon11nodi/grafo1131.11,11,13,0,22,18,40,84,0,0.001,0.0003,0,0.002
8,Rome-Lib/graficon13nodi/grafo2313.13,13,18,0,16,15,31,44,0,0.001,0.0001,0,0.001
9,Rome-Lib/graficon15nodi/grafo585.15,15,19,0,38,34,72,166,0,0.003,0.0008,1,0.004
10,Rome-Lib/graficon12nodi/grafo2651.12,12,12,1,11,12,23,30,2,0.002,0.0002,1,0.001
11,north/g.12.123.graphml,12,12,0,9,2,11,12,0,0.0,0.0,0,0.0
12,Rome-Lib/graficon16nodi/grafo2142.16,16,17,0,23,20,43,72,0,0.003,0.0004,0,0.002
13,north/g.16.62.graphml,16,16,0,91,0,91,728,0,0.0,0.0001,0,0.015
14,Rome-Lib/graficon10nodi/grafo869.10,10,12,0,6,3,9,8,0,0.001,0.0,0,0.0
15,Rome-Lib/graficon12nodi/grafo906.12,12,12,0,5,2,7,4,0,0.0,0.0,0,0.0
16,Rome-Lib/graficon13nodi/grafo559.13,13,19,0,18,16,34,54,0,0.002,0.0004,1,0.001
17,north/g.11.61.graphml,11,12,0,31,5,36,124,0,0.001,0.0004,0,0.003
18,north/g.15.49.graphml,15,16,0,16,11,27,36,0,0.002,0.0001,1,0.001
19,Rome-Lib/graficon12nodi/grafo2458.12,12,17,0,22,22,44,70,1,0.004,0.0007,1,0.002
20,Rome-Lib/graficon17nodi/grafo2615.17,17,17,0,9,6,15,18,0,0.0,0.0,0,0.0
21,Rome-Lib/graficon15nodi/grafo735.15,15,15,0,14,12,26,36,0,0.001,0.0002,0,0.001
22,Rome-Lib/graficon11nodi/grafo2946.11,11,13,0,8,7,15,18,0,0.001,0.0001,0,0.001
23,north/g.11.28.graphml,11,13,0,16,8,24,40,0,0.002,0.0002,1,0.001
24,north/g.11.55.graphml,11,13,0,14,4,18,30,0,0.0,0.0,0,0.001
25,Rome-Lib/graficon15nodi/grafo2783.15,15,19,0,28,25,53,102,1,0.005,0.0011,1,0.002
26,Rome-Lib/graficon15nodi/grafo391.15,15,24,0,64,68,132,368,2,0.008,0.005,1,0.008
27,north/g.19.23.graphml,19,21,0,21,19,40,58,0,0.003,0.0002,1,0.001
28,Rome-Lib/graficon17nodi/grafo385.17,17,28,1,61,82,143,330,4,0.01,0.0046,1,0.008
29,north/g.16.80.graphml,16,27,0,42,55,97,188,1,0.005,0.0016,1,0.005
30,Rome-Lib/graficon15nodi/grafo1124.15,15,23,0,41,37,78,158,0,0.003,0.0007,1,0.004
31,Rome-Lib/graficon23nodi/grafo2499.23,23,27,0,56,63,119,290,1,0.008,0.004,1,0.007
32,Rome-Lib/graficon17nodi/grafo459.17,17,27,0,73,81,154,416,0,0.005,0.0025,1,0.009
33,Rome-Lib/graficon19nodi/grafo1897.19,19,24,0,71,62,133,412,0,0.005,0.002,1,0.009
34,north/g.18.24.graphml,18,23,2,43,51,94,196,4,0.007,0.0025,1,0.005
35,Rome-Lib/graficon15nodi/grafo518.15,15,21,0,28,23,51,90,0,0.003,0.0006,1,0.002
36,Rome-Lib/graficon25nodi/grafo1586.25,25,29,0,86,103,189,556,0,0.005,0.004,1,0.012
37,north/g.18.8.graphml,18,28,0,73,80,153,416,0,0.004,0.0025,1,0.009
38,Rome-Lib/graficon16nodi/grafo2933.16,16,20,0,42,44,86,222,0,0.003,0.0016,1,0.005
39,north/g.11.29.graphml,11,23,0,70,95,165,502,6,0.01,0.0077,1,0.013
40,Rome-Lib/graficon18nodi/grafo706.18,18,27,1,88,95,183,602,1,0.005,0.0039,1,0.013
41,north/g.25.49.graphml,25,26,0,82,86,168,522,0,0.005,0.0033,1,0.012
42,Rome-Lib/graficon12nodi/grafo2144.12,12,28,1,64,76,140,348,3,0.008,0.0048,1,0.04
43,north/g.17.8.graphml,17,27,0,72,58,130,416,0,0.005,0.0028,1,0.009
44,north/g.19.20.graphml,19,22,0,34,25,59,132,0,0.002,0.0008,0,0.003
45,north/g.21.30.graphml,21,21,0,43,29,72,176,0,0.003,0.0007,1,0.004
46,Rome-Lib/graficon17nodi/grafo2401.17,17,28,1,151,290,441,1810,34,0.082,0.0925,1,0.039
47,north/g.29.13.graphml,29,29,0,163,17,180,1676,0,0.001,0.0002,0,0.036
48,north/g.20.26.graphml,20,20,0,43,132,175,382,9,0.017,0.0105,1,0.008
49,Rome-Lib/graficon11nodi/grafo1917.11,11,20,1,41,55,96,206,1,0.003,0.0011,1,0.005
50,Rome-Lib/graficon16nodi/grafo821.16,16,28,0,69,74,143,372,1,0.009,0.0053,1,0.008
51,north/g.26.20.graphml,26,29,0,103,71,174,656,0,0.006,0.0029,1,0.013
52,north/g.14.68.graphml,14,29,0,28,24,52,78,0,0.002,0.0003,1,0.002
53,north/g.27.16.graphml,27,27,0,63,133,196,470,22,0.032,0.0236,1,0.01
54,north/g.18.30.graphml,18,23,2,72,31,103,412,5,0.006,0.0031,1,0.009
55,north/g.25.40.graphml,25,37,0,104,183,287,746,16,0.089,0.0725,1,0.016
56,north/g.27.7.graphml,27,34,0,71,19,90,272,0,0.003,0.0021,0,0.006
57,north/g.26.4.graphml,26,30,0,81,62,143,480,0,0.005,0.004,1,0.01
58,Rome-Lib/graficon27nodi/grafo248.27,27,38,0,135,151,286,988,4,0.022,0.02,1,0.021
59,Rome-Lib/graficon15nodi/grafo2591.15,15,31,0,91,99,190,542,2,0.011,0.008,1,0.012
60,Rome-Lib/graficon22nodi/grafo2630.22,22,31,0,76,100,176,462,3,0.012,0.007,1,0.01
61,Rome-Lib/graficon20nodi/grafo2246.20,20,39,0,129,170,299,896,8,0.024,0.0225,1,0.019
62,Rome-Lib/graficon28nodi/grafo1646.28,28,37,0,66,72,138,282,2,0.009,0.0036,1,0.006
63,Rome-Lib/graficon14nodi/grafo2785.14,14,31,0,34,33,67,102,0,0.002,0.0005,1,0.003
64,Rome-Lib/graficon28nodi/grafo1264.28,28,39,0,131,112,243,874,0,0.006,0.0048,1,0.019
65,north/g.26.9.graphml,26,38,0,81,82,163,368,0,0.004,0.0022,1,0.009
66,Rome-Lib/graficon28nodi/grafo2058.28,28,38,0,56,49,105,190,0,0.003,0.0008,1,0.004
67,Rome-Lib/graficon16nodi/grafo1150.16,16,30,0,53,47,100,198,0,0.003,0.0009,1,0.005
68,Rome-Lib/graficon15nodi/grafo295.15,15,33,0,70,83,153,354,2,0.008,0.0047,1,0.008
69,north/g.22.37.graphml,22,30,0,88,44,132,452,0,0.003,0.0019,1,0.01
70,Rome-Lib/graficon26nodi/grafo1512.26,26,34,0,101,111,212,600,2,0.013,0.0099,1,0.013
71,Rome-Lib/graficon31nodi/grafo2107.31,31,38,0,62,65,127,240,1,0.007,0.003,1,0.006
72,Rome-Lib/graficon26nodi/grafo398.26,26,30,0,74,65,139,416,1,0.01,0.0054,1,0.009
73,Rome-Lib/graficon20nodi/grafo2202.20,20,31,0,93,107,200,590,2,0.011,0.0087,1,0.012
74,Rome-Lib/graficon33nodi/grafo10842.33,33,39,0,102,127,229,610,2,0.012,0.009,1,0.014
75,Rome-Lib/graficon24nodi/grafo2923.24,24,33,0,51,52,103,198,1,0.01,0.0029,1,0.004
76,Rome-Lib/graficon21nodi/grafo1927.21,21,43,0,100,104,204,488,0,0.005,0.0034,1,0.012
77,Rome-Lib/graficon27nodi/grafo1997.27,27,40,0,73,70,143,296,0,0.005,0.0015,1,0.006
78,Rome-Lib/graficon20nodi/grafo2213.20,20,49,0,177,181,358,1216,0,0.01,0.0114,1,0.027
79,Rome-Lib/graficon31nodi/grafo11127.31,31,46,0,109,125,234,574,0,0.006,0.0046,1,0.013
80,Rome-Lib/graficon32nodi/grafo2047.32,32,46,0,86,77,163,372,0,0.005,0.0026,1,0.008
81,Rome-Lib/graficon34nodi/grafo10086.34,34,43,0,129,163,292,836,1,0.018,0.0165,1,0.019
82,Rome-Lib/graficon28nodi/grafo932.28,28,45,0,145,157,302,936,2,0.022,0.0212,1,0.021
83,Rome-Lib/graficon33nodi/grafo151.33,33,46,0,125,135,260,722,4,0.018,0.0149,1,0.016
84,north/g.31.3.graphml,31,41,0,119,91,210,730,2,0.02,0.0119,1,0.015
85,Rome-Lib/graficon31nodi/grafo11356.31,31,43,0,121,130,251,706,3,0.015,0.0123,1,0.015
86,Rome-Lib/graficon20nodi/grafo2701.20,20,48,0,94,107,201,416,1,0.011,0.0061,1,0.009
87,Rome-Lib/graficon19nodi/grafo563.19,19,40,1,154,197,351,1242,9,0.031,0.0303,1,0.027
88,Rome-Lib/graficon28nodi/grafo1399.28,28,41,0,149,138,287,1054,2,0.021,0.0168,1,0.023
89,Rome-Lib/graficon37nodi/grafo11342.37,37,49,1,133,153,286,784,5,0.016,0.0151,1,0.018
90,Rome-Lib/graficon32nodi/grafo1953.32,32,42,0,86,83,169,378,0,0.005,0.0028,1,0.008
91,north/g.27.14.graphml,27,47,0,150,233,383,1222,19,0.088,0.0731,1,0.026
92,north/g.39.23.graphml,39,46,1,186,167,353,1548,1,0.009,0.0071,1,0.034
93,north/g.27.9.graphml,27,42,0,125,73,198,656,0,0.01,0.0048,1,0.014
94,north/g.28.14.graphml,28,45,0,87,79,166,382,0,0.004,0.0017,1,0.009
95,Rome-Lib/graficon30nodi/grafo1252.30,30,43,0,104,98,202,518,0,0.005,0.0037,1,0.012
96,north/g.32.12.graphml,32,42,0,123,105,228,718,2,0.018,0.0092,1,0.015
97,north/g.38.16.graphml,38,52,1,165,155,320,1114,5,0.032,0.0244,1,0.025
98,Rome-Lib/graficon37nodi/grafo7233.37,37,51,0,195,299,494,1610,11,0.07,0.0746,1,0.037
99,Rome-Lib/graficon35nodi/grafo11330.35,35,50,0,205,239,444,1708,3,0.04,0.0446,1,0.038
100,Rome-Lib/graficon25nodi/grafo1743.25,25,53,1,169,189,358,1164,4,0.024,0.0248,1,0.025
101,Rome-Lib/graficon35nodi/grafo11464.35,35,56,1,286,417,703,3062,20,0.21,0.2555,1,0.069
102,Rome-Lib/graficon33nodi/grafo1890.33,33,52,1,138,158,296,820,4,0.018,0.015,1,0.018
103,Rome-Lib/graficon38nodi/grafo7745.38,38,52,0,141,171,312,872,3,0.017,0.0154,1,0.019
104,Rome-Lib/graficon35nodi/grafo3872.35,35,59,0,246,264,510,2066,3,0.036,0.0418,1,0.046
105,Rome-Lib/graficon28nodi/grafo1291.28,28,57,0,250,290,540,2052,9,0.044,0.0468,1,0.045
106,Rome-Lib/graficon30nodi/grafo1345.30,30,50,0,304,407,711,3466,15,0.159,0.2105,1,0.079
107,Rome-Lib/graficon32nodi/grafo10048.32,32,52,0,145,175,320,900,3,0.02,0.0186,1,0.019
108,Rome-Lib/graficon37nodi/grafo5193.37,37,57,1,145,178,323,856,7,0.034,0.029,1,0.019
109,north/g.35.26.graphml,35,53,1,174,179,353,1184,8,0.024,0.0239,1,0.027
110,Rome-Lib/graficon35nodi/grafo3866.35,35,58,0,194,242,436,1388,7,0.051,0.0457,1,0.031
111,Rome-Lib/graficon36nodi/grafo6220.36,36,52,0,191,227,418,1368,4,0.027,0.0265,1,0.03
112,Rome-Lib/graficon31nodi/grafo1946.31,31,59,0,155,174,329,908,3,0.028,0.0223,1,0.02
113,Rome-Lib/graficon34nodi/grafo3023.34,34,54,0,139,157,296,804,2,0.018,0.0172,1,0.018
114,north/g.34.2.graphml,34,52,0,180,202,382,1332,1,0.022,0.0209,1,0.029
115,north/g.47.15.graphml,47,55,0,90,75,165,320,0,0.004,0.0019,1,0.008
116,Rome-Lib/graficon40nodi/grafo4020.40,40,57,1,218,266,484,1716,6,0.041,0.0468,1,0.038
117,Rome-Lib/graficon28nodi/grafo141.28,28,66,0,198,200,398,1188,0,0.011,0.009,1,0.026
118,north/g.38.4.graphml,38,62,0,169,163,332,952,3,0.022,0.0217,1,0.021
119,Rome-Lib/graficon38nodi/grafo6729.38,38,60,0,272,403,675,2526,25,0.28,0.327,1,0.057
120,Rome-Lib/graficon48nodi/grafo5587.48,48,69,0,343,415,758,3360,15,0.19,0.2366,1,0.078
121,north/g.61.35.graphml,61,61,0,569,108,677,8796,0,0.056,0.0697,1,0.233
122,Rome-Lib/graficon40nodi/grafo2729.40,40,64,0,272,303,575,2096,4,0.045,0.0538,1,0.076
123,north/g.48.10.graphml,48,66,0,417,447,864,5284,3,0.115,0.1637,1,0.129
124,Rome-Lib/graficon42nodi/grafo5644.42,42,61,0,221,237,458,1574,5,0.033,0.0368,1,0.035
125,north/g.44.4.graphml,44,69,0,213,161,374,1284,0,0.013,0.0094,1,0.028
126,north/g.44.21.graphml,44,68,0,314,119,433,3598,0,0.014,0.017,0,0.084
127,Rome-Lib/graficon40nodi/grafo5327.40,40,68,0,230,256,486,1502,4,0.049,0.0516,1,0.033
128,Rome-Lib/graficon34nodi/grafo2091.34,34,63,0,303,423,726,2902,11,0.072,0.0918,1,0.068
129,Rome-Lib/graficon42nodi/grafo3639.42,42,61,0,187,232,419,1292,3,0.03,0.0257,1,0.029
130,Rome-Lib/graficon36nodi/grafo2093.36,36,60,0,377,569,946,4798,23,0.29,0.386,1,0.114
131,Rome-Lib/graficon36nodi/grafo7380.36,36,62,0,214,280,494,1554,6,0.038,0.0442,1,0.034
132,Rome-Lib/graficon40nodi/grafo7000.40,40,67,0,221,269,490,1470,10,0.105,0.1074,1,0.034
133,Rome-Lib/graficon36nodi/grafo11030.36,36,64,1,299,376,675,2834,9,0.075,0.1007,1,0.066
134,Rome-Lib/graficon43nodi/grafo5519.43,43,69,0,331,449,780,3198,10,0.095,0.121,1,0.074
135,Rome-Lib/graficon38nodi/grafo6069.38,38,60,0,188,221,409,1260,3,0.028,0.0304,1,0.028
136,Rome-Lib/graficon34nodi/grafo10081.34,34,64,0,235,274,509,1698,3,0.044,0.0484,1,0.038
137,Rome-Lib/graficon38nodi/grafo7531.38,38,61,1,147,178,325,888,3,0.028,0.019,1,0.019
138,Rome-Lib/graficon40nodi/grafo2851.40,40,72,1,369,460,829,3688,17,0.422,0.5058,1,0.089
139,Rome-Lib/graficon45nodi/grafo3840.45,45,79,0,533,641,1174,6574,19,0.4,0.5281,1,0.164
140,Rome-Lib/graficon39nodi/grafo6094.39,39,79,0,248,281,529,1566,5,0.078,0.0768,1,0.036
141,Rome-Lib/graficon43nodi/grafo7206.43,43,78,0,331,354,685,2562,5,0.074,0.0943,1,0.059
142,Rome-Lib/graficon43nodi/grafo6359.43,43,76,0,437,594,1031,4990,18,0.401,0.5244,1,0.121
143,Rome-Lib/graficon30nodi/grafo2013.30,30,79,0,267,262,529,1610,0,0.014,0.0173,1,0.037
144,Rome-Lib/graficon39nodi/grafo10979.39,39,73,0,236,251,487,1508,5,0.047,0.0455,1,0.035
145,Rome-Lib/graficon40nodi/grafo3539.40,40,72,1,390,506,896,3932,20,0.151,0.1999,1,0.124
146,Rome-Lib/graficon38nodi/grafo10030.38,38,70,0,291,398,689,2504,8,0.098,0.1017,1,0.058
147,Rome-Lib/graficon39nodi/grafo10049.39,39,71,0,256,318,574,1808,11,0.102,0.0983,1,0.041
148,Rome-Lib/graficon38nodi/grafo3968.38,38,72,0,241,240,481,1576,1,0.022,0.0202,1,0.036
149,Rome-Lib/graficon42nodi/grafo3914.42,42,75,0,318,382,700,2582,13,0.183,0.1897,1,0.061
150,Rome-Lib/graficon42nodi/grafo3895.42,42,79,0,437,591,1028,4562,22,0.502,0.6392,1,0.113
151,Rome-Lib/graficon44nodi/grafo3592.44,44,71,0,326,442,768,3104,20,0.214,0.2438,1,0.071
152,Rome-Lib/graficon32nodi/grafo5235.32,32,73,0,271,292,563,1868,5,0.071,0.0735,1,0.043
153,Rome-Lib/graficon49nodi/grafo1408.49,49,77,0,348,373,721,3154,0,0.034,0.0473,1,0.071
154,Rome-Lib/graficon44nodi/grafo11640.44,44,73,0,378,530,908,3904,15,0.255,0.2913,1,0.092
155,Rome-Lib/graficon43nodi/grafo6165.43,43,76,0,281,323,604,1992,10,0.08,0.0938,1,0.047
156,Rome-Lib/graficon55nodi/grafo3371.55,55,70,0,251,277,528,1824,3,0.038,0.0432,1,0.041
157,Rome-Lib/graficon34nodi/grafo5744.34,34,72,0,222,266,488,1470,5,0.038,0.038,1,0.034
158,Rome-Lib/graficon39nodi/grafo7479.39,39,70,0,339,402,741,3094,13,0.163,0.2006,1,0.072
159,Rome-Lib/graficon38nodi/grafo208.38,38,84,0,335,370,705,2544,4,0.071,0.1007,1,0.059
160,Rome-Lib/graficon45nodi/grafo7376.45,45,81,1,560,830,1390,7362,48,1.11,1.7752,1,0.183
161,Rome-Lib/graficon38nodi/grafo11603.38,38,88,0,319,364,683,2286,8,0.108,0.1173,1,0.057
162,Rome-Lib/graficon48nodi/grafo6755.48,48,87,0,398,488,886,3484,12,0.268,0.3204,1,0.115
163,Rome-Lib/graficon34nodi/grafo5990.34,34,89,0,351,404,755,2792,1,0.065,0.0841,1,0.066
164,Rome-Lib/graficon43nodi/grafo7040.43,43,83,0,363,392,755,2980,3,0.057,0.0557,1,0.069
165,Rome-Lib/graficon42nodi/grafo5958.42,42,86,0,376,436,812,3016,11,0.265,0.3333,1,0.078
166,Rome-Lib/graficon52nodi/grafo1591.52,52,85,0,359,421,780,2866,5,0.125,0.1452,1,0.067
167,Rome-Lib/graficon42nodi/grafo7049.42,42,81,0,413,494,907,3880,12,0.225,0.2891,1,0.092
168,Rome-Lib/graficon47nodi/grafo6822.47,47,88,0,434,480,914,3904,5,0.11,0.145,1,0.095
169,Rome-Lib/graficon43nodi/grafo7598.43,43,82,0,389,496,885,3718,12,0.176,0.2316,1,0.099
170,Rome-Lib/graficon45nodi/grafo6138.45,45,80,0,347,429,776,2976,12,0.252,0.316,1,0.07
171,Rome-Lib/graficon38nodi/grafo5777.38,38,83,0,389,461,850,3396,10,0.143,0.1801,1,0.08
172,Rome-Lib/graficon43nodi/grafo2843.43,43,86,0,280,315,595,1882,6,0.047,0.0496,1,0.043
173,Rome-Lib/graficon40nodi/grafo7541.40,40,89,0,447,555,1002,4450,12,0.392,0.4725,1,0.106
174,Rome-Lib/graficon53nodi/grafo2097.53,53,80,0,526,756,1282,6994,26,0.738,1.1841,1,0.19
175,Rome-Lib/graficon34nodi/grafo9976.34,34,83,0,284,308,592,1874,2,0.039,0.0373,1,0.043
176,Rome-Lib/graficon39nodi/grafo5742.39,39,83,0,474,630,1104,5232,15,0.273,0.328,1,0.127
177,Rome-Lib/graficon44nodi/grafo7343.44,44,98,0,317,366,683,2166,5,0.057,0.0723,1,0.05
178,Rome-Lib/graficon55nodi/grafo4296.55,55,96,0,582,716,1298,6396,13,0.346,0.4368,1,0.173
179,Rome-Lib/graficon48nodi/grafo4059.48,48,90,1,571,745,1316,7136,11,0.239,0.2935,1,0.202
180,Rome-Lib/graficon41nodi/grafo3694.41,41,96,0,443,569,1012,3976,17,0.282,0.3356,1,0.096
181,Rome-Lib/graficon36nodi/grafo5837.36,36,98,1,435,536,971,3698,12,0.22,0.2395,1,0.089
182,Rome-Lib/graficon35nodi/grafo6517.35,35,93,0,394,487,881,3128,12,0.102,0.1195,1,0.073
183,Rome-Lib/graficon58nodi/grafo3937.58,58,93,0,325,405,730,2572,5,0.098,0.1067,1,0.059
184,Rome-Lib/graficon52nodi/grafo1448.52,52,93,1,403,480,883,3316,13,0.224,0.2561,1,0.081
185,Rome-Lib/graficon39nodi/grafo3187.39,39,91,0,462,562,1024,4448,13,0.249,0.3059,1,0.109
186,Rome-Lib/graficon69nodi/grafo8265.69,69,94,0,548,685,1233,5834,14,0.341,0.4602,1,0.149
187,Rome-Lib/graficon49nodi/grafo6445.49,49,90,0,553,675,1228,6216,11,0.48,0.7099,1,0.159
188,DAGmar/graphs/4.6/uniform_n20_e92_i9.graphml,20,99,51,1882,4253,6135,59732,1035,60.106,146.4473,1,2.438
189,Rome-Lib/graficon57nodi/grafo4041.57,57,92,0,505,557,1062,5020,11,0.292,0.3475,1,0.124
190,Rome-Lib/graficon41nodi/grafo7098.41,41,92,0,593,760,1353,6956,33,0.72,1.0221,1,0.184
191,Rome-Lib/graficon38nodi/grafo6889.38,38,94,0,277,329,606,1744,6,0.059,0.0592,1,0.039
192,Rome-Lib/graficon58nodi/grafo5251.58,58,90,0,543,659,1202,5878,15,0.611,0.8597,1,0.147
193,Rome-Lib/graficon37nodi/grafo11284.37,37,101,0,237,269,506,1174,5,0.059,0.0506,1,0.027
194,north/g.52.2.graphml,52,100,0,178,194,372,758,0,0.006,0.0049,1,0.018
195,Rome-Lib/graficon44nodi/grafo3449.44,44,103,1,613,740,1353,6732,13,0.347,0.4772,1,0.175
196,Rome-Lib/graficon54nodi/grafo3926.54,54,106,0,463,583,1046,3760,17,0.36,0.4159,1,0.089
197,Rome-Lib/graficon56nodi/grafo4651.56,56,101,0,752,1031,1783,10534,31,1.001,1.8324,1,0.292
198,Rome-Lib/graficon50nodi/grafo3744.50,50,109,0,512,689,1201,4768,24,0.979,1.5523,3,0.128
199,Rome-Lib/graficon46nodi/grafo5473.46,46,106,0,629,773,1402,6724,17,0.511,0.6474,1,0.205
200,Rome-Lib/graficon56nodi/grafo1205.56,56,100,0,584,780,1364,6862,26,0.991,1.3289,1,0.169
201,Rome-Lib/graficon47nodi/grafo6574.47,47,105,0,558,646,1204,5288,17,0.573,0.724,1,0.136
202,Rome-Lib/graficon58nodi/grafo4258.58,58,108,0,733,916,1649,9318,20,1.129,1.598,1,0.248
203,Rome-Lib/graficon45nodi/grafo6438.45,45,105,0,528,633,1161,5332,9,0.224,0.2862,1,0.131
204,Rome-Lib/graficon58nodi/grafo1501.58,58,108,0,359,429,788,2490,5,0.058,0.0616,1,0.058
205,north/g.96.4.graphml,96,106,0,1122,305,1427,22376,0,0.14,0.1831,1,0.803
206,Rome-Lib/graficon54nodi/grafo6650.54,54,108,1,568,660,1228,5418,10,0.28,0.3264,1,0.136
207,Rome-Lib/graficon54nodi/grafo5272.54,54,113,0,873,1235,2108,12662,40,3.191,5.418,1,0.347
208,Rome-Lib/graficon71nodi/grafo8270.71,71,118,1,810,1048,1858,9942,22,0.796,1.0653,1,0.277
209,Rome-Lib/graficon56nodi/grafo4256.56,56,117,1,847,1052,1899,10612,13,0.779,0.9527,1,0.342
210,Rome-Lib/graficon43nodi/grafo7453.43,43,116,1,798,1048,1846,10424,24,1.164,1.8882,1,0.323
211,Rome-Lib/graficon59nodi/grafo4546.59,59,110,0,624,744,1368,6192,16,0.638,0.8458,1,0.158
212,Rome-Lib/graficon55nodi/grafo4366.55,55,118,0,828,1007,1835,9934,16,0.94,1.1179,1,0.277
213,Rome-Lib/graficon60nodi/grafo4548.60,60,112,0,739,875,1614,8752,20,2.128,2.9195,1,0.275
214,Rome-Lib/graficon64nodi/grafo9057.64,64,114,0,720,1012,1732,9404,32,1.974,2.8545,1,0.258
215,Rome-Lib/graficon44nodi/grafo3843.44,44,118,0,809,911,1720,9272,10,0.338,0.3991,1,0.269
216,Rome-Lib/graficon45nodi/grafo7663.45,45,116,3,914,1213,2127,12428,40,1.855,3.447,1,0.368
217,north/g.96.3.graphml,96,115,0,964,323,1287,15660,2,0.231,0.2547,1,0.493
218,Rome-Lib/graficon60nodi/grafo1432.60,60,116,0,898,1062,1960,12950,24,2.978,4.7779,1,0.394
219,Rome-Lib/graficon59nodi/grafo6792.59,59,114,1,786,975,1761,9550,25,2.361,3.3596,1,0.285
220,Rome-Lib/graficon67nodi/grafo9668.67,67,123,0,748,906,1654,8914,21,3.577,6.1664,7,0.27
221,Rome-Lib/graficon39nodi/grafo7085.39,39,123,0,473,552,1025,3440,7,0.108,0.1363,1,0.085
222,Rome-Lib/graficon49nodi/grafo1542.49,49,126,0,418,457,875,2796,5,0.1,0.1043,1,0.071
223,Rome-Lib/graficon63nodi/grafo4249.63,63,122,0,863,1164,2027,11052,29,1.343,1.9734,1,0.329
224,Rome-Lib/graficon61nodi/grafo4990.61,61,124,0,773,947,1720,8436,13,0.733,1.0218,1,0.235
225,north/g.43.7.graphml,43,121,0,300,333,633,1550,1,0.042,0.0403,1,0.037
226,Rome-Lib/graficon59nodi/grafo7592.59,59,129,0,1255,1914,3169,22698,78,34.177,92.0257,7,0.734
227,Rome-Lib/graficon64nodi/grafo9716.64,64,125,0,724,880,1604,7534,20,1.523,2.3121,7,0.201
228,Rome-Lib/graficon54nodi/grafo3195.54,54,125,0,1073,1333,2406,16660,31,9.373,17.9167,1,0.525
229,Rome-Lib/graficon65nodi/grafo9519.65,65,128,0,654,867,1521,6712,22,0.569,0.7126,1,0.172
230,Rome-Lib/graficon61nodi/grafo4497.61,61,125,0,963,1212,2175,13366,48,12.535,20.2531,1,0.43
231,Rome-Lib/graficon43nodi/grafo7552.43,43,129,0,692,856,1548,6830,19,0.943,1.1926,1,0.186
232,Rome-Lib/graficon62nodi/grafo8327.62,62,131,0,874,1120,1994,10566,37,3.166,4.2492,1,0.304
233,Rome-Lib/graficon72nodi/grafo9808.72,72,136,0,1108,1412,2520,15826,32,9.962,15.5739,1,0.53
234,Rome-Lib/graficon38nodi/grafo6416.38,38,131,1,493,609,1102,3890,13,0.201,0.2338,1,0.096
235,Rome-Lib/graficon50nodi/grafo4425.50,50,135,0,712,825,1537,7266,16,1.08,1.4359,1,0.191
236,Rome-Lib/graficon69nodi/grafo9801.69,69,134,0,1027,1246,2273,13824,29,7.709,11.8983,1,0.428
237,Rome-Lib/graficon60nodi/grafo4508.60,60,133,0,624,727,1351,5554,14,0.487,0.6499,1,0.144
238,north/g.73.4.graphml,73,139,2,796,1434,2230,10744,108,60.074,149.4897,120,0.331
239,north/g.80.5.graphml,80,139,1,217,222,439,944,4,0.02,0.0122,1,0.022
240,Rome-Lib/graficon38nodi/grafo11345.38,38,139,0,664,752,1416,5814,7,0.204,0.2479,1,0.155
241,Rome-Lib/graficon72nodi/grafo4822.72,72,130,0,1212,1731,2943,20888,57,21.683,55.5992,14,0.663
242,Rome-Lib/graficon57nodi/grafo6818.57,57,134,0,768,970,1738,8786,27,1.909,2.57,1,0.239
243,Rome-Lib/graficon67nodi/grafo7436.67,67,149,0,985,1229,2214,12850,29,3.996,6.2491,1,0.389
244,Rome-Lib/graficon73nodi/grafo8385.73,73,148,0,1485,1893,3378,26236,34,12.127,30.9703,1,0.986
245,Rome-Lib/graficon55nodi/grafo5884.55,55,146,0,920,1191,2111,10490,29,4.928,9.9308,7,0.312
246,Rome-Lib/graficon75nodi/grafo4669.75,75,142,0,852,1036,1888,9134,16,0.941,1.4549,1,0.264
247,Rome-Lib/graficon60nodi/grafo4335.60,60,149,0,1107,1419,2526,14378,27,1.803,2.5712,1,0.464
248,Rome-Lib/graficon54nodi/grafo3284.54,54,142,0,951,1311,2262,11846,47,10.552,22.916,12,0.349
249,Rome-Lib/graficon74nodi/grafo9310.74,74,141,0,1379,2057,3436,25820,98,60.022,128.0332,1,0.868
250,Rome-Lib/graficon67nodi/grafo9712.67,67,140,0,768,945,1713,8068,14,0.763,1.1201,1,0.215
251,Rome-Lib/graficon60nodi/grafo5096.60,60,144,0,555,621,1176,4182,8,0.228,0.2601,1,0.105
252,Rome-Lib/graficon71nodi/grafo7997.71,71,143,0,1222,1608,2830,18734,45,20.651,59.902,70,0.59
253,Rome-Lib/graficon82nodi/grafo8627.82,82,154,0,1545,1992,3537,25936,59,60.043,148.4982,17,0.987
254,Rome-Lib/graficon71nodi/grafo8570.71,71,150,0,948,1152,2100,10744,32,4.053,5.4814,1,0.316
255,Rome-Lib/graficon75nodi/grafo8633.75,75,159,0,1580,2127,3707,28486,52,21.542,51.5232,1,1.092
256,Rome-Lib/graficon60nodi/grafo1619.60,60,159,0,675,742,1417,5062,9,0.274,0.2708,1,0.132
257,Rome-Lib/graficon57nodi/grafo3166.57,57,153,2,875,1053,1928,8984,21,1.619,2.2173,1,0.254
258,Rome-Lib/graficon56nodi/grafo7695.56,56,154,0,986,1198,2184,11482,34,4.187,6.1232,1,0.332
259,Rome-Lib/graficon60nodi/grafo4149.60,60,159,0,899,1124,2023,9976,21,1.466,1.9907,1,0.31
260,Rome-Lib/graficon80nodi/grafo5558.80,80,156,0,1578,2053,3631,26592,49,38.507,91.9087,7,1.034
261,Rome-Lib/graficon73nodi/grafo9193.73,73,169,0,1319,1692,3011,17718,36,5.972,9.6653,1,0.614
262,Rome-Lib/graficon78nodi/grafo8411.78,78,160,0,1185,1559,2744,16882,29,6.127,9.8613,1,0.548
263,Rome-Lib/graficon57nodi/grafo3180.57,57,168,0,1167,1431,2598,14278,32,4.773,7.2721,1,0.481
264,Rome-Lib/graficon70nodi/grafo9264.70,70,165,0,1379,1628,3007,20432,27,11.66,22.6868,1,0.682
265,Rome-Lib/graficon74nodi/grafo5401.74,74,160,0,1330,1714,3044,19956,38,19.521,39.911,28,0.705
266,Rome-Lib/graficon45nodi/grafo5731.45,45,162,0,969,1178,2147,10648,23,2.549,3.9207,1,0.321
267,Rome-Lib/graficon59nodi/grafo7070.59,59,168,0,1442,1752,3194,21538,29,9.791,16.4606,1,0.77
268,north/g.67.1.graphml,67,169,0,1217,1331,2548,15372,1,0.305,0.4048,1,0.488
269,Rome-Lib/graficon68nodi/grafo9073.68,68,160,0,877,1053,1930,8446,20,0.99,1.1176,1,0.236
270,Rome-Lib/graficon86nodi/grafo8769.86,86,179,0,1596,1833,3429,24092,25,7.895,14.9156,1,0.89
271,Rome-Lib/graficon61nodi/grafo4713.61,61,171,0,1463,1847,3310,22156,38,22.91,39.904,1,0.779
272,Rome-Lib/graficon78nodi/grafo9650.78,78,171,0,1337,1797,3134,19094,56,33.657,73.7951,15,0.646
273,Rome-Lib/graficon95nodi/grafo10597.95,95,178,0,1238,1646,2884,17978,45,16.219,27.0698,1,0.558
274,Rome-Lib/graficon83nodi/grafo8568.83,83,171,1,1303,1631,2934,17474,35,13.392,21.2818,1,0.619
275,Rome-Lib/graficon75nodi/grafo8099.75,75,172,0,1336,1672,3008,19516,39,13.035,20.8203,1,0.655
276,Rome-Lib/graficon65nodi/grafo4711.65,65,173,0,1209,1449,2658,15836,34,6.221,11.0597,1,0.542
277,Rome-Lib/graficon67nodi/grafo9083.67,67,177,0,968,1107,2075,9632,16,1.712,2.358,13,0.281
278,Rome-Lib/graficon77nodi/grafo8068.77,77,174,0,1151,1512,2663,13712,40,8.866,12.6935,1,0.44
279,Rome-Lib/graficon42nodi/grafo7665.42,42,185,0,1206,1397,2603,13724,28,5.769,8.3733,1,0.455
280,Rome-Lib/graficon75nodi/grafo4992.75,75,187,0,1199,1456,2655,14960,26,6.753,10.254,1,0.475
281,north/g.85.3.graphml,85,183,0,1226,1161,2387,14278,15,0.796,0.8328,1,0.464
282,Rome-Lib/graficon80nodi/grafo4783.80,80,189,0,1567,1926,3493,22968,26,8.703,15.3935,1,0.904
283,Rome-Lib/graficon55nodi/grafo4002.55,55,189,0,1470,1794,3264,20054,27,4.114,7.1491,1,0.769
284,Rome-Lib/graficon87nodi/grafo7132.87,87,186,0,1547,1886,3433,23550,35,19.473,39.3545,1,0.851
285,Rome-Lib/graficon84nodi/grafo9730.84,84,185,0,2105,2839,4944,41902,185,60.024,159.7805,1,1.785
286,Rome-Lib/graficon92nodi/grafo10715.92,92,181,1,1303,1694,2997,19230,33,9.899,16.7949,1,0.637
287,Rome-Lib/graficon78nodi/grafo8252.78,78,194,0,1480,1889,3369,20806,32,11.042,17.7928,1,0.688
288,Rome-Lib/graficon77nodi/grafo8146.77,77,199,0,1463,1760,3223,18816,43,31.338,50.9513,1,0.685
289,Rome-Lib/graficon77nodi/grafo9835.77,77,195,0,1534,1836,3370,21004,30,8.876,15.9091,1,0.78
290,Rome-Lib/graficon61nodi/grafo4668.61,61,195,0,1464,1820,3284,18356,42,32.386,59.8999,7,0.677
291,Rome-Lib/graficon80nodi/grafo7823.80,80,190,0,1499,2056,3555,22702,65,32.968,75.0296,19,0.803
292,Rome-Lib/graficon95nodi/grafo10916.95,95,194,0,1773,2160,3933,27674,36,43.465,99.0244,1,1.086
293,Rome-Lib/graficon77nodi/grafo9766.77,77,194,0,1991,2483,4474,36552,77,60.02,168.1318,1,1.526
294,Rome-Lib/graficon72nodi/grafo6836.72,72,201,0,1560,1811,3371,21322,33,9.554,17.9053,1,0.805
295,Rome-Lib/graficon83nodi/grafo5086.83,83,202,0,1606,2005,3611,21134,46,23.031,43.8776,15,0.812
296,Rome-Lib/graficon61nodi/grafo4612.61,61,206,0,1335,1673,3008,15070,37,5.882,8.6621,1,0.508
297,Rome-Lib/graficon73nodi/grafo8508.73,73,205,0,1231,1402,2633,13678,20,1.617,2.2128,1,0.524
298,Rome-Lib/graficon56nodi/grafo3136.56,56,200,0,1742,2068,3810,25144,49,56.084,133.841,23,0.938
299,Rome-Lib/graficon95nodi/grafo10837.95,95,202,0,989,1262,2251,9574,33,3.737,5.2884,1,0.284
300,Rome-Lib/graficon75nodi/grafo8638.75,75,202,0,1654,1897,3551,23960,32,12.735,26.7147,1,0.913
301,Rome-Lib/graficon66nodi/grafo4414.66,66,217,0,1499,1781,3280,17010,38,17.133,31.5214,7,0.625
302,Rome-Lib/graficon87nodi/grafo8829.87,87,215,0,2064,2795,4859,37708,388,60.076,126.0214,1,1.632
303,Rome-Lib/graficon75nodi/grafo9414.75,75,212,1,2132,2853,4985,36208,284,60.02,129.1433,1,1.521
304,Rome-Lib/graficon81nodi/grafo9318.81,81,212,0,1743,2076,3819,26436,30,23.66,46.9382,1,1.027
305,Rome-Lib/graficon89nodi/grafo9289.89,89,218,0,2492,3303,5795,48698,313,60.058,171.7586,1,2.325
306,Rome-Lib/graficon88nodi/grafo8506.88,88,214,0,2662,3483,6145,57116,453,60.038,170.613,1,2.911
307,Rome-Lib/graficon94nodi/grafo10602.94,94,216,1,1867,2099,3966,26780,25,25.508,51.8531,1,1.082
308,Rome-Lib/graficon55nodi/grafo3119.55,55,216,1,1885,2253,4138,26808,34,14.769,24.6985,1,1.096
