Index,File,nOpts,OptTime,CrFinal,Cr1,T1,Cr2,T2...
0,random graphs/ratio_d3/r1.5k18n12/graph0.lgbin,59.8660454750061,247,502,0,289,27.488234996795654,251,35.77559947967529,248,42.676942586898804,247,47.158493518829346,247,54.645939111709595,247,59.83283185958862,247,60.07176756858826
1,random graphs/ratio_d3/r1.5k18n12/graph1.lgbin,59.95298099517822,257,483,0,300,51.18757653236389,261,58.87420296669006,257,60.04272150993347
2,random graphs/ratio_d3/r1.5k18n12/graph2.lgbin,59.14748978614807,206,503,0,280,7.056248426437378,224,9.591512680053711,217,11.482775211334229,217,15.165175676345825,211,19.569438695907593,206,21.338510036468506,206,22.73850417137146,206,23.78612971305847,206,25.35897207260132,206,27.032824516296387,206,28.049657106399536,206,29.386377573013306,206,30.35212516784668,206,31.466161012649536,206,32.907947063446045,206,34.53817939758301,206,35.94918704032898,206,37.30230641365051,206,38.56794214248657,206,39.63114953041077,206,42.19851779937744,206,43.18790650367737,206,44.37400722503662,206,45.974783420562744,206,48.784188747406006,206,49.91530632972717,206,51.00544047355652,206,53.931057929992676,206,55.66746759414673,206,57.13898158073425,206,58.30800747871399,206,60.04169845581055
3,random graphs/ratio_d3/r1.5k18n12/graph3.lgbin,60.08658695220947,331,519,0,331,60.11645245552063
4,random graphs/ratio_d3/r1.5k18n12/graph4.lgbin,60.92371582984924,271,489,0,299,39.97359108924866,271,60.98507761955261
5,random graphs/ratio_d3/r1.5k18n12/graph5.lgbin,59.9950213432312,280,500,0,305,14.486504316329956,280,60.05337357521057
6,random graphs/ratio_d3/r1.5k18n12/graph6.lgbin,60.03010129928589,276,536,0,276,60.06044244766235
7,random graphs/ratio_d3/r1.5k18n12/graph7.lgbin,59.89401412010193,250,571,0,310,33.1791889667511,262,46.33671188354492,258,50.81701159477234,252,52.9250009059906,250,60.042388677597046
8,random graphs/ratio_d3/r1.5k18n12/graph8.lgbin,59.450454235076904,221,519,0,304,16.233789920806885,274,20.10449242591858,247,24.6420795917511,247,27.39640736579895,236,35.51403832435608,221,37.177602767944336,221,38.05566668510437,221,39.14502716064453,221,40.759289026260376,221,42.367634534835815,221,44.70657277107239,221,46.418312549591064,221,47.444392681121826,221,49.13892149925232,221,50.45349645614624,221,53.79639220237732,221,54.80869388580322,221,56.32080626487732,221,58.509721755981445,221,60.04137420654297
9,random graphs/ratio_d3/r1.5k18n12/graph9.lgbin,59.9938428401947,246,487,0,300,52.208919525146484,246,60.05283284187317
10,random graphs/ratio_d3/r1.5k18n12/graph10.lgbin,59.4130425453186,206,493,0,246,6.398972988128662,230,11.386396884918213,226,17.456385612487793,220,21.673584461212158,217,23.605972051620483,208,26.61375141143799,208,30.87948775291443,208,33.83389973640442,208,36.697986364364624,206,39.312214851379395,206,41.090015172958374,206,43.82335305213928,206,45.14222240447998,206,46.68491268157959,206,48.866066217422485,206,49.88816547393799,206,51.683666706085205,206,56.21047067642212,206,57.36251187324524,206,59.8710401058197,206,60.03105902671814
11,random graphs/ratio_d3/r1.5k18n12/graph11.lgbin,60.268576860427856,290,494,0,290,60.29914999008179
12,random graphs/ratio_d3/r1.5k18n12/graph12.lgbin,59.203821659088135,213,509,0,271,6.529170513153076,227,8.851349830627441,214,9.980532884597778,213,12.595819234848022,213,14.451550483703613,213,15.3086998462677,213,18.47666907310486,213,20.07267165184021,213,21.433133840560913,213,22.720978260040283,213,24.44397807121277,213,25.464694499969482,213,29.273823499679565,213,30.873257875442505,213,32.95602893829346,213,35.73610210418701,213,37.03745627403259,213,38.703392028808594,213,39.792299032211304,213,41.158321142196655,213,42.68576622009277,213,43.62675213813782,213,45.680148124694824,213,47.046425104141235,213,48.40513324737549,213,50.37029576301575,213,56.32344627380371,213,57.62766671180725,213,60.04606604576111
13,random graphs/ratio_d3/r1.5k18n12/graph13.lgbin,59.72928977012634,245,511,0,301,15.800540447235107,264,28.24860954284668,249,31.174209594726562,247,36.65082764625549,247,42.30077052116394,247,46.10153794288635,245,47.67445516586304,245,50.693336725234985,245,54.21594834327698,245,58.081592321395874,245,60.0405969619751
14,random graphs/ratio_d3/r1.5k18n12/graph14.lgbin,59.49598693847656,219,470,0,262,7.5668017864227295,230,11.625352621078491,223,13.799245119094849,222,15.513633012771606,222,18.388000965118408,222,19.838231801986694,220,22.564416885375977,219,24.968852281570435,219,31.43644380569458,219,33.598265171051025,219,35.587961196899414,219,38.982558250427246,219,43.04174613952637,219,44.66125464439392,219,46.341723918914795,219,49.07015109062195,219,54.21264338493347,219,55.60555291175842,219,60.04982304573059
15,random graphs/ratio_d3/r1.5k18n12/graph15.lgbin,59.991243839263916,283,471,0,305,56.56563973426819,283,60.04910898208618
16,random graphs/ratio_d3/r1.5k18n12/graph16.lgbin,60.025105714797974,325,536,0,325,60.05544590950012
17,random graphs/ratio_d3/r1.5k18n12/graph17.lgbin,59.5738480091095,249,518,0,304,13.992897748947144,267,19.13139033317566,251,21.371031761169434,249,24.249982357025146,249,26.653581619262695,249,29.78541374206543,249,33.149449825286865,249,35.89127230644226,249,37.82523441314697,249,40.9357635974884,249,43.34940242767334,249,46.04384803771973,249,49.44387650489807,249,52.09095120429993,249,56.2448308467865,249,60.03701663017273
18,random graphs/ratio_d3/r1.5k18n12/graph18.lgbin,59.64476752281189,227,470,0,252,9.828000783920288,232,12.44236946105957,231,15.028659582138062,231,19.124605894088745,231,22.66612410545349,231,30.974014282226562,231,34.737945795059204,229,39.543386697769165,229,41.62808060646057,229,47.065085887908936,229,48.26404619216919,227,49.87893009185791,227,52.39443778991699,227,55.34138536453247,227,60.082804679870605
19,random graphs/ratio_d3/r1.5k18n12/graph19.lgbin,60.039666175842285,294,492,0,294,60.069615840911865
20,random graphs/ratio_d3/r1.5k18n12/graph20.lgbin,60.040287256240845,307,505,0,307,60.070648193359375
21,random graphs/ratio_d3/r1.5k18n12/graph21.lgbin,59.97356343269348,289,543,0,295,59.93087863922119,289,60.03042435646057
22,random graphs/ratio_d3/r1.5k18n12/graph22.lgbin,59.18585133552551,208,462,0,248,7.5888988971710205,220,11.523733854293823,211,13.208974123001099,210,15.118892669677734,208,18.07524037361145,208,19.57176685333252,208,20.925299644470215,208,22.40248394012451,208,25.635878086090088,208,27.381017208099365,208,28.61778235435486,208,30.080979585647583,208,31.28634238243103,208,33.1637921333313,208,35.03929305076599,208,37.23939919471741,208,38.29573583602905,208,39.54402232170105,208,41.03017282485962,208,42.3457510471344,208,43.67866015434265,208,45.97398257255554,208,47.750884771347046,208,49.05660915374756,208,50.20945644378662,208,52.18603730201721,208,54.93808960914612,208,57.619994163513184,208,59.921061754226685,208,60.02985382080078
23,random graphs/ratio_d3/r1.5k18n12/graph23.lgbin,60.04680871963501,322,527,0,322,60.07721948623657
24,random graphs/ratio_d3/r1.5k18n12/graph24.lgbin,59.67474818229675,232,466,0,279,8.259187459945679,249,12.53881049156189,239,18.995335817337036,233,27.14129877090454,233,33.04307150840759,232,34.38509798049927,232,37.655455589294434,232,40.636772871017456,232,43.91940999031067,232,48.211365938186646,232,54.28260064125061,232,58.75674319267273,232,60.04157590866089
25,random graphs/ratio_d3/r1.5k18n12/graph25.lgbin,59.673513650894165,209,494,0,269,18.923122882843018,229,25.67901873588562,218,30.75596261024475,217,34.43378806114197,216,37.14012098312378,215,42.38784146308899,211,44.50955390930176,211,45.96077752113342,211,48.081034421920776,211,50.93203377723694,211,56.00135636329651,209,57.32910871505737,209,60.04574251174927
26,random graphs/ratio_d3/r1.5k18n12/graph26.lgbin,59.81467580795288,233,509,0,273,24.68976330757141,249,34.796682357788086,243,39.028605937957764,240,43.67759609222412,238,47.2356173992157,233,54.47983980178833,233,58.524916648864746,233,60.05111360549927
27,random graphs/ratio_d3/r1.5k18n12/graph27.lgbin,60.02946138381958,330,521,0,330,60.05863928794861
28,random graphs/ratio_d3/r1.5k18n12/graph28.lgbin,59.866960763931274,251,519,0,289,12.162320137023926,262,23.847785472869873,255,31.623411417007446,254,37.62417507171631,252,47.62004852294922,251,60.040743589401245
29,random graphs/ratio_d3/r1.5k18n12/graph29.lgbin,59.958632469177246,251,473,0,278,27.82316756248474,255,41.39116811752319,251,60.044843435287476
30,random graphs/ratio_d3/r1.5k18n12/graph30.lgbin,59.744906187057495,217,483,0,274,21.891697645187378,256,39.82160711288452,239,42.85901236534119,228,45.004714012145996,227,47.93810510635376,227,49.978150606155396,227,53.40950036048889,227,55.76091122627258,217,58.56083798408508,217,60.038371086120605
31,random graphs/ratio_d3/r1.5k18n12/graph31.lgbin,59.350529193878174,209,453,0,260,8.510266542434692,217,10.39189338684082,216,13.749643325805664,216,15.219264507293701,214,18.712533950805664,214,21.13180136680603,214,22.843912601470947,214,25.836926221847534,214,27.465079069137573,214,29.058033227920532,214,30.908711671829224,214,32.43304133415222,214,33.825825691223145,214,35.61680197715759,214,40.47678899765015,214,41.80013632774353,214,43.28785705566406,213,48.23543620109558,210,51.61627984046936,209,53.11050295829773,209,54.72819519042969,209,58.38742518424988,209,60.023946046829224
32,random graphs/ratio_d3/r1.5k18n12/graph32.lgbin,59.646944761276245,233,478,0,262,4.133054494857788,242,6.101896286010742,238,10.728099822998047,235,17.777111291885376,234,21.746750116348267,234,26.987755060195923,233,29.036104679107666,233,37.661683559417725,233,41.158425092697144,233,44.896191120147705,233,50.14145827293396,233,53.368592739105225,233,58.80569267272949,233,60.04003429412842
33,random graphs/ratio_d3/r1.5k18n12/graph33.lgbin,59.419641733169556,215,505,0,272,14.761298894882202,242,18.83034062385559,224,20.775015830993652,218,25.94009494781494,216,30.959195375442505,215,34.5000376701355,215,35.61413073539734,215,38.90427589416504,215,42.416264295578,215,44.14454007148743,215,45.51170086860657,215,46.905749797821045,215,47.87961769104004,215,49.65999627113342,215,51.22453951835632,215,52.87748837471008,215,54.45837736129761,215,55.463767290115356,215,56.60367679595947,215,59.33259963989258,215,60.04376983642578
34,random graphs/ratio_d3/r1.5k18n12/graph34.lgbin,59.92841053009033,256,488,0,302,33.316734313964844,257,45.078121185302734,256,49.942389726638794,256,60.04160284996033
35,random graphs/ratio_d3/r1.5k18n12/graph35.lgbin,60.031543254852295,323,562,0,323,60.060869216918945
36,random graphs/ratio_d3/r1.5k18n12/graph36.lgbin,60.00337100028992,281,489,0,305,32.47284388542175,281,60.06237244606018
37,random graphs/ratio_d3/r1.5k18n12/graph37.lgbin,60.03150486946106,334,537,0,334,60.06102252006531
38,random graphs/ratio_d3/r1.5k18n12/graph38.lgbin,59.43730282783508,231,499,0,291,16.77442240715027,247,19.98584794998169,239,22.424277782440186,232,26.030348777770996,232,27.673665046691895,231,29.81608009338379,231,31.45469045639038,231,34.39942979812622,231,35.79879355430603,231,37.24169659614563,231,39.99726939201355,231,41.423561811447144,231,43.013932943344116,231,44.83275532722473,231,46.846421241760254,231,48.542452335357666,231,50.81648111343384,231,52.9609899520874,231,54.687305212020874,231,56.78972053527832,231,60.047712087631226
39,random graphs/ratio_d3/r1.5k18n12/graph39.lgbin,59.98169803619385,266,518,0,312,46.88401818275452,270,52.46482849121094,266,60.06534552574158
40,random graphs/ratio_d3/r1.5k18n12/graph40.lgbin,59.81755805015564,236,485,0,297,35.1852822303772,255,40.89684510231018,241,44.473124980926514,239,48.7792010307312,236,51.40764498710632,236,54.685429096221924,236,58.59063100814819,236,60.03903937339783
41,random graphs/ratio_d3/r1.5k18n12/graph41.lgbin,60.01943039894104,303,464,0,303,60.04976415634155
42,random graphs/ratio_d3/r1.5k18n12/graph42.lgbin,59.719382762908936,213,427,0,241,4.426894903182983,222,7.1589131355285645,221,8.551053047180176,221,14.984016418457031,221,30.71673083305359,221,34.27014875411987,220,45.21654009819031,219,49.33400297164917,214,54.83022856712341,214,56.86477279663086,213,60.06928372383118
43,random graphs/ratio_d3/r1.5k18n12/graph43.lgbin,59.167749881744385,225,539,0,295,11.792181253433228,243,14.31900143623352,233,15.62676739692688,228,18.15581512451172,225,22.130884170532227,225,24.0950448513031,225,25.3925940990448,225,27.181253671646118,225,29.31999707221985,225,30.898569583892822,225,32.19339609146118,225,33.33623242378235,225,34.53951144218445,225,36.11294960975647,225,37.3119375705719,225,38.641440868377686,225,39.72076058387756,225,41.831687927246094,225,43.111220836639404,225,45.21116089820862,225,46.73302245140076,225,47.96777081489563,225,49.668004274368286,225,50.74764895439148,225,52.47863745689392,225,53.63841485977173,225,54.61613869667053,225,56.0131676197052,225,57.047441244125366,225,58.306254148483276,225,60.04002594947815
44,random graphs/ratio_d3/r1.5k18n12/graph44.lgbin,59.66973829269409,225,533,0,309,20.720245599746704,254,25.90824007987976,243,34.825013160705566,237,39.293750047683716,228,40.61608362197876,227,45.35044050216675,225,48.85709595680237,225,51.20180010795593,225,53.4258337020874,225,54.87329435348511,225,57.268725872039795,225,59.860958099365234,225,60.036426305770874
45,random graphs/ratio_d3/r1.5k18n12/graph45.lgbin,60.01422667503357,283,467,0,283,60.043686866760254
46,random graphs/ratio_d3/r1.5k18n12/graph46.lgbin,59.78217673301697,246,485,0,302,21.137303113937378,281,35.034539461135864,266,36.976311445236206,265,40.59188365936279,255,45.59607648849487,250,50.30755567550659,246,57.89258813858032,246,59.67199492454529,246,60.036351442337036
47,random graphs/ratio_d3/r1.5k18n12/graph47.lgbin,59.436872482299805,198,488,0,257,15.353736877441406,217,20.77591824531555,209,23.440658807754517,199,25.28754162788391,198,27.682759284973145,198,28.813828468322754,198,30.810630798339844,198,31.796684741973877,198,33.36184287071228,198,35.81238603591919,198,36.90049624443054,198,39.19469904899597,198,41.88628363609314,198,43.39888048171997,198,48.412017822265625,198,50.409422874450684,198,52.31829476356506,198,54.31362509727478,198,56.931453704833984,198,58.96601939201355,198,60.044806480407715
48,random graphs/ratio_d3/r1.5k18n12/graph48.lgbin,59.80235934257507,235,427,0,258,14.004889488220215,238,17.009756088256836,237,22.41263437271118,237,25.931760787963867,237,28.199727296829224,235,36.74326419830322,235,38.57702136039734,235,40.58511447906494,235,47.182376861572266,235,53.90682888031006,235,57.18713450431824,235,59.407623529434204,235,60.17293071746826
49,random graphs/ratio_d3/r1.5k18n12/graph49.lgbin,59.366539001464844,217,499,0,274,5.130548477172852,241,10.442949295043945,223,11.82418179512024,219,13.725098371505737,219,15.518864393234253,219,18.06928586959839,219,22.66110324859619,219,26.452765941619873,219,28.208810567855835,219,30.853992700576782,219,35.34802746772766,219,39.76410698890686,219,42.9388473033905,219,44.49959444999695,218,46.5167920589447,217,48.34771013259888,217,49.608601331710815,217,50.956575870513916,217,52.56739950180054,217,54.213704109191895,217,55.83984446525574,217,58.06509852409363,217,60.041213274002075
0,random graphs/ratio_d3/r1.5k18n12/graph0.lgbin,60.05585074424744,332,502,0,332,60.085647106170654
1,random graphs/ratio_d3/r1.5k18n12/graph1.lgbin,60.02031993865967,302,483,0,302,60.05150294303894
2,random graphs/ratio_d3/r1.5k18n12/graph2.lgbin,60.88809037208557,207,503,0,207,60.91705250740051
3,random graphs/ratio_d3/r1.5k18n12/graph3.lgbin,60.10986256599426,260,519,0,260,60.13939881324768
4,random graphs/ratio_d3/r1.5k18n12/graph4.lgbin,60.040777921676636,254,489,0,254,60.07215094566345
5,random graphs/ratio_d3/r1.5k18n12/graph5.lgbin,60.03002691268921,310,500,0,310,60.06046414375305
6,random graphs/ratio_d3/r1.5k18n12/graph6.lgbin,60.122636795043945,382,536,0,382,60.153385162353516
7,random graphs/ratio_d3/r1.5k18n12/graph7.lgbin,60.082218408584595,347,571,0,347,60.11247396469116
8,random graphs/ratio_d3/r1.5k18n12/graph8.lgbin,60.01744294166565,224,519,0,224,60.04811882972717
9,random graphs/ratio_d3/r1.5k18n12/graph9.lgbin,60.298251152038574,243,487,0,243,60.3276002407074
10,random graphs/ratio_d3/r1.5k18n12/graph10.lgbin,60.044082164764404,218,493,0,218,60.07563352584839
11,random graphs/ratio_d3/r1.5k18n12/graph11.lgbin,60.00755453109741,311,494,0,311,60.03883385658264
12,random graphs/ratio_d3/r1.5k18n12/graph12.lgbin,60.02247071266174,247,509,0,247,60.05257177352905
13,random graphs/ratio_d3/r1.5k18n12/graph13.lgbin,60.27720665931702,245,511,0,245,60.30672550201416
14,random graphs/ratio_d3/r1.5k18n12/graph14.lgbin,60.03653049468994,222,470,0,222,60.06756854057312
15,random graphs/ratio_d3/r1.5k18n12/graph15.lgbin,60.065929651260376,311,471,0,311,60.09569716453552
16,random graphs/ratio_d3/r1.5k18n12/graph16.lgbin,60.41297268867493,214,536,0,214,60.44369173049927
17,random graphs/ratio_d3/r1.5k18n12/graph17.lgbin,60.031224727630615,318,518,0,318,60.0617938041687
18,random graphs/ratio_d3/r1.5k18n12/graph18.lgbin,60.02382230758667,258,470,0,258,60.05475640296936
19,random graphs/ratio_d3/r1.5k18n12/graph19.lgbin,60.20157790184021,252,492,0,252,60.23307228088379
20,random graphs/ratio_d3/r1.5k18n12/graph20.lgbin,60.042720317840576,315,505,0,315,60.0743567943573
21,random graphs/ratio_d3/r1.5k18n12/graph21.lgbin,60.036006927490234,284,543,0,284,60.06563353538513
22,random graphs/ratio_d3/r1.5k18n12/graph22.lgbin,60.122960567474365,219,462,0,219,60.1526882648468
23,random graphs/ratio_d3/r1.5k18n12/graph23.lgbin,60.05384683609009,387,527,0,387,60.08455538749695
24,random graphs/ratio_d3/r1.5k18n12/graph24.lgbin,60.024237871170044,262,466,0,262,60.054094314575195
25,random graphs/ratio_d3/r1.5k18n12/graph25.lgbin,60.04373121261597,245,494,0,245,60.07403826713562
26,random graphs/ratio_d3/r1.5k18n12/graph26.lgbin,60.10278511047363,274,509,0,274,60.133506298065186
27,random graphs/ratio_d3/r1.5k18n12/graph27.lgbin,60.056960582733154,321,521,0,321,60.08652067184448
28,random graphs/ratio_d3/r1.5k18n12/graph28.lgbin,60.03312969207764,298,519,0,298,60.06366276741028
29,random graphs/ratio_d3/r1.5k18n12/graph29.lgbin,60.02176785469055,255,473,0,255,60.05205535888672
30,random graphs/ratio_d3/r1.5k18n12/graph30.lgbin,60.03057384490967,272,483,0,272,60.06143569946289
31,random graphs/ratio_d3/r1.5k18n12/graph31.lgbin,60.04089570045471,315,453,0,315,60.072245836257935
32,random graphs/ratio_d3/r1.5k18n12/graph32.lgbin,60.01947832107544,334,478,0,334,60.0494327545166
33,random graphs/ratio_d3/r1.5k18n12/graph33.lgbin,60.028441190719604,252,505,0,252,60.05997323989868
34,random graphs/ratio_d3/r1.5k18n12/graph34.lgbin,60.02783823013306,277,488,0,277,60.057533264160156
35,random graphs/ratio_d3/r1.5k18n12/graph35.lgbin,60.03136348724365,296,562,0,296,60.06126260757446
36,random graphs/ratio_d3/r1.5k18n12/graph36.lgbin,60.01451587677002,347,489,0,347,60.04559874534607
37,random graphs/ratio_d3/r1.5k18n12/graph37.lgbin,60.017260789871216,329,537,0,329,60.04822325706482
38,random graphs/ratio_d3/r1.5k18n12/graph38.lgbin,60.037694692611694,426,499,0,426,60.06878161430359
39,random graphs/ratio_d3/r1.5k18n12/graph39.lgbin,60.029998779296875,425,518,0,425,60.05898571014404
40,random graphs/ratio_d3/r1.5k18n12/graph40.lgbin,60.0391960144043,325,485,0,325,60.06879544258118
41,random graphs/ratio_d3/r1.5k18n12/graph41.lgbin,60.02143383026123,282,464,0,282,60.051241874694824
42,random graphs/ratio_d3/r1.5k18n12/graph42.lgbin,60.03126621246338,304,427,0,304,60.0630841255188
43,random graphs/ratio_d3/r1.5k18n12/graph43.lgbin,60.0290949344635,312,539,0,312,60.05904221534729
44,random graphs/ratio_d3/r1.5k18n12/graph44.lgbin,60.36014223098755,282,533,0,282,60.39031982421875
45,random graphs/ratio_d3/r1.5k18n12/graph45.lgbin,60.0433783531189,273,467,0,273,60.07300877571106
46,random graphs/ratio_d3/r1.5k18n12/graph46.lgbin,60.03185749053955,276,485,0,276,60.06142210960388
47,random graphs/ratio_d3/r1.5k18n12/graph47.lgbin,60.044230699539185,259,488,0,259,60.07501029968262
48,random graphs/ratio_d3/r1.5k18n12/graph48.lgbin,60.01656770706177,284,427,0,284,60.04656267166138
49,random graphs/ratio_d3/r1.5k18n12/graph49.lgbin,60.17016410827637,210,499,0,210,60.20124578475952
0,random graphs/ratio_d3/r1.5k18n12/graph0.lgbin,60.021158933639526,332,502,0,332,60.05098366737366
1,random graphs/ratio_d3/r1.5k18n12/graph1.lgbin,60.02015709877014,302,483,0,302,60.051270723342896
2,random graphs/ratio_d3/r1.5k18n12/graph2.lgbin,60.898606300354004,207,503,0,207,60.928181409835815
3,random graphs/ratio_d3/r1.5k18n12/graph3.lgbin,60.043524742126465,260,519,0,260,60.07324767112732
4,random graphs/ratio_d3/r1.5k18n12/graph4.lgbin,60.03772306442261,254,489,0,254,60.0679566860199
5,random graphs/ratio_d3/r1.5k18n12/graph5.lgbin,60.02651643753052,310,500,0,310,60.05576157569885
6,random graphs/ratio_d3/r1.5k18n12/graph6.lgbin,60.21721887588501,382,536,0,382,60.24742126464844
7,random graphs/ratio_d3/r1.5k18n12/graph7.lgbin,60.08503198623657,348,571,0,348,60.11513066291809
8,random graphs/ratio_d3/r1.5k18n12/graph8.lgbin,60.03279447555542,224,519,0,224,60.063152551651
9,random graphs/ratio_d3/r1.5k18n12/graph9.lgbin,60.35734677314758,243,487,0,243,60.38714408874512
10,random graphs/ratio_d3/r1.5k18n12/graph10.lgbin,60.031983852386475,218,493,0,218,60.063233613967896
11,random graphs/ratio_d3/r1.5k18n12/graph11.lgbin,60.00714635848999,311,494,0,311,60.03843092918396
12,random graphs/ratio_d3/r1.5k18n12/graph12.lgbin,60.025291204452515,247,509,0,247,60.05596852302551
13,random graphs/ratio_d3/r1.5k18n12/graph13.lgbin,60.29992651939392,245,511,0,245,60.32960772514343
14,random graphs/ratio_d3/r1.5k18n12/graph14.lgbin,60.03926992416382,222,470,0,222,60.069823026657104
15,random graphs/ratio_d3/r1.5k18n12/graph15.lgbin,60.048710107803345,311,471,0,311,60.07864165306091
16,random graphs/ratio_d3/r1.5k18n12/graph16.lgbin,60.525482416152954,214,536,0,214,60.556426763534546
17,random graphs/ratio_d3/r1.5k18n12/graph17.lgbin,60.022321939468384,318,518,0,318,60.053921937942505
18,random graphs/ratio_d3/r1.5k18n12/graph18.lgbin,60.029032468795776,258,470,0,258,60.06046724319458
19,random graphs/ratio_d3/r1.5k18n12/graph19.lgbin,60.066524028778076,252,492,0,252,60.098554372787476
20,random graphs/ratio_d3/r1.5k18n12/graph20.lgbin,60.048022508621216,308,505,0,308,60.079296350479126
21,random graphs/ratio_d3/r1.5k18n12/graph21.lgbin,60.03234839439392,284,543,0,284,60.06207466125488
22,random graphs/ratio_d3/r1.5k18n12/graph22.lgbin,60.16590738296509,219,462,0,219,60.19575071334839
23,random graphs/ratio_d3/r1.5k18n12/graph23.lgbin,60.03754901885986,387,527,0,387,60.068530559539795
24,random graphs/ratio_d3/r1.5k18n12/graph24.lgbin,60.04373240470886,262,466,0,262,60.07367300987244
25,random graphs/ratio_d3/r1.5k18n12/graph25.lgbin,60.02572202682495,245,494,0,245,60.05603909492493
26,random graphs/ratio_d3/r1.5k18n12/graph26.lgbin,60.04035711288452,273,509,0,273,60.07129144668579
27,random graphs/ratio_d3/r1.5k18n12/graph27.lgbin,60.051822662353516,321,521,0,321,60.08181810379028
28,random graphs/ratio_d3/r1.5k18n12/graph28.lgbin,60.02120661735535,298,519,0,298,60.051701068878174
29,random graphs/ratio_d3/r1.5k18n12/graph29.lgbin,60.03126549720764,255,473,0,255,60.06120324134827
30,random graphs/ratio_d3/r1.5k18n12/graph30.lgbin,60.018988370895386,272,483,0,272,60.04958510398865
31,random graphs/ratio_d3/r1.5k18n12/graph31.lgbin,60.04068684577942,315,453,0,315,60.07142210006714
32,random graphs/ratio_d3/r1.5k18n12/graph32.lgbin,60.02625489234924,334,478,0,334,60.055915117263794
33,random graphs/ratio_d3/r1.5k18n12/graph33.lgbin,60.0179340839386,252,505,0,252,60.049509048461914
34,random graphs/ratio_d3/r1.5k18n12/graph34.lgbin,60.07085585594177,276,488,0,276,60.10035848617554
35,random graphs/ratio_d3/r1.5k18n12/graph35.lgbin,60.025485038757324,296,562,0,296,60.056392192840576
36,random graphs/ratio_d3/r1.5k18n12/graph36.lgbin,60.0239098072052,347,489,0,347,60.05523610115051
37,random graphs/ratio_d3/r1.5k18n12/graph37.lgbin,60.02017545700073,329,537,0,329,60.05105185508728
38,random graphs/ratio_d3/r1.5k18n12/graph38.lgbin,60.022940158843994,426,499,0,426,60.05356478691101
39,random graphs/ratio_d3/r1.5k18n12/graph39.lgbin,60.02477550506592,425,518,0,425,60.053701639175415
40,random graphs/ratio_d3/r1.5k18n12/graph40.lgbin,60.027477741241455,325,485,0,325,60.05733871459961
41,random graphs/ratio_d3/r1.5k18n12/graph41.lgbin,60.02806639671326,282,464,0,282,60.057746171951294
42,random graphs/ratio_d3/r1.5k18n12/graph42.lgbin,60.03635883331299,304,427,0,304,60.06854724884033
43,random graphs/ratio_d3/r1.5k18n12/graph43.lgbin,60.039026975631714,312,539,0,312,60.068883180618286
44,random graphs/ratio_d3/r1.5k18n12/graph44.lgbin,60.15408730506897,282,533,0,282,60.1838002204895
45,random graphs/ratio_d3/r1.5k18n12/graph45.lgbin,60.05403661727905,273,467,0,273,60.08424091339111
46,random graphs/ratio_d3/r1.5k18n12/graph46.lgbin,60.022114992141724,276,485,0,276,60.0519015789032
47,random graphs/ratio_d3/r1.5k18n12/graph47.lgbin,60.03275918960571,259,488,0,259,60.063822507858276
48,random graphs/ratio_d3/r1.5k18n12/graph48.lgbin,60.03492856025696,284,427,0,284,60.065070390701294
49,random graphs/ratio_d3/r1.5k18n12/graph49.lgbin,60.205082416534424,210,499,0,210,60.236451864242554
0,random graphs/ratio_d3/r1.5k18n12/graph0.lgbin,60.02791786193848,279,502,0,279,60.05714654922485
1,random graphs/ratio_d3/r1.5k18n12/graph1.lgbin,60.02939701080322,279,483,0,279,60.060009479522705
2,random graphs/ratio_d3/r1.5k18n12/graph2.lgbin,59.931556701660156,206,503,0,214,20.059757709503174,209,30.133325338363647,206,41.807440519332886,206,60.04660773277283
3,random graphs/ratio_d3/r1.5k18n12/graph3.lgbin,60.06900429725647,282,519,0,282,60.0992796421051
4,random graphs/ratio_d3/r1.5k18n12/graph4.lgbin,60.18259620666504,229,489,0,229,60.21398901939392
5,random graphs/ratio_d3/r1.5k18n12/graph5.lgbin,60.03386735916138,274,500,0,274,60.06257700920105
6,random graphs/ratio_d3/r1.5k18n12/graph6.lgbin,60.09194278717041,242,536,0,242,60.121752977371216
7,random graphs/ratio_d3/r1.5k18n12/graph7.lgbin,60.02552366256714,331,571,0,331,60.05537438392639
8,random graphs/ratio_d3/r1.5k18n12/graph8.lgbin,60.15096735954285,256,519,0,256,60.180678844451904
9,random graphs/ratio_d3/r1.5k18n12/graph9.lgbin,60.03460717201233,248,487,0,248,60.06383919715881
10,random graphs/ratio_d3/r1.5k18n12/graph10.lgbin,60.014180421829224,256,493,0,256,60.04553270339966
11,random graphs/ratio_d3/r1.5k18n12/graph11.lgbin,60.06618666648865,243,494,0,243,60.09892773628235
12,random graphs/ratio_d3/r1.5k18n12/graph12.lgbin,60.02541208267212,241,509,0,241,60.05798530578613
13,random graphs/ratio_d3/r1.5k18n12/graph13.lgbin,60.029863595962524,251,511,0,251,60.0595600605011
14,random graphs/ratio_d3/r1.5k18n12/graph14.lgbin,60.03020715713501,241,470,0,241,60.06106400489807
15,random graphs/ratio_d3/r1.5k18n12/graph15.lgbin,60.020904541015625,272,471,0,272,60.050233125686646
16,random graphs/ratio_d3/r1.5k18n12/graph16.lgbin,60.061004877090454,240,536,0,240,60.09149479866028
17,random graphs/ratio_d3/r1.5k18n12/graph17.lgbin,60.023329734802246,266,518,0,266,60.05372214317322
18,random graphs/ratio_d3/r1.5k18n12/graph18.lgbin,60.03191685676575,258,470,0,258,60.0622661113739
19,random graphs/ratio_d3/r1.5k18n12/graph19.lgbin,60.02784323692322,284,492,0,284,60.058509826660156
20,random graphs/ratio_d3/r1.5k18n12/graph20.lgbin,60.20416712760925,273,505,0,273,60.23617672920227
21,random graphs/ratio_d3/r1.5k18n12/graph21.lgbin,60.030256032943726,253,543,0,253,60.0601224899292
22,random graphs/ratio_d3/r1.5k18n12/graph22.lgbin,60.01981496810913,232,462,0,232,60.04956126213074
23,random graphs/ratio_d3/r1.5k18n12/graph23.lgbin,60.016112089157104,333,527,0,333,60.046868324279785
24,random graphs/ratio_d3/r1.5k18n12/graph24.lgbin,60.017624378204346,242,466,0,242,60.0473690032959
25,random graphs/ratio_d3/r1.5k18n12/graph25.lgbin,60.06754946708679,240,494,0,240,60.097275733947754
26,random graphs/ratio_d3/r1.5k18n12/graph26.lgbin,60.02195501327515,284,509,0,284,60.0525426864624
27,random graphs/ratio_d3/r1.5k18n12/graph27.lgbin,60.03029727935791,294,521,0,294,60.05954432487488
28,random graphs/ratio_d3/r1.5k18n12/graph28.lgbin,60.037845849990845,287,519,0,287,60.06828713417053
29,random graphs/ratio_d3/r1.5k18n12/graph29.lgbin,60.01386904716492,293,473,0,293,60.04393744468689
30,random graphs/ratio_d3/r1.5k18n12/graph30.lgbin,60.14373803138733,287,483,0,287,60.17439579963684
31,random graphs/ratio_d3/r1.5k18n12/graph31.lgbin,60.129802942276,241,453,0,241,60.16015577316284
32,random graphs/ratio_d3/r1.5k18n12/graph32.lgbin,60.02922821044922,255,478,0,255,60.05863809585571
33,random graphs/ratio_d3/r1.5k18n12/graph33.lgbin,60.33751702308655,245,505,0,245,60.368847608566284
34,random graphs/ratio_d3/r1.5k18n12/graph34.lgbin,60.03310298919678,292,488,0,292,60.0618314743042
35,random graphs/ratio_d3/r1.5k18n12/graph35.lgbin,60.05872321128845,302,562,0,302,60.088491439819336
36,random graphs/ratio_d3/r1.5k18n12/graph36.lgbin,60.06271839141846,282,489,0,282,60.09232521057129
37,random graphs/ratio_d3/r1.5k18n12/graph37.lgbin,60.01804518699646,390,537,0,390,60.04838013648987
38,random graphs/ratio_d3/r1.5k18n12/graph38.lgbin,60.035417318344116,257,499,0,257,60.06625032424927
39,random graphs/ratio_d3/r1.5k18n12/graph39.lgbin,60.01416754722595,383,518,0,383,60.04261636734009
40,random graphs/ratio_d3/r1.5k18n12/graph40.lgbin,60.20250391960144,252,485,0,252,60.231749057769775
41,random graphs/ratio_d3/r1.5k18n12/graph41.lgbin,60.03071904182434,324,464,0,324,60.060184717178345
42,random graphs/ratio_d3/r1.5k18n12/graph42.lgbin,60.04144644737244,259,427,0,259,60.073437452316284
43,random graphs/ratio_d3/r1.5k18n12/graph43.lgbin,60.016260623931885,397,539,0,397,60.04594349861145
44,random graphs/ratio_d3/r1.5k18n12/graph44.lgbin,60.01784062385559,250,533,0,250,60.04716348648071
45,random graphs/ratio_d3/r1.5k18n12/graph45.lgbin,60.10416650772095,267,467,0,267,60.13434600830078
46,random graphs/ratio_d3/r1.5k18n12/graph46.lgbin,60.155044078826904,263,485,0,263,60.18436884880066
47,random graphs/ratio_d3/r1.5k18n12/graph47.lgbin,60.033570766448975,215,488,0,215,60.06403350830078
48,random graphs/ratio_d3/r1.5k18n12/graph48.lgbin,60.01731252670288,269,427,0,269,60.047003984451294
49,random graphs/ratio_d3/r1.5k18n12/graph49.lgbin,59.95037627220154,214,499,0,221,37.02981948852539,214,58.948270082473755,214,60.040995359420776
0,random graphs/ratio_d3/r1.5k18n12/graph0.lgbin,60.01473140716553,273,502,0,273,60.044042348861694
1,random graphs/ratio_d3/r1.5k18n12/graph1.lgbin,60.03087663650513,282,483,0,282,60.06135010719299
2,random graphs/ratio_d3/r1.5k18n12/graph2.lgbin,59.72475981712341,206,503,0,238,12.874536275863647,208,20.148202657699585,206,25.271143913269043,206,31.93462300300598,206,34.31288242340088,206,39.486289262771606,206,42.790701389312744,206,47.71505928039551,206,50.50146436691284,206,54.759446144104004,206,59.511460065841675,206,60.05852556228638
3,random graphs/ratio_d3/r1.5k18n12/graph3.lgbin,60.07324576377869,283,519,0,283,60.10250997543335
4,random graphs/ratio_d3/r1.5k18n12/graph4.lgbin,60.1924090385437,257,489,0,257,60.223485231399536
5,random graphs/ratio_d3/r1.5k18n12/graph5.lgbin,60.03301024436951,308,500,0,308,60.0628387928009
6,random graphs/ratio_d3/r1.5k18n12/graph6.lgbin,60.23911476135254,254,536,0,254,60.26980400085449
7,random graphs/ratio_d3/r1.5k18n12/graph7.lgbin,60.039791107177734,345,571,0,345,60.07052445411682
8,random graphs/ratio_d3/r1.5k18n12/graph8.lgbin,60.0170578956604,274,519,0,274,60.04734253883362
9,random graphs/ratio_d3/r1.5k18n12/graph9.lgbin,60.0192666053772,264,487,0,264,60.04889678955078
10,random graphs/ratio_d3/r1.5k18n12/graph10.lgbin,60.028045892715454,257,493,0,257,60.05873203277588
11,random graphs/ratio_d3/r1.5k18n12/graph11.lgbin,60.03173565864563,264,494,0,264,60.062548875808716
12,random graphs/ratio_d3/r1.5k18n12/graph12.lgbin,59.78666973114014,213,509,0,235,18.601293325424194,213,24.6708984375,213,28.066370964050293,213,35.34321570396423,213,38.74987816810608,213,43.60324048995972,213,49.592448234558105,213,55.654550075531006,213,60.05172848701477
13,random graphs/ratio_d3/r1.5k18n12/graph13.lgbin,59.93744897842407,257,511,0,287,29.84356927871704,266,36.72763133049011,257,50.06317114830017,257,60.05137324333191
14,random graphs/ratio_d3/r1.5k18n12/graph14.lgbin,59.8122239112854,219,470,0,244,16.10587477684021,224,22.03303837776184,219,27.39254331588745,219,34.41736841201782,219,37.749001264572144,219,47.31619644165039,219,52.95736503601074,219,60.04898238182068
15,random graphs/ratio_d3/r1.5k18n12/graph15.lgbin,60.04229211807251,286,471,0,286,60.07135367393494
16,random graphs/ratio_d3/r1.5k18n12/graph16.lgbin,59.889464378356934,219,536,0,255,24.72170615196228,224,41.039469480514526,220,45.59300470352173,219,51.985578536987305,219,60.03709626197815
17,random graphs/ratio_d3/r1.5k18n12/graph17.lgbin,60.01768493652344,318,518,0,318,60.047783851623535
18,random graphs/ratio_d3/r1.5k18n12/graph18.lgbin,60.09405493736267,270,470,0,270,60.12452220916748
19,random graphs/ratio_d3/r1.5k18n12/graph19.lgbin,60.03262138366699,269,492,0,269,60.06319856643677
20,random graphs/ratio_d3/r1.5k18n12/graph20.lgbin,60.02588200569153,284,505,0,284,60.056376695632935
21,random graphs/ratio_d3/r1.5k18n12/graph21.lgbin,60.04409599304199,275,543,0,275,60.07327914237976
22,random graphs/ratio_d3/r1.5k18n12/graph22.lgbin,60.04287075996399,264,462,0,264,60.07322931289673
23,random graphs/ratio_d3/r1.5k18n12/graph23.lgbin,60.03396964073181,293,527,0,293,60.063974142074585
24,random graphs/ratio_d3/r1.5k18n12/graph24.lgbin,60.02520728111267,276,466,0,276,60.05513381958008
25,random graphs/ratio_d3/r1.5k18n12/graph25.lgbin,60.19821071624756,276,494,0,276,60.22809314727783
26,random graphs/ratio_d3/r1.5k18n12/graph26.lgbin,60.031280517578125,259,509,0,259,60.06125736236572
27,random graphs/ratio_d3/r1.5k18n12/graph27.lgbin,60.360201358795166,293,521,0,293,60.3894157409668
28,random graphs/ratio_d3/r1.5k18n12/graph28.lgbin,60.244884967803955,305,519,0,305,60.27458691596985
29,random graphs/ratio_d3/r1.5k18n12/graph29.lgbin,60.12844491004944,277,473,0,277,60.15806770324707
30,random graphs/ratio_d3/r1.5k18n12/graph30.lgbin,59.95618200302124,232,483,0,254,36.78971982002258,232,56.61552572250366,232,60.04439187049866
31,random graphs/ratio_d3/r1.5k18n12/graph31.lgbin,59.9492084980011,222,453,0,253,29.958429098129272,224,57.334519147872925,222,60.03875160217285
32,random graphs/ratio_d3/r1.5k18n12/graph32.lgbin,59.93857169151306,231,478,0,238,11.371783018112183,234,24.01380181312561,231,31.96722960472107,231,60.05460238456726
33,random graphs/ratio_d3/r1.5k18n12/graph33.lgbin,60.02979755401611,292,505,0,292,60.06116962432861
34,random graphs/ratio_d3/r1.5k18n12/graph34.lgbin,60.41946744918823,269,488,0,269,60.44852113723755
35,random graphs/ratio_d3/r1.5k18n12/graph35.lgbin,59.95442748069763,241,562,0,265,35.38872051239014,241,56.858482837677,241,60.041401624679565
36,random graphs/ratio_d3/r1.5k18n12/graph36.lgbin,60.29655981063843,335,489,0,335,60.32613182067871
37,random graphs/ratio_d3/r1.5k18n12/graph37.lgbin,60.21047520637512,311,537,0,311,60.24088644981384
38,random graphs/ratio_d3/r1.5k18n12/graph38.lgbin,60.01411819458008,248,499,0,294,54.545095682144165,248,60.07454872131348
39,random graphs/ratio_d3/r1.5k18n12/graph39.lgbin,60.023205518722534,337,518,0,337,60.05141878128052
40,random graphs/ratio_d3/r1.5k18n12/graph40.lgbin,60.030770778656006,273,485,0,273,60.06006979942322
41,random graphs/ratio_d3/r1.5k18n12/graph41.lgbin,60.04836940765381,279,464,0,279,60.0776252746582
42,random graphs/ratio_d3/r1.5k18n12/graph42.lgbin,60.18074011802673,249,427,0,249,60.21204686164856
43,random graphs/ratio_d3/r1.5k18n12/graph43.lgbin,60.02529573440552,304,539,0,304,60.05475211143494
44,random graphs/ratio_d3/r1.5k18n12/graph44.lgbin,59.90834426879883,223,533,0,277,28.326082468032837,231,43.58596348762512,223,50.743316411972046,223,56.53558874130249,223,60.050254821777344
45,random graphs/ratio_d3/r1.5k18n12/graph45.lgbin,60.100648403167725,244,467,0,259,42.203670501708984,244,60.15894079208374
46,random graphs/ratio_d3/r1.5k18n12/graph46.lgbin,60.02051758766174,279,485,0,279,60.04949498176575
47,random graphs/ratio_d3/r1.5k18n12/graph47.lgbin,60.53218603134155,198,488,0,226,30.991761207580566,201,42.42835593223572,198,49.54675006866455,198,60.649776220321655
48,random graphs/ratio_d3/r1.5k18n12/graph48.lgbin,60.030967235565186,247,427,0,247,60.06079125404358
49,random graphs/ratio_d3/r1.5k18n12/graph49.lgbin,59.75096535682678,217,499,0,222,10.585112571716309,219,15.283473253250122,217,23.61470603942871,217,28.580459356307983,217,35.45656895637512,217,44.68026876449585,217,48.73809361457825,217,54.50407266616821,217,57.57848858833313,217,60.049243211746216
0,random graphs/ratio_d3/r1.5k18n12/graph0.lgbin,60.03806138038635,291,502,0,291,60.067384004592896
1,random graphs/ratio_d3/r1.5k18n12/graph1.lgbin,60.01779890060425,300,483,0,300,60.04820895195007
2,random graphs/ratio_d3/r1.5k18n12/graph2.lgbin,59.74394726753235,206,503,0,261,17.007602214813232,224,24.135779857635498,214,26.1434805393219,210,33.63001608848572,210,37.32506346702576,210,40.65949559211731,210,45.379088163375854,210,49.609569787979126,206,55.875887870788574,206,58.682719707489014,206,60.04551696777344
3,random graphs/ratio_d3/r1.5k18n12/graph3.lgbin,60.028544425964355,313,519,0,313,60.05748748779297
4,random graphs/ratio_d3/r1.5k18n12/graph4.lgbin,60.06017827987671,297,489,0,297,60.09131860733032
5,random graphs/ratio_d3/r1.5k18n12/graph5.lgbin,60.032384395599365,307,500,0,307,60.06240725517273
6,random graphs/ratio_d3/r1.5k18n12/graph6.lgbin,60.04109001159668,284,536,0,284,60.070465326309204
7,random graphs/ratio_d3/r1.5k18n12/graph7.lgbin,59.89856195449829,256,571,0,287,25.238182306289673,268,33.810003995895386,260,41.33941888809204,257,51.6632776260376,256,60.04128813743591
8,random graphs/ratio_d3/r1.5k18n12/graph8.lgbin,59.98371911048889,298,519,0,308,55.56637525558472,298,60.04142951965332
9,random graphs/ratio_d3/r1.5k18n12/graph9.lgbin,60.057637453079224,286,487,0,286,60.0867075920105
10,random graphs/ratio_d3/r1.5k18n12/graph10.lgbin,59.93168115615845,209,493,0,247,46.51365900039673,210,54.49291229248047,209,58.707061767578125,209,60.05274200439453
11,random graphs/ratio_d3/r1.5k18n12/graph11.lgbin,59.983264446258545,262,494,0,278,54.33010697364807,262,60.044917821884155
12,random graphs/ratio_d3/r1.5k18n12/graph12.lgbin,59.75802946090698,213,509,0,263,18.292253255844116,221,24.130152463912964,221,27.77087903022766,221,40.91176772117615,221,47.69013786315918,215,51.61479663848877,213,55.0838942527771,213,56.45754265785217,213,59.00499486923218,213,60.05056691169739
13,random graphs/ratio_d3/r1.5k18n12/graph13.lgbin,60.13424110412598,292,511,0,292,60.16355514526367
14,random graphs/ratio_d3/r1.5k18n12/graph14.lgbin,59.73024845123291,220,470,0,256,17.192453622817993,239,24.339911937713623,227,30.70426344871521,224,34.63723349571228,221,38.21657061576843,220,42.05984711647034,220,44.331948041915894,220,49.63289523124695,220,52.96539783477783,220,58.920795917510986,220,60.06231451034546
15,random graphs/ratio_d3/r1.5k18n12/graph15.lgbin,60.02859163284302,293,471,0,293,60.0578773021698
16,random graphs/ratio_d3/r1.5k18n12/graph16.lgbin,60.04325461387634,261,536,0,261,60.07361650466919
17,random graphs/ratio_d3/r1.5k18n12/graph17.lgbin,60.0191433429718,278,518,0,278,60.049453258514404
18,random graphs/ratio_d3/r1.5k18n12/graph18.lgbin,59.98252272605896,240,470,0,262,46.45989179611206,240,60.04520511627197
19,random graphs/ratio_d3/r1.5k18n12/graph19.lgbin,60.06473898887634,293,492,0,293,60.09608030319214
20,random graphs/ratio_d3/r1.5k18n12/graph20.lgbin,60.09373927116394,297,505,0,297,60.12555527687073
21,random graphs/ratio_d3/r1.5k18n12/graph21.lgbin,59.95405173301697,250,543,0,278,47.52307844161987,250,58.397791385650635,250,60.045238733291626
22,random graphs/ratio_d3/r1.5k18n12/graph22.lgbin,60.02991271018982,252,462,0,252,60.06153964996338
23,random graphs/ratio_d3/r1.5k18n12/graph23.lgbin,60.048264026641846,317,527,0,317,60.07946515083313
24,random graphs/ratio_d3/r1.5k18n12/graph24.lgbin,59.79818511009216,235,466,0,264,10.17251443862915,235,13.662036180496216,235,20.494866609573364,235,26.865842580795288,235,30.574734210968018,235,36.73682999610901,235,44.250633239746094,235,59.49799561500549,235,60.06289553642273
25,random graphs/ratio_d3/r1.5k18n12/graph25.lgbin,59.95111560821533,214,494,0,253,34.24182057380676,232,51.82521057128906,214,60.041131019592285
26,random graphs/ratio_d3/r1.5k18n12/graph26.lgbin,60.10934829711914,262,509,0,262,60.14053392410278
27,random graphs/ratio_d3/r1.5k18n12/graph27.lgbin,60.03103542327881,324,521,0,324,60.06130623817444
28,random graphs/ratio_d3/r1.5k18n12/graph28.lgbin,60.05449342727661,289,519,0,289,60.085469245910645
29,random graphs/ratio_d3/r1.5k18n12/graph29.lgbin,60.07173681259155,282,473,0,282,60.10258889198303
30,random graphs/ratio_d3/r1.5k18n12/graph30.lgbin,59.79883599281311,212,483,0,266,19.990878582000732,240,25.60416889190674,232,36.13863730430603,220,44.784032106399536,212,49.35415554046631,212,53.85337018966675,212,56.48425054550171,212,60.04612851142883
31,random graphs/ratio_d3/r1.5k18n12/graph31.lgbin,59.67771625518799,214,453,0,258,14.242887020111084,227,20.51984739303589,216,27.219494581222534,215,31.550307512283325,215,37.54343605041504,215,38.88620328903198,215,41.7030553817749,214,44.326101541519165,214,48.90819478034973,214,52.80742049217224,214,57.37370848655701,214,60.041975259780884
32,random graphs/ratio_d3/r1.5k18n12/graph32.lgbin,59.86534237861633,233,478,0,255,17.830687046051025,250,26.292309284210205,233,36.005711793899536,233,42.00145220756531,233,57.36846423149109,233,60.04238152503967
33,random graphs/ratio_d3/r1.5k18n12/graph33.lgbin,59.781320095062256,216,505,0,262,19.040422677993774,226,26.64992046356201,217,32.01819372177124,216,35.318562746047974,216,39.93792510032654,216,46.303746938705444,216,59.94914531707764,216,60.03278589248657
34,random graphs/ratio_d3/r1.5k18n12/graph34.lgbin,59.979966163635254,264,488,0,288,48.77513599395752,264,60.03904891014099
35,random graphs/ratio_d3/r1.5k18n12/graph35.lgbin,60.45115280151367,293,562,0,293,60.482221364974976
36,random graphs/ratio_d3/r1.5k18n12/graph36.lgbin,60.0410795211792,333,489,0,333,60.07134652137756
37,random graphs/ratio_d3/r1.5k18n12/graph37.lgbin,60.047409772872925,290,537,0,290,60.078405141830444
38,random graphs/ratio_d3/r1.5k18n12/graph38.lgbin,59.89192533493042,232,499,0,297,24.29245090484619,257,39.56177735328674,242,46.62512946128845,237,51.39373779296875,232,60.046303272247314
39,random graphs/ratio_d3/r1.5k18n12/graph39.lgbin,60.03252863883972,360,518,0,360,60.06248092651367
40,random graphs/ratio_d3/r1.5k18n12/graph40.lgbin,60.07323098182678,305,485,0,305,60.10422682762146
41,random graphs/ratio_d3/r1.5k18n12/graph41.lgbin,60.016552209854126,284,464,0,284,60.04676795005798
42,random graphs/ratio_d3/r1.5k18n12/graph42.lgbin,59.85356593132019,215,427,0,240,14.470507860183716,225,30.20392370223999,215,35.498862981796265,215,40.032203674316406,215,47.44635558128357,215,60.04511594772339
43,random graphs/ratio_d3/r1.5k18n12/graph43.lgbin,59.83394384384155,228,539,0,285,27.801111698150635,241,33.78667855262756,234,39.57941007614136,231,44.10263800621033,230,53.58480143547058,228,58.65574407577515,228,60.04433298110962
44,random graphs/ratio_d3/r1.5k18n12/graph44.lgbin,60.031453132629395,298,533,0,298,60.06116271018982
45,random graphs/ratio_d3/r1.5k18n12/graph45.lgbin,60.04935073852539,271,467,0,271,60.08004331588745
46,random graphs/ratio_d3/r1.5k18n12/graph46.lgbin,59.97486472129822,245,485,0,295,21.86297345161438,252,24.28430438041687,247,28.270657777786255,245,33.61081337928772,245,38.39525556564331,245,59.36301374435425,245,60.18028426170349
47,random graphs/ratio_d3/r1.5k18n12/graph47.lgbin,59.869683265686035,198,488,0,226,10.53606367111206,206,18.937098026275635,200,23.702786684036255,200,29.216299772262573,199,38.67832040786743,198,54.368624210357666,198,59.30249047279358,198,60.11276721954346
48,random graphs/ratio_d3/r1.5k18n12/graph48.lgbin,59.98534965515137,247,427,0,255,37.46804976463318,247,53.55461001396179,247,60.075767517089844
49,random graphs/ratio_d3/r1.5k18n12/graph49.lgbin,59.8127977848053,223,499,0,273,20.09264636039734,251,24.051088094711304,230,30.665033102035522,230,35.29761600494385,229,41.92035412788391,228,51.312376737594604,224,59.26047492027283,223,60.06303930282593
0,random graphs/ratio_d3/r1.5k18n12/graph0.lgbin,60.0224883556366,292,502,0,292,60.052940130233765
1,random graphs/ratio_d3/r1.5k18n12/graph1.lgbin,60.059253215789795,275,483,0,275,60.09091567993164
2,random graphs/ratio_d3/r1.5k18n12/graph2.lgbin,59.4348886013031,212,503,0,257,6.889678239822388,217,13.482233762741089,213,16.471073627471924,213,17.95310068130493,213,19.448909997940063,212,23.791784048080444,212,25.348173141479492,212,27.892038822174072,212,30.66274356842041,212,33.144068479537964,212,36.225000619888306,212,40.69547939300537,212,42.896960735321045,212,44.218098163604736,212,46.80083918571472,212,48.34224224090576,212,49.57288384437561,212,51.14148426055908,212,55.56857347488403,212,58.98291301727295,212,60.04043364524841
3,random graphs/ratio_d3/r1.5k18n12/graph3.lgbin,59.95709753036499,261,519,0,307,26.042822122573853,272,44.19099760055542,261,60.0461585521698
4,random graphs/ratio_d3/r1.5k18n12/graph4.lgbin,59.87329697608948,230,489,0,262,31.9717800617218,232,34.90883922576904,232,42.09563970565796,231,46.29668617248535,230,55.218918800354004,230,60.05566167831421
5,random graphs/ratio_d3/r1.5k18n12/graph5.lgbin,60.020291805267334,317,500,0,317,60.050678968429565
6,random graphs/ratio_d3/r1.5k18n12/graph6.lgbin,60.110655069351196,314,536,0,314,60.14171242713928
7,random graphs/ratio_d3/r1.5k18n12/graph7.lgbin,60.03686475753784,322,571,0,322,60.06826877593994
8,random graphs/ratio_d3/r1.5k18n12/graph8.lgbin,59.81071996688843,212,519,0,302,29.13760256767273,243,46.071056842803955,229,52.529327630996704,213,53.819615840911865,212,57.1448769569397,212,58.532671213150024,212,59.66775608062744,212,60.0536208152771
9,random graphs/ratio_d3/r1.5k18n12/graph9.lgbin,59.38733220100403,210,487,0,239,4.900871753692627,222,8.518930435180664,214,11.723894596099854,210,14.036537408828735,210,15.550604343414307,210,17.075384855270386,210,19.36199188232422,210,21.075172662734985,210,23.339706659317017,210,26.090850114822388,210,28.052911281585693,210,30.216469287872314,210,32.0865581035614,210,33.277310371398926,210,35.80765962600708,210,40.19299864768982,210,41.508079051971436,210,45.10651516914368,210,46.27018642425537,210,50.582029581069946,210,54.15424108505249,210,56.358997106552124,210,60.0536413192749
10,random graphs/ratio_d3/r1.5k18n12/graph10.lgbin,59.97057914733887,275,493,0,276,59.92361497879028,275,60.03365159034729
11,random graphs/ratio_d3/r1.5k18n12/graph11.lgbin,60.41453766822815,292,494,0,292,60.44603085517883
12,random graphs/ratio_d3/r1.5k18n12/graph12.lgbin,60.104015827178955,269,509,0,269,60.13550567626953
13,random graphs/ratio_d3/r1.5k18n12/graph13.lgbin,60.15393137931824,289,511,0,289,60.18472981452942
14,random graphs/ratio_d3/r1.5k18n12/graph14.lgbin,59.742199182510376,219,470,0,266,14.479576587677002,227,23.917285442352295,221,31.439104557037354,221,33.6004114151001,221,38.666234254837036,220,42.99786591529846,219,49.829514503479004,219,54.845643758773804,219,57.586161613464355,219,60.04732394218445
15,random graphs/ratio_d3/r1.5k18n12/graph15.lgbin,60.036799907684326,314,471,0,314,60.06726050376892
16,random graphs/ratio_d3/r1.5k18n12/graph16.lgbin,59.49930453300476,209,536,0,263,11.578884601593018,228,15.609975814819336,223,19.694942951202393,223,23.511691331863403,218,28.132020711898804,217,29.64842200279236,217,30.882200479507446,217,32.09516406059265,210,41.70099663734436,210,43.05447435379028,210,44.943928241729736,209,49.638715505599976,209,52.615447759628296,209,54.43926668167114,209,55.83875060081482,209,57.150291204452515,209,58.753201723098755,209,60.05198645591736
17,random graphs/ratio_d3/r1.5k18n12/graph17.lgbin,59.89202356338501,250,518,0,305,37.824782609939575,266,47.133161783218384,252,53.24546957015991,250,55.801331996917725,250,60.046305656433105
18,random graphs/ratio_d3/r1.5k18n12/graph18.lgbin,59.90144419670105,235,470,0,273,14.979991912841797,254,27.408721446990967,244,48.189160108566284,238,54.333486795425415,235,60.0580153465271
19,random graphs/ratio_d3/r1.5k18n12/graph19.lgbin,60.02962803840637,260,492,0,260,60.06163191795349
20,random graphs/ratio_d3/r1.5k18n12/graph20.lgbin,59.98414969444275,284,505,0,293,35.14663338661194,284,60.04717755317688
21,random graphs/ratio_d3/r1.5k18n12/graph21.lgbin,60.00444960594177,273,543,0,287,46.96543002128601,273,60.06558918952942
22,random graphs/ratio_d3/r1.5k18n12/graph22.lgbin,59.740376710891724,207,462,0,261,32.754085540771484,220,36.887343883514404,211,38.525678634643555,209,41.698588609695435,209,44.79693603515625,207,48.38849854469299,207,54.21822118759155,207,55.700478315353394,207,57.997681617736816,207,60.03964972496033
23,random graphs/ratio_d3/r1.5k18n12/graph23.lgbin,60.03598594665527,329,527,0,329,60.067288875579834
24,random graphs/ratio_d3/r1.5k18n12/graph24.lgbin,60.01829409599304,313,466,0,313,60.048710107803345
25,random graphs/ratio_d3/r1.5k18n12/graph25.lgbin,60.187681913375854,323,494,0,323,60.21868324279785
26,random graphs/ratio_d3/r1.5k18n12/graph26.lgbin,59.8043270111084,226,509,0,262,13.45554232597351,231,22.062167406082153,228,32.726240158081055,228,39.376057147979736,226,47.4840624332428,226,53.960418462753296,226,59.04546499252319,226,60.049309492111206
27,random graphs/ratio_d3/r1.5k18n12/graph27.lgbin,59.98095774650574,273,521,0,290,50.48765277862549,273,60.04103064537048
28,random graphs/ratio_d3/r1.5k18n12/graph28.lgbin,59.92432904243469,254,519,0,289,36.01197123527527,254,44.45293974876404,254,52.919536113739014,254,60.04620933532715
29,random graphs/ratio_d3/r1.5k18n12/graph29.lgbin,59.98143267631531,265,473,0,279,46.278733015060425,265,60.042232275009155
30,random graphs/ratio_d3/r1.5k18n12/graph30.lgbin,60.01827383041382,272,483,0,272,60.04994869232178
31,random graphs/ratio_d3/r1.5k18n12/graph31.lgbin,59.70645213127136,209,453,0,278,21.073370218276978,227,24.392972469329834,220,32.33415865898132,213,37.67437958717346,211,42.48400115966797,210,44.62845706939697,210,48.63630986213684,209,52.88836669921875,209,55.46943402290344,209,58.77748775482178,209,60.04183483123779
32,random graphs/ratio_d3/r1.5k18n12/graph32.lgbin,59.908653259277344,235,478,0,284,35.90470504760742,248,43.803715229034424,235,52.01820707321167,235,58.43408703804016,235,60.05815863609314
33,random graphs/ratio_d3/r1.5k18n12/graph33.lgbin,60.00807857513428,264,505,0,264,60.04068398475647
34,random graphs/ratio_d3/r1.5k18n12/graph34.lgbin,59.91001057624817,260,488,0,295,25.313101053237915,266,42.32717823982239,260,49.207026720047,260,56.35254144668579,260,60.056156635284424
35,random graphs/ratio_d3/r1.5k18n12/graph35.lgbin,59.86368942260742,245,562,0,303,15.081861972808838,255,24.714571237564087,248,45.415560722351074,245,47.25852918624878,245,57.56523370742798,245,60.040385246276855
36,random graphs/ratio_d3/r1.5k18n12/graph36.lgbin,60.02613019943237,353,489,0,353,60.05655550956726
37,random graphs/ratio_d3/r1.5k18n12/graph37.lgbin,60.03982329368591,363,537,0,363,60.07008218765259
38,random graphs/ratio_d3/r1.5k18n12/graph38.lgbin,59.738852977752686,239,499,0,289,16.667108297348022,253,20.819607496261597,241,26.758575201034546,241,29.52978491783142,239,36.54695463180542,239,43.12325096130371,239,49.9611439704895,239,56.41135334968567,239,58.80145001411438,239,60.04245209693909
39,random graphs/ratio_d3/r1.5k18n12/graph39.lgbin,60.018200159072876,355,518,0,355,60.04752731323242
40,random graphs/ratio_d3/r1.5k18n12/graph40.lgbin,60.02386784553528,284,485,0,284,60.05537009239197
41,random graphs/ratio_d3/r1.5k18n12/graph41.lgbin,59.8985390663147,240,464,0,259,14.775722742080688,248,25.039854526519775,244,43.197442054748535,240,52.0290310382843,240,60.048776626586914
42,random graphs/ratio_d3/r1.5k18n12/graph42.lgbin,59.84339952468872,214,427,0,249,30.05930781364441,225,36.55885171890259,219,43.063294649124146,214,48.849788188934326,214,56.187349796295166,214,60.04404139518738
43,random graphs/ratio_d3/r1.5k18n12/graph43.lgbin,60.02557015419006,319,539,0,319,60.05654430389404
44,random graphs/ratio_d3/r1.5k18n12/graph44.lgbin,59.71143388748169,222,533,0,288,35.01921248435974,227,39.049264430999756,222,41.00252962112427,222,42.11944556236267,222,43.41238760948181,222,45.17525553703308,222,48.34847950935364,222,52.38368368148804,222,54.34846520423889,222,56.33276653289795,222,58.08404731750488,222,60.06378960609436
45,random graphs/ratio_d3/r1.5k18n12/graph45.lgbin,59.99646997451782,258,467,0,286,46.23773813247681,258,60.05787706375122
46,random graphs/ratio_d3/r1.5k18n12/graph46.lgbin,59.89639329910278,248,485,0,313,5.655812740325928,271,15.123124599456787,261,28.92200016975403,257,33.8475878238678,256,39.351948499679565,256,43.19977569580078,255,47.74365425109863,255,52.848130226135254,255,55.738539695739746,248,60.19316077232361
47,random graphs/ratio_d3/r1.5k18n12/graph47.lgbin,59.925886392593384,198,488,0,248,32.829092264175415,209,46.89240741729736,201,49.790794134140015,198,52.615776777267456,198,55.89651107788086,198,60.109402894973755
48,random graphs/ratio_d3/r1.5k18n12/graph48.lgbin,59.826712131500244,240,427,0,260,13.736730575561523,247,24.798314571380615,247,34.5103874206543,243,45.9601628780365,242,52.61066937446594,240,58.10443902015686,240,60.03965997695923
49,random graphs/ratio_d3/r1.5k18n12/graph49.lgbin,59.78951454162598,225,499,0,286,23.899325132369995,239,31.77314305305481,225,39.03434157371521,225,43.03232955932617,225,45.380746603012085,225,48.60578799247742,225,55.038265228271484,225,60.04058861732483
