Index,File,CVcalc,OptTime,CrFinal,Cr1,T1,Cr2,T2...
0,random graphs/triangle/r1.5k42n28/graph0.lgbin,1480,202.99279284477234,5794,10043,0,10011,1.8547375202178955,9903,3.6583430767059326,9818,5.224900245666504,9704,6.869045257568359,9574,8.762642621994019,9504,10.375277280807495,9427,11.952747106552124,9344,13.709291458129883,9255,15.326258182525635,9186,16.89269495010376,9107,18.544100284576416,9037,20.20901393890381,9018,21.938220500946045,8960,23.589486598968506,8912,25.186386108398438,8848,26.778603076934814,8796,28.574395656585693,8733,30.404823541641235,8698,32.194985151290894,8645,33.899630546569824,8610,35.70111036300659,8535,37.352413177490234,8525,38.93313241004944,8423,40.538066387176514,8342,42.16001081466675,8308,44.012948751449585,8246,45.63367795944214,8214,47.27156662940979,8207,48.895442485809326,8165,50.76973819732666,8057,52.4066960811615,8025,54.1615891456604,8010,55.89434099197388,7970,57.49124312400818,7956,59.346365451812744,7861,60.91255569458008,7833,62.51446771621704,7798,64.07073092460632,7701,66.32085943222046,7678,68.26775479316711,7667,69.90779209136963,7648,71.52122902870178,7623,73.14509296417236,7617,74.79085731506348,7605,76.3689637184143,7585,78.34343314170837,7497,79.9825484752655,7481,81.60853385925293,7391,83.37010955810547,7340,85.01868677139282,7333,86.77927565574646,7333,88.36424398422241,7329,90.32847690582275,7326,94.13114356994629,7326,95.82301354408264,7291,97.4558653831482,7255,99.04240465164185,7245,100.62270665168762,7216,102.34831500053406,7216,104.18871140480042,7121,105.75338339805603,7088,107.57095575332642,7070,109.3482141494751,7068,111.09121656417847,7040,112.70348310470581,7013,114.54801225662231,6988,116.1058578491211,6985,117.76397848129272,6976,119.65309309959412,6963,121.22046422958374,6920,122.8887689113617,6889,124.70735788345337,6866,126.42562222480774,6861,128.2099404335022,6861,129.76627588272095,6811,131.77635097503662,6807,133.74135875701904,6790,135.31352877616882,6749,137.34212279319763,6725,139.30035400390625,6725,140.90663313865662,6703,142.53125500679016,6658,144.27481937408447,6652,146.20668864250183,6644,147.95422339439392,6638,149.8656256198883,6589,151.45397639274597,6548,152.99855422973633,6548,154.51466846466064,6518,156.06336426734924,6506,157.98739528656006,6493,159.77877593040466,6490,161.34981274604797,6469,162.96643042564392,6464,164.7352318763733,6464,166.48349785804749,6446,168.05469131469727,6445,169.98327088356018,6445,171.6476185321808,6442,173.3556044101715,6439,175.06719708442688,6430,176.81138634681702,6415,178.5749306678772,6406,180.5019989013672,6397,182.07266116142273,6396,183.69236707687378,6385,185.56752395629883,6383,187.32768511772156,6383,189.06378149986267,6383,190.65657258033752,6353,192.20652747154236,6353,193.83928608894348,6352,195.49896931648254,6349,197.22887682914734,6299,198.9536693096161,6290,200.7532515525818,6280,202.62529397010803,6280,204.47540473937988,6280,206.2259132862091,6279,207.98123788833618,6270,209.8947250843048,6268,211.50771069526672,6260,213.2791450023651,6223,215.13840079307556,6222,216.72513246536255,6221,218.47576785087585,6218,220.07863426208496,6155,221.8082582950592,6154,223.54199314117432,6138,225.3351662158966,6128,226.92475843429565,6101,228.5652198791504,6101,230.0809862613678,6097,231.8317835330963,6090,233.39308643341064,6075,235.02352643013,6064,236.58704614639282,6030,238.18551421165466,6024,240.01628184318542,6024,241.70160913467407,6004,243.4819302558899,6004,245.02375650405884,6004,246.7440435886383,5971,248.67840194702148,5957,250.29453444480896,5957,251.8206708431244,5938,253.38168478012085,5937,254.96983456611633,5928,256.56139087677,5928,258.36072969436646,5923,260.1362657546997,5904,261.90048694610596,5903,263.64058232307434,5903,265.417329788208,5901,266.984201669693,5880,268.73433113098145,5869,270.3729257583618,5845,272.08618545532227,5845,273.62945532798767,5842,275.14616107940674,5838,276.74820351600647,5836,278.5821442604065,5836,280.28377771377563,5834,282.0693795681,5834,283.6251702308655,5829,285.17854928970337,5818,286.81900119781494,5816,288.48305082321167,5809,290.296555519104,5809,291.87860345840454,5809,293.62903118133545,5809,295.43825578689575,5807,297.18273854255676,5800,298.79858112335205,5794,300.61575388908386
1,random graphs/triangle/r1.5k42n28/graph1.lgbin,1480,202.75230479240417,5410,9933,0,9869,1.8701393604278564,9708,3.533771276473999,9623,5.5224289894104,9576,7.202661037445068,9501,9.029900550842285,9462,10.616727113723755,9428,12.423080921173096,9373,14.349252939224243,9287,16.146337747573853,9200,17.819931030273438,9164,19.63701319694519,9086,21.249465942382812,8974,23.001383304595947,8904,24.819486618041992,8875,26.686444520950317,8778,29.091588497161865,8736,30.661846160888672,8647,32.483529806137085,8563,34.112610816955566,8512,35.79959988594055,8420,37.6181800365448,8373,39.26610970497131,8270,40.91669178009033,8229,42.516817808151245,8176,44.29152226448059,8136,45.91585087776184,8084,47.59352231025696,8052,49.39208793640137,8004,51.061466455459595,7933,52.71637415885925,7913,54.625842332839966,7898,56.39779615402222,7811,58.18246054649353,7801,59.84308457374573,7780,61.45029807090759,7730,63.112603187561035,7682,64.7293348312378,7681,66.3582649230957,7673,67.95956230163574,7616,69.60472822189331,7575,71.23204374313354,7554,72.8849184513092,7489,74.58004140853882,7448,76.24091577529907,7381,78.17356038093567,7320,79.87080502510071,7319,81.78999376296997,7311,83.46906208992004,7281,85.23633551597595,7238,87.16127872467041,7221,88.87975788116455,7211,90.52454900741577,7132,92.1988890171051,7132,94.07717871665955,7123,96.01448512077332,7081,97.9012598991394,7038,99.58236622810364,7038,101.1931140422821,7037,102.88472867012024,6962,104.51316094398499,6962,106.1249327659607,6935,107.87842917442322,6830,109.59474802017212,6795,111.39664459228516,6755,113.05477809906006,6712,114.70732378959656,6623,116.35951709747314,6623,117.96609950065613,6598,119.49639439582825,6598,121.12492513656616,6598,123.09766101837158,6595,124.75373888015747,6581,126.44101738929749,6572,128.0993082523346,6516,129.75204634666443,6484,131.79913473129272,6451,133.43806290626526,6443,135.32953071594238,6412,137.39097261428833,6401,139.0159466266632,6382,140.76836800575256,6365,142.70991849899292,6357,144.36674308776855,6351,146.42563271522522,6319,148.03838229179382,6316,149.93038725852966,6283,151.61370277404785,6252,153.45458984375,6249,155.37296080589294,6222,157.23401403427124,6222,159.0473940372467,6218,160.71142840385437,6209,162.32359552383423,6203,164.1221694946289,6200,165.93038082122803,6187,167.71495175361633,6169,169.55575680732727,6167,171.1843500137329,6127,172.862797498703,6124,174.72747588157654,6117,176.53919672966003,6117,178.52986598014832,6095,180.29859924316406,6091,182.04242205619812,6086,183.8654546737671,6071,185.68682503700256,6071,187.4364504814148,6066,189.0195014476776,6043,190.89363431930542,6021,192.5379240512848,5998,194.22747015953064,5995,195.80099177360535,5979,197.5495753288269,5961,199.2585916519165,5961,200.8266396522522,5952,202.6152856349945,5881,204.3122522830963,5877,206.1878261566162,5858,207.81612086296082,5810,209.64853835105896,5803,211.38132095336914,5799,213.08271384239197,5780,214.91696524620056,5779,216.70710587501526,5778,218.45212364196777,5778,220.31076765060425,5775,222.00235557556152,5766,223.94237613677979,5765,225.64369678497314,5740,227.28107476234436,5738,228.94710278511047,5738,230.58282494544983,5735,232.9252438545227,5728,234.87478351593018,5728,236.69993472099304,5710,238.54894042015076,5709,240.4976987838745,5687,242.369078874588,5687,244.0533001422882,5684,245.63431334495544,5684,247.2193455696106,5682,248.92563390731812,5668,250.60165691375732,5657,252.2776370048523,5657,253.95453262329102,5636,255.62242436408997,5616,257.5188536643982,5531,259.16701889038086,5527,260.9255757331848,5527,262.5795729160309,5523,264.42823457717896,5514,266.2152667045593,5512,268.1742796897888,5511,269.97267270088196,5511,271.89846754074097,5503,273.4994773864746,5503,275.3576662540436,5503,276.9835090637207,5503,278.6495327949524,5489,280.3489742279053,5489,281.88177371025085,5481,283.6172556877136,5481,285.19289088249207,5473,287.05735445022583,5472,288.6581497192383,5441,290.2992889881134,5441,292.1589629650116,5441,293.7934286594391,5436,295.555805683136,5431,297.4978220462799,5410,299.2689974308014,5410,300.62441205978394
2,random graphs/triangle/r1.5k42n28/graph2.lgbin,1480,203.38239789009094,6302,10351,0,10263,2.1484577655792236,10208,3.9557392597198486,10117,5.563512086868286,10023,7.400084495544434,9987,9.0164794921875,9932,10.68458342552185,9874,12.291013240814209,9778,14.102376937866211,9702,15.90242862701416,9620,17.76771831512451,9555,19.39783263206482,9501,20.97954511642456,9459,22.642564058303833,9396,24.999317407608032,9327,26.715434551239014,9269,28.402381896972656,9204,30.284015417099,9190,31.889359712600708,9168,33.67376089096069,9116,35.29701614379883,9106,36.96980881690979,9058,38.840877294540405,9029,40.669429540634155,9001,42.39768576622009,8980,44.09723377227783,8899,45.79813742637634,8837,47.465778827667236,8828,49.13929891586304,8800,50.97233724594116,8792,52.77059984207153,8785,54.60964059829712,8775,56.27900815010071,8773,57.99279022216797,8728,59.518678426742554,8669,61.345893144607544,8629,63.06795382499695,8598,64.81296634674072,8553,66.47126340866089,8509,68.08295273780823,8460,69.68621468544006,8379,71.29638695716858,8375,73.20761394500732,8365,74.93429827690125,8344,76.7419204711914,8313,78.35011506080627,8273,80.06859612464905,8271,81.99198985099792,8200,83.68012285232544,8197,85.52552056312561,8185,87.62003684043884,8154,89.74693655967712,8125,91.46184158325195,8110,93.29599165916443,8094,94.93290400505066,8045,96.56878542900085,8015,98.2680401802063,7975,99.91982936859131,7909,101.88406538963318,7874,103.70253801345825,7856,105.35010313987732,7795,107.0014636516571,7727,108.60047459602356,7726,110.46389961242676,7720,112.09398150444031,7627,113.74871301651001,7569,115.6776978969574,7567,117.98784637451172,7562,119.76745581626892,7559,121.6078896522522,7555,123.1974413394928,7550,124.85338854789734,7521,126.49352741241455,7521,128.12562894821167,7513,129.6814684867859,7507,131.41367101669312,7468,133.1632432937622,7464,134.81951022148132,7444,136.47990202903748,7400,138.27500653266907,7347,139.84936141967773,7302,141.42975187301636,7301,143.06808805465698,7293,144.69031071662903,7284,146.41064858436584,7284,148.18742561340332,7274,150.01150107383728,7274,151.91164112091064,7274,153.71970534324646,7236,155.5861520767212,7232,157.34485912322998,7221,158.88833141326904,7109,160.6304349899292,7096,162.39882802963257,7081,164.14642596244812,7075,165.73373913764954,7065,167.5104238986969,7039,169.3079640865326,7036,171.05020213127136,7017,172.62273526191711,6997,174.25205755233765,6997,175.84043836593628,6965,177.45181679725647,6926,179.28861141204834,6924,181.1920611858368,6914,182.80451941490173,6909,184.43545746803284,6876,186.18046116828918,6876,188.1232590675354,6873,189.8035056591034,6873,191.3559148311615,6840,192.95777678489685,6835,194.73905086517334,6835,196.4401638507843,6833,198.1195583343506,6832,199.7923572063446,6825,201.41239953041077,6812,203.10697150230408,6752,204.69090867042542,6752,206.40690207481384,6743,208.1832721233368,6743,209.90577816963196,6734,211.57962250709534,6734,213.26623702049255,6733,215.12601017951965,6732,217.0200617313385,6732,218.71698570251465,6731,220.6126320362091,6724,222.3842306137085,6680,224.00539445877075,6675,225.84964895248413,6656,227.63178849220276,6637,229.23611569404602,6581,230.84099292755127,6581,232.77923798561096,6568,234.42188692092896,6555,236.07071089744568,6552,237.69066381454468,6551,239.46672463417053,6551,241.03607201576233,6542,242.66327667236328,6524,244.43270063400269,6524,246.1957938671112,6514,247.9866485595703,6495,249.76680755615234,6493,251.30998134613037,6491,252.96929359436035,6491,254.73337411880493,6478,256.5760998725891,6471,258.358149766922,6464,260.177565574646,6464,262.1651563644409,6464,263.8839862346649,6462,265.6120240688324,6461,267.4097762107849,6461,269.11604595184326,6454,271.00917506217957,6444,272.8266866207123,6444,274.53384256362915,6419,276.2010431289673,6417,277.89780473709106,6417,279.7193479537964,6415,281.44081234931946,6401,283.0469882488251,6357,284.8113968372345,6353,286.73243951797485,6351,288.30509972572327,6324,290.07194924354553,6324,291.6296772956848,6322,293.20501351356506,6322,294.7270600795746,6305,296.3728549480438,6303,298.12494802474976,6302,299.6623070240021,6302,300.6072587966919
3,random graphs/triangle/r1.5k42n28/graph3.lgbin,1480,203.0054156780243,5942,10221,0,10037,1.936711072921753,9976,3.9306862354278564,9892,5.656462907791138,9803,7.3753557205200195,9767,9.061307907104492,9761,10.85546064376831,9731,12.646311521530151,9688,14.318548202514648,9605,16.36293125152588,9545,18.10808253288269,9475,20.15933108329773,9425,21.75682497024536,9359,23.699653387069702,9328,25.36549663543701,9234,27.182210206985474,9201,28.9693922996521,9142,30.84213423728943,9033,32.46177005767822,9006,34.14272212982178,8981,35.89437484741211,8944,37.63357424736023,8865,39.3587121963501,8810,41.23398303985596,8759,43.23476219177246,8733,45.089510679244995,8664,46.71553015708923,8608,48.51906609535217,8556,50.741015911102295,8527,52.45721220970154,8512,54.08676242828369,8436,55.81235074996948,8402,57.501877784729004,8398,59.1577033996582,8378,61.02639579772949,8330,62.685887813568115,8310,64.63176107406616,8307,66.2660961151123,8295,68.16034603118896,8257,69.78942704200745,8239,71.51235342025757,8202,73.40659046173096,8197,75.1756763458252,8154,76.91256093978882,8124,78.61928987503052,8090,80.20977091789246,8034,81.83711838722229,8023,83.52969932556152,7956,85.20003342628479,7953,86.85019063949585,7903,88.58951497077942,7881,90.29922652244568,7869,92.15048861503601,7840,93.81311440467834,7816,95.66314911842346,7766,97.36981844902039,7764,99.17607164382935,7736,101.00293684005737,7722,102.61755037307739,7700,105.31664657592773,7634,107.26771306991577,7601,108.92715644836426,7570,110.69472861289978,7491,112.37832641601562,7476,114.34827470779419,7476,116.12061762809753,7452,118.03687167167664,7426,119.95609021186829,7426,121.76437020301819,7364,123.68424272537231,7341,125.6122989654541,7338,127.25164580345154,7280,129.03126502037048,7246,130.78817772865295,7234,132.3939769268036,7233,134.10430335998535,7233,135.76494550704956,7200,137.40959095954895,7159,139.23249554634094,7153,140.8436963558197,7150,142.73907351493835,7135,144.40655779838562,7134,146.3403217792511,7133,148.0813992023468,7037,149.72433757781982,7020,151.58530735969543,7001,153.2447817325592,7001,155.0810670852661,6970,156.9845094680786,6912,158.72733521461487,6881,160.42885971069336,6862,162.29386234283447,6822,164.16839861869812,6794,165.86951279640198,6786,167.59178566932678,6742,169.21582579612732,6730,171.10527563095093,6725,172.99122524261475,6703,174.68629002571106,6685,176.4474835395813,6664,178.0600917339325,6651,179.99163484573364,6638,181.88908648490906,6632,183.75577425956726,6632,185.75942254066467,6632,187.6420440673828,6626,189.46867871284485,6626,191.3002290725708,6621,193.33268117904663,6619,194.93616700172424,6585,196.89183497428894,6573,198.93118405342102,6558,200.6786379814148,6558,202.53612732887268,6466,204.19752621650696,6456,206.06189894676208,6435,208.02331638336182,6434,209.8252522945404,6413,211.6829550266266,6389,213.3374960422516,6387,215.05664706230164,6374,216.78054237365723,6370,218.37405705451965,6369,220.30206727981567,6342,222.01096987724304,6313,223.887277841568,6312,225.538512468338,6309,227.168794631958,6309,228.7128610610962,6252,230.57047653198242,6246,232.18866801261902,6225,233.8731987476349,6225,235.76670598983765,6224,237.44386959075928,6198,239.24442076683044,6187,240.8922519683838,6187,242.7368688583374,6184,244.6236069202423,6183,246.44619846343994,6178,248.2139859199524,6178,249.84104585647583,6178,251.74606657028198,6159,253.50284457206726,6139,255.20484519004822,6134,256.89171028137207,6124,258.5237009525299,6124,260.24473237991333,6098,262.2323203086853,6098,263.954208612442,6095,265.86449003219604,6081,267.51191687583923,6080,269.2051148414612,6052,271.06443786621094,6051,272.9167582988739,6051,274.9022147655487,6050,276.791788816452,6050,278.4936044216156,6039,280.2012197971344,6014,281.9459013938904,6014,283.7920124530792,6003,285.7250511646271,6003,287.41276836395264,6003,289.3183090686798,6003,290.851934671402,5997,292.98789525032043,5978,294.5616853237152,5965,296.5083360671997,5952,298.15064883232117,5942,300.08098578453064
4,random graphs/triangle/r1.5k42n28/graph4.lgbin,1480,203.4468367099762,6031,10142,0,10097,1.9439570903778076,10037,3.6234498023986816,9980,5.453420162200928,9926,7.018148183822632,9868,8.68632435798645,9790,10.313288927078247,9747,12.057889699935913,9688,13.747506618499756,9584,15.355236053466797,9535,16.928356409072876,9498,18.558284521102905,9482,20.42111110687256,9421,22.381398916244507,9388,24.081512689590454,9255,25.858302116394043,9204,28.029159545898438,9163,29.648438453674316,9048,31.537531852722168,8969,33.16910934448242,8944,34.81134366989136,8944,36.684486389160156,8877,38.29235482215881,8849,39.94755458831787,8844,41.53416204452515,8796,43.11213135719299,8699,44.749655961990356,8677,46.46929168701172,8632,48.094170808792114,8564,49.8709876537323,8535,51.76152420043945,8480,53.43239092826843,8448,55.126102685928345,8420,56.80415153503418,8418,58.60625123977661,8416,60.23085165023804,8385,62.12972593307495,8385,63.96844840049744,8349,65.629403591156,8318,67.22563815116882,8301,69.42526125907898,8249,71.00761842727661,8241,72.76929545402527,8185,74.36188745498657,8121,75.98615980148315,8121,77.56010055541992,8105,79.35449409484863,8094,81.00072622299194,8028,82.61797761917114,8028,84.45180535316467,7994,86.21291327476501,7977,88.01204180717468,7907,89.65086388587952,7891,91.54348230361938,7891,93.2846930027008,7840,94.92630171775818,7761,96.56831789016724,7755,98.2847695350647,7720,99.91955971717834,7712,101.70623135566711,7678,103.36125946044922,7618,105.06989598274231,7616,106.82139682769775,7595,108.46464729309082,7586,110.3819968700409,7583,112.1399507522583,7526,113.9640417098999,7514,115.62053656578064,7470,117.53189492225647,7446,119.23291826248169,7439,120.95331716537476,7378,122.57877612113953,7378,124.34929132461548,7351,125.94077777862549,7319,127.58113145828247,7290,129.47872710227966,7267,131.10200119018555,7185,132.7371232509613,7180,134.54567956924438,7180,136.79027271270752,7137,138.6369891166687,7117,140.51386523246765,7115,142.26537418365479,7105,143.8312554359436,7101,145.65001010894775,7098,147.5480842590332,7046,149.40067505836487,6994,151.03886795043945,6994,152.67263960838318,6994,154.47867941856384,6982,156.2788119316101,6974,157.89362025260925,6967,159.70782494544983,6957,161.51526355743408,6946,163.32064723968506,6918,165.08308291435242,6911,166.69862270355225,6879,168.29166054725647,6855,170.1792278289795,6803,171.83459067344666,6803,173.51497721672058,6783,175.37660598754883,6770,177.02392888069153,6754,178.71501278877258,6748,180.43230843544006,6743,182.3090136051178,6740,184.14911460876465,6684,186.11724638938904,6646,187.77467012405396,6626,189.6754400730133,6620,191.57540726661682,6596,193.47738099098206,6532,195.12167382240295,6531,196.93352699279785,6531,198.45138478279114,6517,200.36196279525757,6515,202.18532919883728,6433,203.79478859901428,6374,205.4056899547577,6372,206.94857597351074,6360,208.75596475601196,6346,210.48554515838623,6344,212.2506983280182,6344,214.11718010902405,6338,215.89550232887268,6313,217.77481484413147,6301,219.5073320865631,6282,221.23260951042175,6276,223.32072138786316,6276,225.15123844146729,6274,226.95423579216003,6269,228.58033919334412,6268,230.33084654808044,6258,232.1378631591797,6232,233.7945704460144,6215,235.49759221076965,6193,237.37473273277283,6192,239.04803705215454,6188,240.73076748847961,6174,242.38693737983704,6168,244.33326530456543,6149,245.98246431350708,6148,247.74259114265442,6148,249.49589776992798,6134,251.1628234386444,6127,252.86219239234924,6118,254.54832339286804,6115,256.3836762905121,6107,258.01591396331787,6093,259.6368706226349,6092,261.2470543384552,6092,263.08717584609985,6092,264.83131289482117,6092,266.5267915725708,6092,268.1996307373047,6080,270.00757813453674,6078,271.8445086479187,6072,273.59966230392456,6072,275.1266598701477,6072,276.8953869342804,6067,278.7418534755707,6067,281.01144790649414,6062,282.63225984573364,6058,284.5328142642975,6056,286.3623015880585,6054,288.15408205986023,6048,289.7767081260681,6044,291.3875081539154,6044,293.02901554107666,6044,294.75835156440735,6044,296.3234188556671,6032,298.04533767700195,6031,299.9758584499359,6031,300.6300618648529
0,random graphs/triangle/r1.5k42n28/graph0.lgbin,1141,209.29089093208313,6207,10043,0,10011,1.7813472747802734,9976,3.3539540767669678,9938,5.0179948806762695,9847,6.900556802749634,9840,8.661060571670532,9772,12.398147821426392,9731,14.180752754211426,9656,15.763851165771484,9610,17.48230266571045,9540,19.047176122665405,9501,20.828351974487305,9476,22.655560731887817,9417,24.26357674598694,9384,25.961808919906616,9358,27.623894214630127,9349,29.361692905426025,9338,31.00105905532837,9267,32.75225281715393,9223,34.43100666999817,9149,36.07370972633362,9144,37.72355651855469,9082,39.42996907234192,8993,41.07059192657471,8957,42.70020842552185,8943,44.40856218338013,8879,46.25628161430359,8829,48.052987813949585,8783,49.788004875183105,8680,51.601232290267944,8641,53.62434792518616,8600,55.283594608306885,8581,57.36914873123169,8549,59.15709161758423,8515,60.783549308776855,8465,62.46264624595642,8433,64.58907341957092,8417,66.42890954017639,8400,68.21630334854126,8351,69.82918882369995,8350,71.5037772655487,8338,73.4280378818512,8332,75.70849514007568,8300,77.36608839035034,8277,79.34407806396484,8234,81.19172239303589,8223,82.98160791397095,8182,84.91811418533325,8164,86.754962682724,8150,88.72450923919678,8126,90.36064958572388,8109,92.18579339981079,8065,93.95725750923157,8052,96.08001518249512,8019,97.84928178787231,8009,99.69332551956177,8009,101.89508390426636,7965,103.61296725273132,7958,105.29594135284424,7933,106.92445635795593,7928,108.84320783615112,7879,110.73195123672485,7864,112.72264409065247,7818,114.6471917629242,7771,116.31467747688293,7768,117.99889802932739,7764,119.6950330734253,7764,121.47035193443298,7755,123.32664132118225,7744,125.13845753669739,7723,126.97474956512451,7704,128.79708242416382,7689,130.7327103614807,7670,132.40867590904236,7662,134.145005941391,7628,136.1158356666565,7628,138.0860252380371,7576,139.91638326644897,7560,141.90461564064026,7560,143.81656622886658,7542,145.84476971626282,7542,147.5422956943512,7526,149.24157524108887,7442,150.98423600196838,7433,153.05902290344238,7389,154.88120889663696,7311,156.61042499542236,7303,158.31115865707397,7297,160.0207335948944,7269,161.739360332489,7242,163.5199329853058,7229,165.3791332244873,7226,167.022846698761,7226,169.00425910949707,7190,170.72056651115417,7151,172.558034658432,7135,174.51612257957458,7131,176.5492765903473,7131,178.4871063232422,7099,180.2211093902588,7098,182.13494491577148,7055,183.82777857780457,7050,185.87455368041992,6998,187.63907480239868,6989,189.40480375289917,6959,191.16331434249878,6896,193.09743762016296,6895,194.77834749221802,6882,196.7139768600464,6872,198.63285517692566,6793,200.56538605690002,6782,202.5333752632141,6768,204.52516102790833,6768,206.30877089500427,6760,208.0064172744751,6747,209.8340277671814,6739,211.62011909484863,6739,213.55398201942444,6733,215.53249788284302,6701,217.60219407081604,6683,219.60271620750427,6682,221.7582061290741,6668,223.97409415245056,6668,225.83523535728455,6656,227.90708470344543,6650,229.72171902656555,6641,231.50747108459473,6641,233.1738076210022,6641,235.1318438053131,6615,236.8891580104828,6593,239.1035339832306,6578,241.0707643032074,6561,242.85373187065125,6526,244.87103295326233,6504,246.9472188949585,6490,249.3558270931244,6490,251.25078964233398,6481,253.05940222740173,6476,255.06789588928223,6449,256.98067569732666,6443,259.0192642211914,6436,261.2526252269745,6412,263.23268699645996,6399,265.061181306839,6393,266.9057400226593,6393,268.72625851631165,6390,270.541316986084,6388,272.28414607048035,6388,274.1320025920868,6388,276.45615100860596,6370,278.27431631088257,6340,280.4255690574646,6340,282.1115634441376,6328,283.8370575904846,6323,285.7157850265503,6322,287.40733766555786,6316,289.39608430862427,6310,291.1583471298218,6259,293.1503348350525,6259,295.44347310066223,6249,297.44915795326233,6207,299.2264475822449,6207,300.6013834476471
1,random graphs/triangle/r1.5k42n28/graph1.lgbin,1141,211.28316473960876,6027,9933,0,9912,2.1219661235809326,9810,4.005622625350952,9757,6.038378000259399,9721,7.857008457183838,9649,9.785924196243286,9576,11.476898193359375,9565,13.41370701789856,9492,15.223888158798218,9485,17.30433988571167,9387,19.243117809295654,9373,21.202890396118164,9344,22.89673352241516,9262,24.611812829971313,9220,26.320467233657837,9194,28.301867246627808,9103,30.11042857170105,9076,32.13242793083191,9033,34.19806241989136,8962,36.016231536865234,8911,37.90872621536255,8876,39.68163752555847,8837,41.58235836029053,8800,43.33928084373474,8773,45.28881120681763,8759,47.04340720176697,8701,48.8372163772583,8640,50.7408721446991,8628,52.62408900260925,8600,54.544201374053955,8564,56.405667304992676,8493,58.380430936813354,8426,60.821115255355835,8342,62.59410548210144,8320,64.67390179634094,8309,66.71855592727661,8305,68.4859082698822,8258,70.34772968292236,8203,72.1794843673706,8194,74.42919135093689,8136,76.2581992149353,8134,78.51929640769958,8083,80.49088835716248,8032,82.30606269836426,7956,84.17066669464111,7934,86.1212363243103,7894,88.23059272766113,7894,90.25646114349365,7843,92.49345374107361,7836,94.61434960365295,7817,96.59531831741333,7777,98.3399064540863,7764,100.29958844184875,7736,102.21078372001648,7695,103.98966002464294,7636,105.69648218154907,7618,107.46972322463989,7615,109.24674940109253,7602,111.19809651374817,7527,113.02390575408936,7513,114.8995099067688,7464,117.00903964042664,7464,119.02760362625122,7418,120.81770777702332,7381,122.58578133583069,7381,124.37581467628479,7378,126.26225638389587,7349,128.33291053771973,7308,130.4598252773285,7215,132.2650647163391,7156,134.09408116340637,7138,136.1446385383606,7115,138.05794167518616,7103,139.98148274421692,7080,141.9128224849701,7071,144.0379855632782,7070,145.7609269618988,7053,147.78378558158875,7052,149.59510207176208,7039,151.5038914680481,7032,153.49013471603394,6981,155.82410836219788,6965,157.73851466178894,6951,159.93747735023499,6939,161.71048378944397,6911,163.77289748191833,6889,165.59612727165222,6888,167.66356468200684,6867,169.5080282688141,6855,171.2501027584076,6855,173.14885187149048,6835,174.9939386844635,6823,177.32093405723572,6807,179.40980172157288,6807,181.45610404014587,6804,183.27904963493347,6802,185.65671467781067,6762,187.36336588859558,6685,189.1809630393982,6685,191.04600644111633,6669,192.87184238433838,6657,194.66567730903625,6646,196.6258111000061,6643,198.39341616630554,6639,200.23685908317566,6624,201.93644952774048,6577,204.00332117080688,6573,205.9881157875061,6557,207.99609899520874,6538,209.81766510009766,6516,211.61559057235718,6515,213.48786854743958,6515,215.36178469657898,6513,217.8462724685669,6499,219.76189064979553,6488,221.52989077568054,6458,223.50618481636047,6457,225.6745138168335,6453,228.31540656089783,6432,230.12436652183533,6399,231.89075589179993,6397,233.8194329738617,6359,235.81894493103027,6359,237.7923641204834,6326,239.80795407295227,6326,241.91940927505493,6308,243.79882907867432,6303,245.60546326637268,6295,247.6632182598114,6280,249.75981664657593,6279,251.5892632007599,6277,253.62620902061462,6277,255.48817133903503,6274,257.18265652656555,6248,261.2004725933075,6242,263.2783603668213,6226,265.3930559158325,6188,267.1419277191162,6173,269.13136768341064,6169,271.2569763660431,6160,273.19103026390076,6155,274.9210317134857,6144,277.0413293838501,6142,279.1243929862976,6140,280.9075434207916,6122,282.88503241539,6121,284.89969396591187,6119,286.73261284828186,6109,288.5406312942505,6107,290.3436818122864,6097,292.3145091533661,6097,294.1828420162201,6089,296.19003534317017,6027,297.96628522872925,6027,299.98201394081116,6027,300.660444021225
2,random graphs/triangle/r1.5k42n28/graph2.lgbin,1141,209.45658922195435,6750,10351,0,10279,2.1017885208129883,10205,3.77055025100708,10190,5.499193906784058,10121,7.612367391586304,10068,9.347016334533691,9982,11.316522121429443,9938,13.052964448928833,9927,15.048567771911621,9911,17.03960084915161,9877,18.791731595993042,9771,20.51947522163391,9699,22.298935651779175,9675,23.98353362083435,9612,25.729422330856323,9596,27.670169353485107,9535,29.644080638885498,9488,31.659173488616943,9429,33.28304672241211,9425,35.034234046936035,9395,36.80646514892578,9357,38.72063446044922,9333,40.74075365066528,9243,42.582552671432495,9230,44.45765233039856,9169,46.466188192367554,9119,48.25614857673645,9103,50.245513677597046,9069,52.19493746757507,9069,54.15232062339783,9062,55.91101264953613,9027,57.61378264427185,9007,59.458232164382935,8973,61.453068017959595,8909,63.4151725769043,8898,65.18458485603333,8844,67.2415030002594,8831,69.05835676193237,8824,71.01991009712219,8805,72.97733354568481,8743,74.79141974449158,8727,76.77676272392273,8695,78.58801221847534,8657,80.36199617385864,8630,82.13833427429199,8616,84.10704159736633,8591,85.91908192634583,8529,87.52917671203613,8492,89.1808078289032,8454,91.1414544582367,8409,93.14219832420349,8381,94.95265340805054,8364,96.895583152771,8333,98.84785771369934,8274,100.88143825531006,8248,102.67120313644409,8193,104.55441665649414,8115,106.2522394657135,8087,108.18416500091553,8060,109.88816428184509,8048,111.84967184066772,8024,113.64931654930115,8019,115.49782466888428,8016,117.52809143066406,8016,120.08534383773804,7963,121.8371274471283,7945,123.78577446937561,7907,125.5307228565216,7900,127.48510432243347,7899,129.1415572166443,7894,131.1862027645111,7862,132.9531888961792,7815,135.04071235656738,7799,136.7924942970276,7788,138.9172329902649,7762,140.7989468574524,7762,142.48220539093018,7731,144.25350713729858,7721,146.4610140323639,7707,148.44509410858154,7707,150.50393295288086,7701,152.6146445274353,7694,154.5227701663971,7692,156.21229457855225,7652,157.94286441802979,7652,159.60913038253784,7636,161.76338911056519,7628,163.53246808052063,7614,165.33818340301514,7559,167.0685591697693,7520,168.78889060020447,7503,170.46494436264038,7501,172.26817345619202,7490,174.2254548072815,7477,176.32456755638123,7474,178.16980719566345,7465,179.8412311077118,7463,181.65697836875916,7457,183.369943857193,7442,185.1536374092102,7442,187.26393747329712,7424,189.03070664405823,7365,190.76495122909546,7353,192.4818835258484,7303,194.25638961791992,7288,196.11075115203857,7288,197.96477675437927,7285,199.6412968635559,7232,201.49985265731812,7232,203.1962456703186,7232,205.03276205062866,7226,206.86865830421448,7212,208.60760354995728,7211,210.33330130577087,7201,212.10031747817993,7201,213.92107462882996,7174,215.63443732261658,7170,217.705491065979,7170,219.32723736763,7162,221.1978759765625,7156,223.04468488693237,7154,224.95403265953064,7154,226.79687213897705,7147,228.65026664733887,7136,230.37499237060547,7129,232.2051863670349,7118,234.03732061386108,7118,235.94826817512512,7090,237.76499843597412,7045,239.86043119430542,7039,241.8027744293213,7036,243.68125820159912,6999,245.71038675308228,6998,247.72080087661743,6998,249.6298840045929,6979,251.4076955318451,6966,253.3639953136444,6956,255.31012630462646,6950,257.254759311676,6939,259.5991051197052,6930,261.6045274734497,6888,263.6387619972229,6887,266.01187920570374,6887,267.6023325920105,6887,269.5025722980499,6878,271.1987838745117,6866,272.88257932662964,6842,274.76516914367676,6838,276.845988035202,6838,278.9372446537018,6813,280.6855652332306,6799,282.4589238166809,6798,284.25675535202026,6798,285.9990043640137,6798,287.64405250549316,6787,289.43865156173706,6782,291.46112513542175,6779,293.2662925720215,6779,295.34376668930054,6757,297.43818640708923,6750,299.9778895378113,6750,300.64660120010376
3,random graphs/triangle/r1.5k42n28/graph3.lgbin,1141,212.34520959854126,6604,10221,0,10192,2.3722939491271973,10171,4.487462997436523,10141,6.425546407699585,10106,8.333016395568848,10075,10.441731452941895,10036,12.608030796051025,9936,14.443143367767334,9862,16.286933183670044,9852,18.198908805847168,9771,20.097296237945557,9729,21.923680067062378,9658,24.02514624595642,9634,25.821099758148193,9622,27.718188285827637,9527,29.538893699645996,9494,31.561015367507935,9463,33.72018551826477,9431,37.21457052230835,9412,39.32706809043884,9367,41.203468322753906,9340,43.0213098526001,9303,44.893561124801636,9241,46.825623512268066,9229,48.76993703842163,9170,50.6221764087677,9134,52.6630744934082,9112,54.88758063316345,9032,56.698495388031006,9009,58.80830931663513,8974,60.819254636764526,8911,63.00384068489075,8866,64.83687806129456,8838,66.68090271949768,8780,68.59417390823364,8745,70.52786684036255,8731,72.43074011802673,8723,74.64423680305481,8699,76.51628351211548,8624,78.69669079780579,8602,80.5103611946106,8491,82.46703147888184,8433,84.56141400337219,8388,86.34856700897217,8378,88.36689186096191,8348,90.24059128761292,8336,92.21670389175415,8292,94.18657445907593,8249,96.32121014595032,8208,98.41454529762268,8200,100.23899292945862,8159,102.18365955352783,8148,104.0786247253418,8148,106.02650356292725,8095,108.05913233757019,8072,110.16317105293274,8048,112.15696787834167,8026,114.22076964378357,8001,116.21578216552734,7979,118.09126853942871,7973,119.98943042755127,7971,122.15299773216248,7856,124.0112521648407,7832,126.17193531990051,7792,128.21044039726257,7757,130.2611608505249,7757,132.29008793830872,7754,134.44309544563293,7725,136.33192467689514,7725,138.2452199459076,7705,140.39595079421997,7705,142.44705820083618,7704,144.5403082370758,7616,146.67148399353027,7612,148.6448152065277,7600,150.53150367736816,7549,152.3903031349182,7517,154.52236890792847,7451,156.61551976203918,7446,158.36649179458618,7365,160.27414345741272,7347,162.32109665870667,7347,164.18116879463196,7334,166.14138984680176,7333,168.85333275794983,7308,170.84488201141357,7267,172.63050651550293,7234,174.6711347103119,7222,176.8241753578186,7205,178.6700258255005,7200,181.15583848953247,7189,183.00125980377197,7170,185.10185074806213,7168,187.23909306526184,7117,189.1014814376831,7115,191.26477336883545,7099,193.52192378044128,7048,195.42022371292114,7034,197.4340169429779,7028,199.25236320495605,7024,201.35484719276428,7024,203.60434484481812,7006,205.52727270126343,6987,207.67740941047668,6984,209.81217885017395,6984,211.74080681800842,6984,213.60201930999756,6975,215.92996549606323,6960,217.95226573944092,6960,219.91991567611694,6947,221.65554571151733,6940,223.76108169555664,6935,225.93291449546814,6916,228.02394700050354,6913,230.18322229385376,6904,232.05624270439148,6895,234.0778193473816,6881,235.94299745559692,6865,237.89071345329285,6865,240.06793880462646,6862,242.04607725143433,6831,243.97357320785522,6830,245.99326992034912,6817,247.88488054275513,6811,249.79608011245728,6803,251.68431162834167,6795,253.635671377182,6794,255.44593453407288,6780,257.2920308113098,6780,259.2798628807068,6775,261.3762221336365,6775,263.2323000431061,6744,265.1337180137634,6744,267.2557330131531,6744,269.0628364086151,6744,271.097886800766,6738,273.03944993019104,6726,274.8432774543762,6726,276.6850759983063,6713,278.59113240242004,6697,280.588454246521,6694,282.7929801940918,6694,284.74122881889343,6694,287.02060174942017,6624,288.86274123191833,6624,290.7356638908386,6622,292.90578961372375,6605,294.68021631240845,6604,296.7999806404114,6604,298.91968035697937,6604,300.6188440322876
4,random graphs/triangle/r1.5k42n28/graph4.lgbin,1141,208.15444445610046,6249,10142,0,10104,2.0871689319610596,10072,3.8789689540863037,9997,5.652825355529785,9979,7.354748725891113,9957,9.431652307510376,9931,11.07824969291687,9898,13.012101173400879,9825,14.766041040420532,9693,16.51884698867798,9689,18.833802461624146,9634,20.778019905090332,9560,22.537984371185303,9522,24.380454301834106,9442,26.100499153137207,9437,28.35258650779724,9395,30.135279655456543,9330,32.131643772125244,9279,34.186272859573364,9258,35.94560742378235,9209,37.82720327377319,9136,39.53270411491394,9119,41.17279553413391,9033,42.838735580444336,9001,44.686198472976685,8967,46.386003732681274,8910,48.255784034729004,8842,50.23348426818848,8821,52.233642578125,8801,54.345081090927124,8753,56.07303333282471,8704,57.92550539970398,8663,59.672988414764404,8642,61.41324186325073,8599,63.07962346076965,8528,64.78680896759033,8506,66.69887113571167,8488,68.37630009651184,8488,70.04417705535889,8430,71.82130837440491,8392,73.64209461212158,8366,75.36416506767273,8340,77.32549500465393,8268,79.00209140777588,8198,80.89322113990784,8197,82.60574197769165,8180,84.32976984977722,8129,86.30917000770569,8082,88.04889869689941,8021,90.06224608421326,7977,91.7132408618927,7927,93.41930747032166,7907,95.20494079589844,7888,96.9599940776825,7887,98.67388129234314,7857,100.53876233100891,7847,102.457115650177,7845,104.32458829879761,7838,106.17146277427673,7835,107.98124933242798,7807,109.9058289527893,7768,111.88694310188293,7716,113.79692006111145,7632,115.52952718734741,7628,118.02903962135315,7606,119.84601926803589,7599,121.72828960418701,7590,123.46068620681763,7590,125.100026845932,7578,126.81377959251404,7539,128.8292601108551,7528,130.56559562683105,7506,132.48096442222595,7506,134.35064888000488,7500,136.01296663284302,7486,137.9836859703064,7476,139.96486234664917,7468,141.5986704826355,7447,143.33418536186218,7447,145.16647243499756,7382,147.0822606086731,7357,148.92253470420837,7347,150.7988142967224,7339,152.49541473388672,7326,154.38653302192688,7269,156.10245275497437,7252,157.7691342830658,7246,159.45136737823486,7246,161.09679770469666,7216,163.1500859260559,7202,165.03434205055237,7159,166.8165922164917,7154,168.76993203163147,7152,170.63847136497498,7132,172.36773991584778,7098,174.35033798217773,7089,176.0248396396637,7077,178.08428192138672,7076,179.87863755226135,7058,181.60887956619263,7042,183.4577672481537,7011,185.25365662574768,6996,187.3520348072052,6989,189.29665303230286,6988,191.27560806274414,6988,192.91848969459534,6988,194.75224828720093,6959,196.98511791229248,6941,198.93275833129883,6941,200.647545337677,6868,202.60042190551758,6849,204.3304557800293,6847,206.22596263885498,6825,208.2922773361206,6825,210.5315968990326,6818,212.28656673431396,6814,214.4346227645874,6812,216.40081667900085,6790,218.19862174987793,6777,220.19278478622437,6775,221.98258209228516,6757,223.92951893806458,6754,226.13334918022156,6753,227.91722440719604,6748,229.6663715839386,6737,231.44035029411316,6733,233.195556640625,6705,234.91099309921265,6689,236.79190683364868,6677,238.69307708740234,6634,240.59305214881897,6632,242.44760751724243,6615,244.46614837646484,6576,246.2199194431305,6571,248.16009306907654,6570,250.09053564071655,6553,252.12277102470398,6553,254.04692721366882,6520,255.85175681114197,6425,258.36027574539185,6425,260.15473985671997,6401,262.21281456947327,6400,263.92560601234436,6393,265.759934425354,6392,267.55474495887756,6381,269.2949047088623,6380,271.2673273086548,6380,272.89711904525757,6374,274.5940818786621,6374,276.5967049598694,6351,278.3251521587372,6339,280.09692549705505,6293,282.3170132637024,6293,284.3289451599121,6289,285.9998905658722,6289,288.48272490501404,6289,290.13128995895386,6267,292.2576234340668,6262,294.0185372829437,6259,295.8844494819641,6249,297.8688178062439,6249,299.7478082180023,6249,300.63709473609924
0,random graphs/triangle/r1.5k42n28/graph0.lgbin,2072,212.29375672340393,5585,10043,0,10017,2.0204639434814453,9955,3.857574462890625,9835,9.061132907867432,9711,12.630805492401123,9627,14.346150159835815,9581,16.313533544540405,9473,18.134109020233154,9417,19.91219425201416,9381,21.674795150756836,9275,23.547972679138184,9212,25.3843195438385,9098,27.65125870704651,9027,29.475489854812622,8876,31.326514720916748,8781,33.066595792770386,8693,34.89788293838501,8650,36.71501445770264,8584,38.48296570777893,8464,40.27825665473938,8335,42.254448652267456,8315,44.27070331573486,8301,45.96147084236145,8278,47.76205372810364,8243,49.61759281158447,8124,51.43329071998596,8025,53.903082609176636,7944,55.71918177604675,7899,57.61870217323303,7843,59.748831272125244,7811,61.896984815597534,7709,63.69209551811218,7639,65.50560069084167,7620,67.56284880638123,7587,69.67733025550842,7550,71.526526927948,7456,73.34542632102966,7382,75.27463293075562,7296,77.1067373752594,7249,79.02413535118103,7209,80.79075336456299,7178,83.21325874328613,7171,85.19740414619446,7140,87.95231175422668,7094,89.82625365257263,7082,91.60462617874146,7082,93.28999948501587,7052,95.06169033050537,7013,96.818598985672,7013,98.61952376365662,7010,100.55188536643982,7009,102.62297248840332,6974,104.44216918945312,6916,106.5929365158081,6898,108.37370586395264,6895,110.36059188842773,6870,112.542160987854,6864,114.5168936252594,6849,116.27977967262268,6829,118.38913226127625,6779,120.10248041152954,6766,122.01480531692505,6763,123.86759281158447,6742,125.87190079689026,6723,127.69230651855469,6681,129.49701976776123,6680,131.7385129928589,6680,133.40962076187134,6674,135.1926305294037,6625,137.27736115455627,6572,139.19369435310364,6559,141.1814591884613,6557,143.25282287597656,6549,145.0068802833557,6549,146.81121277809143,6540,148.57514023780823,6533,150.48058152198792,6533,152.248122215271,6496,154.11474561691284,6496,156.05298495292664,6492,157.83127164840698,6442,159.66564416885376,6422,161.5281367301941,6394,163.43567538261414,6383,165.33699798583984,6345,167.33404350280762,6322,169.12832283973694,6288,170.8603777885437,6257,172.89189410209656,6243,174.67855429649353,6243,177.50122165679932,6237,179.29228401184082,6236,181.27579474449158,6233,183.4416000843048,6227,185.4131269454956,6198,187.49915051460266,6168,189.29282450675964,6163,191.4592945575714,6136,193.25549745559692,6136,194.98327040672302,6126,197.0010278224945,6125,198.86000537872314,6113,200.97050380706787,6110,202.7797396183014,6106,204.6829652786255,6081,206.5377814769745,6081,208.45656561851501,6081,210.20509338378906,6040,212.36532926559448,6011,214.20860505104065,5986,215.9603991508484,5922,217.86075639724731,5903,219.62228107452393,5893,221.5948293209076,5893,223.59541726112366,5876,225.72868394851685,5867,227.51072359085083,5856,229.24089121818542,5855,231.0771095752716,5843,232.83251285552979,5836,234.69135546684265,5824,236.48588871955872,5820,238.29490113258362,5816,240.32285141944885,5814,242.2159628868103,5812,244.01304602622986,5803,245.98143768310547,5803,247.73046731948853,5759,249.53686213493347,5751,251.49422216415405,5739,253.2959427833557,5728,255.05396819114685,5725,256.8916792869568,5721,258.7500071525574,5685,260.4972906112671,5684,262.32226610183716,5684,263.98875856399536,5682,265.6683917045593,5671,267.6350185871124,5671,269.4770543575287,5671,271.63935947418213,5660,273.39733839035034,5658,275.1155529022217,5658,276.8511528968811,5654,278.6397304534912,5645,280.6377763748169,5645,282.3629319667816,5645,284.1107556819916,5643,285.8694746494293,5630,287.6506669521332,5626,289.58170890808105,5619,291.5507161617279,5614,293.35596656799316,5609,295.2075617313385,5594,297.2383360862732,5585,299.02241611480713,5585,300.6171464920044
1,random graphs/triangle/r1.5k42n28/graph1.lgbin,2072,217.28417778015137,5403,9933,0,9850,2.269817352294922,9743,7.490360498428345,9653,9.434668779373169,9531,11.633018255233765,9459,13.480271100997925,9410,15.594641923904419,9283,17.639291048049927,9168,19.54434823989868,9030,21.94200849533081,8969,24.036312103271484,8820,26.06630301475525,8771,28.02946376800537,8699,29.913806915283203,8618,31.83072304725647,8456,34.05856966972351,8415,36.205429792404175,8360,38.13665533065796,8304,40.30417990684509,8148,42.22301363945007,8119,50.92336082458496,8034,53.00289535522461,7989,55.142083168029785,7823,57.08200192451477,7753,59.03855085372925,7753,61.089505672454834,7662,62.98859405517578,7622,64.89150834083557,7556,67.04846501350403,7478,69.28012728691101,7461,71.14262461662292,7416,73.21196961402893,7355,75.31950092315674,7282,77.22838592529297,7254,79.18876886367798,7201,81.18335008621216,7127,83.47882461547852,7127,85.28912401199341,7062,87.44147825241089,7060,89.6220383644104,7060,91.46979236602783,6994,93.4306652545929,6947,95.90105032920837,6917,97.76208090782166,6883,99.7090196609497,6857,101.81623435020447,6829,103.72762250900269,6771,105.6853199005127,6717,107.60474991798401,6686,109.38131856918335,6611,111.40891289710999,6609,113.53187894821167,6597,115.57044267654419,6552,117.84595656394958,6551,119.78037524223328,6534,121.89372229576111,6534,123.7926983833313,6517,125.64583039283752,6485,127.52322578430176,6470,129.4298288822174,6455,134.58579659461975,6406,136.47388219833374,6376,138.3474624156952,6341,140.24416065216064,6315,142.14178133010864,6313,144.0053985118866,6311,145.83377408981323,6234,147.7586431503296,6234,152.54847717285156,6233,154.43858361244202,6205,156.3307752609253,6205,158.07228016853333,6178,160.05339312553406,6169,162.07362723350525,6159,164.3226194381714,6134,166.376868724823,6132,168.3127145767212,6124,170.3193335533142,6087,172.21329259872437,6069,174.125146150589,6063,176.05807542800903,6044,177.94304394721985,6038,179.87129592895508,6017,182.20639443397522,5970,184.20198249816895,5970,186.1476719379425,5950,188.01971244812012,5950,189.92767238616943,5949,191.69581031799316,5913,193.59237432479858,5889,196.1672384738922,5889,197.97165203094482,5857,199.9349663257599,5849,201.76361894607544,5824,203.69032859802246,5773,205.73208236694336,5769,208.11865329742432,5742,210.2689664363861,5737,212.32221269607544,5702,214.24278163909912,5691,216.3230562210083,5691,218.17537021636963,5681,220.21983289718628,5673,222.11337184906006,5666,224.12139916419983,5661,226.045889377594,5650,228.24128794670105,5630,230.4228744506836,5630,232.2434742450714,5629,234.13836693763733,5617,236.19199967384338,5616,238.04701447486877,5608,240.11208510398865,5608,241.966148853302,5598,243.87128376960754,5585,245.71759033203125,5585,248.06064414978027,5580,249.78646421432495,5566,251.70022130012512,5566,253.56773447990417,5540,255.44850039482117,5534,257.29402470588684,5525,259.4429154396057,5515,261.3687617778778,5505,263.65922689437866,5505,265.4665849208832,5502,267.58442640304565,5492,269.4596288204193,5486,271.3301739692688,5482,273.30555295944214,5482,275.40350818634033,5482,277.3564541339874,5477,279.2068648338318,5474,281.094309091568,5438,283.0413501262665,5437,285.1029224395752,5428,286.9444034099579,5426,288.75790309906006,5425,290.6034700870514,5414,292.76481676101685,5404,294.7340958118439,5403,296.9304893016815,5403,298.79049921035767,5403,300.6195077896118
2,random graphs/triangle/r1.5k42n28/graph2.lgbin,2072,214.46952176094055,5922,10351,0,10239,2.094536066055298,10141,4.031736373901367,10069,5.934558868408203,9984,7.89581298828125,9885,10.39482855796814,9766,13.1101713180542,9702,15.007591247558594,9651,16.89681625366211,9578,18.78379511833191,9472,20.961334943771362,9385,24.068315029144287,9324,26.74441432952881,9297,28.608192682266235,9199,30.623414754867554,9191,32.525779008865356,9134,34.32273030281067,9068,36.715869665145874,9030,38.64208793640137,8985,40.76510500907898,8928,42.64519691467285,8861,44.521329402923584,8783,46.58579969406128,8723,48.472252368927,8692,50.69794821739197,8650,52.74592852592468,8629,54.514923334121704,8469,57.33262872695923,8432,59.2245032787323,8389,61.254130125045776,8341,63.315080881118774,8326,65.40631937980652,8236,67.25529432296753,8215,69.23503494262695,8214,71.26878762245178,8135,73.13550901412964,8095,75.46307301521301,8013,77.55170822143555,7889,79.46891808509827,7827,81.66935157775879,7763,83.84668827056885,7735,85.65789437294006,7693,87.6043336391449,7693,89.32096314430237,7645,91.18085217475891,7569,93.13968229293823,7569,94.97597241401672,7486,96.8658185005188,7440,99.1719400882721,7400,101.30667543411255,7348,103.41009163856506,7348,105.48825120925903,7346,107.33582973480225,7346,109.98283767700195,7325,111.99917697906494,7300,114.04135823249817,7298,115.89642715454102,7297,117.81917595863342,7292,119.69146943092346,7286,121.60648655891418,7277,123.48659014701843,7231,125.30816769599915,7162,127.18464279174805,7138,129.50893425941467,7138,131.27169275283813,7087,133.1704182624817,7087,134.90820693969727,7080,136.8115210533142,7079,138.8714165687561,7075,140.75237679481506,7034,142.69886302947998,6983,144.77981638908386,6917,146.66466403007507,6888,148.55315828323364,6874,150.3597288131714,6845,152.47981023788452,6835,154.49410486221313,6835,156.33301281929016,6791,158.18210911750793,6775,160.03192949295044,6775,161.9243562221527,6774,163.73987221717834,6774,165.6447615623474,6704,167.47458624839783,6704,169.2714819908142,6701,171.16371941566467,6700,172.99688148498535,6695,174.86251997947693,6683,176.7988579273224,6674,178.799786567688,6671,180.90931344032288,6620,182.84524869918823,6615,184.96043729782104,6537,187.07905197143555,6503,189.16451263427734,6493,191.1283097267151,6492,192.99837923049927,6484,194.87949872016907,6456,197.00165128707886,6440,198.932443857193,6428,201.0530846118927,6422,203.2177379131317,6422,205.06251335144043,6370,206.9063436985016,6317,208.73083353042603,6298,210.55124306678772,6280,212.68549847602844,6250,214.53102207183838,6250,216.58229327201843,6247,218.45573091506958,6240,220.3265676498413,6235,222.3260567188263,6222,224.46627688407898,6198,226.5182023048401,6189,228.8087718486786,6151,230.91947746276855,6140,232.73797011375427,6137,234.75756192207336,6135,236.91564297676086,6124,238.77156615257263,6124,241.01448321342468,6110,243.14265823364258,6109,244.94413900375366,6102,246.77468371391296,6090,248.66981315612793,6086,250.6532232761383,6086,252.41915798187256,6056,254.31413412094116,6048,256.19893765449524,6047,258.02685284614563,6044,259.8322994709015,6032,261.70588183403015,6002,263.5767660140991,6002,265.68582129478455,6001,267.55444526672363,5999,269.3940885066986,5998,271.3679814338684,5997,273.202029466629,5993,275.1010763645172,5993,276.8965485095978,5980,278.7701323032379,5977,280.6601495742798,5977,282.72804021835327,5975,284.8044135570526,5971,286.90369057655334,5932,288.78598952293396,5927,290.63251519203186,5927,292.6146414279938,5927,294.6732130050659,5922,297.0624876022339,5922,298.83691668510437,5922,300.60809230804443
3,random graphs/triangle/r1.5k42n28/graph3.lgbin,2072,221.2224383354187,5757,10221,0,10166,2.2275471687316895,10040,4.187970876693726,9928,7.898118495941162,9862,10.176302194595337,9796,12.271084308624268,9708,20.910441875457764,9671,22.974560022354126,9553,25.1514630317688,9364,27.05509877204895,9325,28.913212776184082,9154,30.86792540550232,9077,33.812347173690796,8981,35.81665372848511,8945,37.933372497558594,8809,39.80423712730408,8753,41.973893880844116,8709,44.06993627548218,8625,46.04880237579346,8559,47.990015506744385,8513,50.50354981422424,8434,53.12788224220276,8361,55.441861391067505,8361,57.966521978378296,8250,59.90479755401611,8234,62.18297338485718,8232,64.44189929962158,8184,69.86863207817078,8127,73.08370614051819,8042,74.9556028842926,8029,76.97562336921692,8004,79.22100186347961,7938,81.23980855941772,7936,83.12799596786499,7911,86.22105574607849,7833,88.28785514831543,7827,93.93258142471313,7781,95.8145923614502,7771,97.90037798881531,7715,99.78256273269653,7580,101.77485370635986,7569,104.66035628318787,7523,106.8107271194458,7508,108.76159071922302,7500,110.87389183044434,7475,113.0368857383728,7289,115.01090240478516,7225,117.04563474655151,7162,119.00810384750366,7110,121.08573865890503,7108,123.10178112983704,7067,124.99683833122253,6971,126.97521686553955,6948,128.88072872161865,6942,131.07433342933655,6800,133.09352207183838,6799,135.00418663024902,6755,136.92068576812744,6755,138.7522280216217,6719,140.69854950904846,6683,142.75263333320618,6669,144.8123414516449,6669,147.13877415657043,6649,149.91099095344543,6645,151.79849863052368,6644,153.75211215019226,6644,155.71760487556458,6630,158.3107693195343,6576,160.55652236938477,6569,162.4772071838379,6569,164.6142327785492,6540,166.81860208511353,6505,168.66154170036316,6474,170.62829899787903,6469,172.7510485649109,6454,174.72668623924255,6426,177.007652759552,6394,178.8680682182312,6394,180.99511671066284,6394,182.8042013645172,6369,184.90282464027405,6318,187.03585767745972,6298,189.08724188804626,6294,190.91941332817078,6277,192.88077354431152,6229,194.82125425338745,6207,196.82765197753906,6202,198.72632932662964,6202,200.51773595809937,6177,202.4019865989685,6176,204.39435386657715,6168,206.32696723937988,6152,208.44047379493713,6147,210.3633050918579,6139,212.24906516075134,6138,214.1981565952301,6129,216.10940217971802,6129,218.09148812294006,6110,219.90160512924194,6093,221.79974389076233,6088,227.16484427452087,6042,229.48291563987732,6030,231.45773911476135,6030,237.0138475894928,6018,239.3217577934265,6016,241.20997548103333,6004,243.31178283691406,5990,245.44809079170227,5955,247.3536901473999,5933,249.6461887359619,5924,251.5899043083191,5924,253.95995092391968,5912,255.92046904563904,5912,257.7556507587433,5908,259.80723690986633,5908,261.9793441295624,5904,263.82653760910034,5894,265.85648703575134,5889,267.9155340194702,5874,269.81120681762695,5869,271.8369174003601,5865,273.70233821868896,5840,275.63091468811035,5835,277.5119380950928,5834,279.7464189529419,5814,281.84947967529297,5811,284.2620482444763,5796,286.38974118232727,5796,288.1388792991638,5791,290.0926020145416,5782,292.27019786834717,5779,294.0444040298462,5763,296.28114891052246,5761,298.1944651603699,5757,300.2717614173889
4,random graphs/triangle/r1.5k42n28/graph4.lgbin,2072,213.3102743625641,5298,10142,0,9921,2.2392728328704834,9847,4.341651201248169,9778,6.197688102722168,9761,8.09362506866455,9674,9.877839088439941,9557,11.585899591445923,9503,13.381555080413818,9383,15.101771354675293,9271,16.91904377937317,9178,18.745238065719604,9126,20.507893085479736,9071,22.693668365478516,8920,24.501893520355225,8887,26.286606550216675,8829,28.147151708602905,8756,29.968074083328247,8700,31.992375373840332,8629,35.959640979766846,8596,37.69349527359009,8506,39.897014141082764,8489,41.724106788635254,8438,43.71818470954895,8304,45.731828927993774,8167,47.57707118988037,8121,49.76509475708008,8070,51.62983202934265,8007,53.48196578025818,7986,55.47420573234558,7933,57.28831958770752,7919,59.27301597595215,7869,61.2064049243927,7861,63.13003611564636,7819,64.95085763931274,7712,67.05325818061829,7699,68.840012550354,7587,71.46311640739441,7554,73.3524432182312,7545,75.44668889045715,7537,77.22720909118652,7510,79.22336435317993,7488,81.17091107368469,7435,83.27901291847229,7359,85.14426136016846,7272,86.97397351264954,7207,89.07391285896301,7169,91.14074969291687,7144,93.09759902954102,7143,95.05085968971252,7132,97.38272953033447,7080,99.50988292694092,7037,101.47038125991821,7036,103.40362405776978,7019,105.26895761489868,6973,107.18384218215942,6902,108.99983716011047,6897,111.83153247833252,6865,113.92783880233765,6827,115.86396718025208,6822,117.88492894172668,6793,119.74124217033386,6793,122.20273971557617,6764,124.10096001625061,6653,126.68995904922485,6627,128.54020047187805,6595,130.37807655334473,6553,132.1840844154358,6553,134.09090065956116,6549,136.1405906677246,6531,138.1298475265503,6531,139.9154601097107,6528,141.85728240013123,6498,143.6581108570099,6482,145.8300485610962,6475,147.9300181865692,6470,149.77089858055115,6470,151.55821418762207,6456,153.74624013900757,6446,155.85674619674683,6445,157.86068487167358,6427,159.69933128356934,6427,161.92844223976135,6415,164.19667744636536,6395,166.0640423297882,6332,168.2904028892517,6249,170.27170324325562,6240,172.1094172000885,6234,173.92265510559082,6234,175.95316863059998,6208,177.8128695487976,6192,179.72327637672424,6173,181.8141131401062,6173,183.5281720161438,6120,185.61707139015198,6088,187.47394919395447,6081,189.36040878295898,6077,191.1193814277649,6052,193.15955328941345,6042,195.12963581085205,6026,197.18726921081543,6017,199.05580234527588,5982,200.8684434890747,5966,202.89129757881165,5957,204.9374897480011,5935,206.7938938140869,5929,208.5940294265747,5895,210.4500982761383,5874,212.27978777885437,5856,214.1216082572937,5819,216.49647188186646,5819,218.34273529052734,5814,220.22210431098938,5813,222.34675192832947,5813,224.22710371017456,5804,225.96281695365906,5803,227.84574723243713,5803,229.60765075683594,5775,231.34850931167603,5717,233.1702699661255,5715,235.30909180641174,5705,237.83656072616577,5699,239.81273198127747,5699,241.67999982833862,5694,243.57081151008606,5683,245.57740950584412,5668,247.45838117599487,5628,249.458101272583,5573,251.57753562927246,5561,253.39341521263123,5561,255.13133835792542,5550,257.0164077281952,5545,258.9307026863098,5537,260.7588725090027,5476,262.6185927391052,5470,264.70542764663696,5444,266.50046849250793,5430,268.3208420276642,5415,270.4293785095215,5412,272.5598750114441,5411,274.58063292503357,5407,276.5272400379181,5406,278.5293278694153,5392,280.3662221431732,5360,282.40072536468506,5360,284.1451909542084,5360,286.04566264152527,5352,288.5810377597809,5342,290.48446440696716,5335,292.32869815826416,5334,294.4257698059082,5332,296.3661262989044,5328,298.21402311325073,5298,300.1952221393585
0,random graphs/triangle/r1.5k42n28/graph0.lgbin,3108,242.07127904891968,5579,10043,0,9850,2.231846809387207,9606,73.81561470031738,9518,80.26766347885132,9467,87.60085344314575,9282,91.12273907661438,9131,94.9381856918335,9041,97.57720446586609,8930,99.59315299987793,8825,101.56588459014893,8719,104.52746033668518,8666,106.31108164787292,8505,108.5443971157074,8378,111.32642269134521,8351,113.28332161903381,8255,116.48997902870178,8163,121.20597267150879,8071,123.18936085700989,7959,125.27729082107544,7956,127.2964928150177,7837,129.3805055618286,7781,132.31839871406555,7636,134.25392746925354,7601,136.15692162513733,7571,138.20960021018982,7542,140.2695722579956,7492,142.2927086353302,7475,144.12450408935547,7424,146.22127509117126,7383,148.20323991775513,7299,150.1487832069397,7264,152.2354667186737,7211,154.3321192264557,7177,156.45047616958618,7088,158.55939769744873,6982,160.5624668598175,6982,162.548100233078,6866,164.68717122077942,6859,166.61663174629211,6839,169.0601556301117,6747,173.58421111106873,6671,175.56401348114014,6659,177.54302048683167,6602,179.65834832191467,6573,181.6848020553589,6528,183.66730761528015,6499,185.56894707679749,6475,187.50453305244446,6418,189.49267554283142,6385,191.47847390174866,6349,193.42173957824707,6349,195.41740655899048,6331,197.3828251361847,6275,199.31623101234436,6211,201.28141069412231,6204,203.10281538963318,6199,205.19057655334473,6180,207.28093433380127,6132,209.15817284584045,6094,211.17240023612976,6094,213.19760370254517,6094,215.10478568077087,6074,217.0389199256897,6066,219.04095125198364,6056,221.3718638420105,6034,223.98626160621643,6034,225.90932512283325,6005,227.768479347229,5998,229.71443486213684,5975,231.6544885635376,5965,233.5438151359558,5956,235.43408489227295,5912,237.36070704460144,5861,239.32120966911316,5859,241.27331519126892,5854,243.2048020362854,5854,245.09789085388184,5854,247.0292992591858,5826,251.11759305000305,5820,253.4061040878296,5816,255.42891645431519,5813,257.3671770095825,5794,259.4272406101227,5791,261.3835792541504,5783,264.107697725296,5781,266.170033454895,5781,267.97740721702576,5781,269.8986864089966,5779,271.79770374298096,5744,273.84282898902893,5731,275.9341185092926,5708,278.08255076408386,5699,279.98604345321655,5646,281.94128251075745,5636,283.9183843135834,5636,285.8855800628662,5635,287.8592987060547,5635,289.81605982780457,5619,291.7983844280243,5613,293.77214002609253,5612,295.76889657974243,5588,297.76509642601013,5579,299.6755096912384,5579,300.6699707508087
1,random graphs/triangle/r1.5k42n28/graph1.lgbin,3108,301.2763478755951,9807,9933,0,9807,301.88358998298645
2,random graphs/triangle/r1.5k42n28/graph2.lgbin,3108,240.4181673526764,5792,10351,0,10158,2.26162052154541,9961,4.280550718307495,9793,6.842177867889404,9628,12.573421001434326,9564,14.660260200500488,9459,17.061281204223633,9320,19.025949239730835,9192,21.047720909118652,9107,23.10131335258484,9015,25.10516619682312,8951,27.048001766204834,8796,42.03734087944031,8636,49.39562153816223,8538,61.804044246673584,8447,63.77934384346008,8387,66.3717896938324,8280,68.39560294151306,8186,70.37480521202087,8164,73.05347871780396,8098,75.08475995063782,8044,77.16654586791992,8012,79.22015380859375,7972,87.04127883911133,7858,89.02687883377075,7748,91.06860280036926,7743,101.34363532066345,7645,104.17997646331787,7639,108.75836658477783,7613,110.77308464050293,7544,112.7555501461029,7455,114.79244613647461,7387,116.82233572006226,7320,118.76131963729858,7229,120.6377203464508,7176,122.6288230419159,7071,124.61375856399536,7033,126.59497714042664,6998,130.00945591926575,6965,131.96389317512512,6907,134.17643356323242,6843,136.1748924255371,6788,138.14616537094116,6728,140.16166853904724,6643,144.47482872009277,6615,146.47386407852173,6591,148.64654922485352,6589,151.61534428596497,6589,153.54809761047363,6540,171.93736672401428,6523,174.071204662323,6521,176.15625882148743,6501,178.10808753967285,6467,180.08322143554688,6467,182.0077211856842,6441,184.02872776985168,6430,186.02069759368896,6417,188.00493168830872,6405,189.98638248443604,6383,192.1646409034729,6375,194.27843189239502,6375,196.14681673049927,6312,198.20681881904602,6307,200.34736013412476,6307,204.60835480690002,6291,206.71671390533447,6247,208.6959159374237,6247,210.56714987754822,6209,218.56000590324402,6203,220.54761362075806,6202,222.46626782417297,6118,224.32108116149902,6107,226.29368948936462,6103,228.87649178504944,6095,230.8980598449707,6070,232.92781162261963,6069,234.91170740127563,6051,236.86101508140564,6003,239.00335383415222,5998,240.97112011909485,5996,243.0939540863037,5996,248.8422496318817,5990,250.8205213546753,5977,252.94471716880798,5961,254.90652084350586,5954,257.1668074131012,5947,259.1420452594757,5937,261.73613595962524,5926,263.78334069252014,5926,265.6965551376343,5906,267.72801184654236,5903,270.5348515510559,5899,272.61440873146057,5897,274.56814336776733,5891,276.48450112342834,5884,278.5367603302002,5883,280.50922560691833,5847,282.388307094574,5847,284.37624526023865,5827,286.5638175010681,5826,288.4948811531067,5815,290.5401260852814,5806,293.5009665489197,5798,295.4996495246887,5795,297.5338683128357,5792,299.44078278541565,5792,300.69190979003906
3,random graphs/triangle/r1.5k42n28/graph3.lgbin,3108,261.31460213661194,6161,10221,0,10070,13.004453659057617,9937,15.369847059249878,9815,18.818153619766235,9546,21.0212881565094,9325,23.138054132461548,9233,25.566875219345093,9216,27.640740871429443,9095,70.16907048225403,8978,72.64625716209412,8836,75.81031489372253,8680,78.00604677200317,8607,81.80832123756409,8555,83.96888017654419,8448,87.34434199333191,8277,89.6119327545166,8153,96.04429912567139,8062,98.37286853790283,7928,100.53392219543457,7773,102.73913240432739,7749,104.70603585243225,7662,158.39509391784668,7626,160.5472447872162,7430,162.6671404838562,7406,164.78424167633057,7363,167.22217535972595,7325,169.30687046051025,7280,172.42263221740723,7280,174.42853927612305,7239,176.37730407714844,7205,185.877259016037,7090,187.9708571434021,7052,190.18608951568604,7010,192.2926526069641,6996,195.0922966003418,6973,197.12931632995605,6949,199.2849736213684,6946,204.51035904884338,6892,206.6664080619812,6872,208.97646689414978,6778,211.25393104553223,6694,213.51989817619324,6620,215.72767043113708,6616,217.82154870033264,6578,219.95291137695312,6546,222.15727853775024,6521,224.33903980255127,6501,226.51360702514648,6479,231.3521432876587,6459,233.56004881858826,6448,235.62751150131226,6427,237.63059377670288,6422,239.72897171974182,6406,241.93713760375977,6405,244.15651416778564,6361,246.3120424747467,6340,248.63807678222656,6317,251.15564227104187,6308,253.3560450077057,6305,255.63694381713867,6286,257.80544805526733,6221,260.54701471328735,6219,262.69433403015137,6219,265.079154253006,6214,293.79008650779724,6214,295.79952478408813,6165,298.7301490306854,6161,300.6098117828369
4,random graphs/triangle/r1.5k42n28/graph4.lgbin,3108,229.44440031051636,5296,10142,0,10010,2.89119291305542,9865,13.751423358917236,9770,15.880557537078857,9628,18.017380475997925,9542,20.035964012145996,9428,23.583147287368774,9421,25.697001695632935,9316,27.610840559005737,9177,31.34316110610962,9092,33.353384494781494,8915,35.2452495098114,8890,37.806907176971436,8826,41.015753507614136,8700,43.734397411346436,8607,45.756381034851074,8562,47.94500470161438,8457,53.502869844436646,8420,56.379693031311035,8402,65.37504172325134,8326,67.25489163398743,8227,70.2894926071167,8191,72.56493520736694,8140,75.55147743225098,8064,77.5445876121521,8017,79.72222137451172,7998,81.7246618270874,7961,84.47430896759033,7901,86.42485117912292,7688,88.39610624313354,7609,90.44792866706848,7609,93.0565230846405,7427,95.09650135040283,7326,97.18272542953491,7229,99.34203934669495,7152,101.43836069107056,7115,107.13303780555725,7102,109.35675978660583,7100,111.40416073799133,7000,113.45869302749634,7000,115.49029469490051,6954,117.52561593055725,6857,120.24750638008118,6837,122.79871726036072,6813,124.853835105896,6752,126.83159875869751,6752,128.64929485321045,6614,130.77557039260864,6536,132.8907082080841,6535,134.81357431411743,6532,136.8310399055481,6508,138.69703102111816,6391,142.2930030822754,6376,144.27206420898438,6328,146.29100823402405,6305,148.4807789325714,6265,150.51724982261658,6250,152.5190086364746,6236,154.62675285339355,6220,156.72962760925293,6220,158.65194153785706,6199,160.90605401992798,6166,163.1001968383789,6144,165.15828585624695,6102,167.4225878715515,6080,169.9337751865387,6065,172.2501482963562,6041,174.58091855049133,5956,176.82595443725586,5899,179.65502285957336,5883,181.72811460494995,5882,184.32800269126892,5882,186.457674741745,5877,188.62061977386475,5866,190.68444061279297,5861,192.6806674003601,5859,194.52543473243713,5820,196.685533285141,5820,198.798259973526,5820,200.9086892604828,5786,203.0123176574707,5732,205.05244278907776,5732,207.19218039512634,5722,209.3051245212555,5711,212.38583087921143,5683,214.36021757125854,5682,216.4532687664032,5672,218.52555680274963,5661,220.53327131271362,5643,222.61108684539795,5620,224.66477751731873,5615,226.56595945358276,5608,228.5767741203308,5590,230.61450123786926,5559,232.62555861473083,5525,234.76992082595825,5520,236.66748142242432,5476,238.7055857181549,5476,240.57328343391418,5467,243.15080785751343,5455,245.38615012168884,5446,247.5544400215149,5439,249.56290578842163,5434,251.76939153671265,5421,258.2871949672699,5421,260.15680742263794,5420,262.1724781990051,5419,264.4269962310791,5411,266.4593152999878,5405,268.29508113861084,5398,271.2091088294983,5395,273.7384922504425,5380,275.79601860046387,5377,278.6427843570709,5377,280.5324487686157,5371,282.4479773044586,5353,284.7018823623657,5353,286.8229467868805,5348,288.8349747657776,5348,290.8401710987091,5318,293.75523567199707,5301,295.6896450519562,5296,297.79387521743774,5296,299.8443603515625,5296,300.6977047920227
0,random graphs/triangle/r1.5k42n28/graph0.lgbin,5698,298.0212640762329,8253,10043,0,9738,10.101879119873047,9458,30.523953199386597,9084,33.318363666534424,8881,43.61410856246948,8687,48.33010172843933,8253,301.4932587146759
1,random graphs/triangle/r1.5k42n28/graph1.lgbin,5698,296.81531858444214,8208,9933,0,9580,48.14503455162048,9382,50.74466395378113,9169,80.36290669441223,8962,87.27989792823792,8734,89.94221186637878,8452,146.77858972549438,8208,300.91613721847534
2,random graphs/triangle/r1.5k42n28/graph2.lgbin,5698,300.34890055656433,9952,10351,0,9952,300.94209027290344
3,random graphs/triangle/r1.5k42n28/graph3.lgbin,5698,298.36330699920654,9166,10221,0,9923,12.325047016143799,9762,18.375848293304443,9547,23.588292121887207,9166,300.7354018688202
4,random graphs/triangle/r1.5k42n28/graph4.lgbin,5698,299.5516309738159,9832,10142,0,9878,274.7512421607971,9832,300.71874952316284
0,random graphs/triangle/r1.5k42n28/graph0.lgbin,4403,253.91475319862366,5276,10043,0,9761,4.834185600280762,9593,6.972189664840698,9422,9.17174243927002,9100,55.016814947128296,8898,59.63215112686157,8629,85.78364682197571,8473,92.39205884933472,8373,94.4922924041748,8212,97.23363947868347,8123,114.80707931518555,8012,116.89739727973938,7962,118.92870616912842,7761,121.25538897514343,7752,123.17290115356445,7693,133.90084314346313,7628,135.98524069786072,7576,137.9534146785736,7491,140.31581950187683,7367,142.40724754333496,7320,144.49908590316772,7223,148.19031167030334,7130,150.1364781856537,7064,152.38341975212097,6898,154.9638602733612,6872,156.9811463356018,6789,159.14445972442627,6726,162.6287112236023,6598,165.98453998565674,6564,169.2754430770874,6523,171.35732746124268,6484,175.51043820381165,6401,177.5331151485443,6328,180.26509141921997,6280,182.29886484146118,6279,184.3893163204193,6264,186.42655968666077,6226,188.80800580978394,6135,190.91149806976318,6114,194.82137727737427,6075,199.22099328041077,6009,201.357408285141,5999,203.4733111858368,5967,205.79343175888062,5918,208.0731234550476,5911,210.20479941368103,5835,214.7057864665985,5800,216.65730476379395,5767,220.6945502758026,5765,223.61572003364563,5760,225.62634205818176,5757,227.92957258224487,5741,230.13550519943237,5733,232.23690915107727,5732,234.85312604904175,5729,238.86926007270813,5696,240.7964129447937,5685,242.91628241539001,5679,244.92317628860474,5606,246.94357681274414,5548,249.07927083969116,5524,251.24731540679932,5511,253.2534339427948,5492,255.36461353302002,5492,257.2859842777252,5457,260.18088364601135,5454,262.27847027778625,5442,264.94335174560547,5442,266.724143743515,5436,268.7889358997345,5428,271.0602753162384,5428,273.1860294342041,5400,275.26071882247925,5393,277.302015542984,5385,279.3614523410797,5382,281.46571803092957,5378,283.6018509864807,5372,285.66714096069336,5369,287.62691855430603,5321,289.9542636871338,5288,291.9673409461975,5286,294.09884452819824,5286,296.12257504463196,5276,300.66201186180115
1,random graphs/triangle/r1.5k42n28/graph1.lgbin,4403,300.56589365005493,9593,9933,0,9798,2.7979490756988525,9593,301.74633145332336
2,random graphs/triangle/r1.5k42n28/graph2.lgbin,4403,289.91169929504395,7471,10351,0,10151,75.87854194641113,9948,77.90641450881958,9715,80.5248954296112,9541,82.64506101608276,9292,84.52792167663574,9138,87.12225317955017,8881,89.33134603500366,8778,91.50047206878662,8577,105.82083177566528,8529,107.81607127189636,8314,109.84364008903503,8176,112.33442163467407,8152,114.24873685836792,7961,193.01382899284363,7784,195.06644749641418,7717,198.24153566360474,7647,210.58772802352905,7552,213.32941365242004,7471,300.6922516822815
3,random graphs/triangle/r1.5k42n28/graph3.lgbin,4403,293.9056932926178,8158,10221,0,10005,169.1683328151703,9839,173.61444091796875,9693,176.05710697174072,9478,191.6729760169983,9252,194.18821477890015,9153,199.64640498161316,8934,202.7159299850464,8708,204.93090867996216,8653,207.16707277297974,8415,211.33498978614807,8378,213.71893548965454,8287,216.00556802749634,8158,301.4786331653595
4,random graphs/triangle/r1.5k42n28/graph4.lgbin,4403,262.3962616920471,5598,10142,0,9927,2.2978994846343994,9717,21.53703808784485,9552,23.66654086112976,9488,25.66765332221985,9301,37.82958722114563,9040,49.85841369628906,8861,52.38359212875366,8720,54.82814979553223,8529,57.05644750595093,8415,66.13303232192993,8297,68.0591208934784,8250,71.94486904144287,8175,77.28662180900574,7951,79.69429278373718,7833,81.69606828689575,7819,112.26016426086426,7648,114.36055898666382,7551,116.4756977558136,7512,120.08982706069946,7420,123.82695627212524,7336,125.93394637107849,7317,131.26251530647278,7222,133.72583603858948,7221,135.6838550567627,7037,137.9471263885498,6903,140.10725593566895,6732,142.39697074890137,6678,144.53201866149902,6615,146.66087079048157,6584,150.08821964263916,6516,153.56184077262878,6453,155.92142915725708,6451,157.94071793556213,6302,160.00524997711182,6302,192.8428316116333,6299,194.86553764343262,6228,223.8771002292633,6168,225.87104535102844,6131,227.95354747772217,6126,229.9265947341919,6119,231.84896969795227,6019,234.10306119918823,6012,243.99741315841675,6007,246.15686082839966,5999,248.22249341011047,5973,250.51817727088928,5948,252.6604359149933,5946,254.73141837120056,5871,256.7308506965637,5857,258.71275806427,5857,262.1136803627014,5838,264.1268901824951,5794,266.16083312034607,5776,268.2583737373352,5775,273.1460838317871,5772,276.1191871166229,5741,278.16887164115906,5727,280.4611327648163,5723,282.4089288711548,5721,284.34161257743835,5705,286.42765641212463,5696,288.5500445365906,5647,290.69002413749695,5646,292.8729693889618,5607,295.01263332366943,5598,299.24176120758057,5598,300.61720752716064
0,random graphs/triangle/r1.5k42n28/graph0.lgbin,3755,254.13600993156433,5710,10043,0,9969,3.1631412506103516,9681,92.16309356689453,9476,94.39678144454956,9328,97.13142132759094,9131,101.28752493858337,9048,113.57434558868408,8939,116.30026578903198,8908,118.12917160987854,8789,120.29836130142212,8661,123.11245536804199,8546,126.17304348945618,8445,128.37272000312805,8300,132.0418779850006,8212,139.10392308235168,8091,142.95532321929932,8004,148.55189633369446,7965,152.55327439308167,7830,156.60978841781616,7751,158.70129799842834,7651,160.67260479927063,7584,162.49185609817505,7425,164.8951380252838,7364,166.86849093437195,7361,169.03847122192383,7282,170.96259355545044,7255,173.07471370697021,7250,175.0108528137207,7236,177.00788640975952,7197,178.92256617546082,7168,180.86764454841614,7116,183.15568852424622,7081,185.09776329994202,7054,186.96268248558044,7030,188.81172919273376,7001,191.51039719581604,6942,193.48383378982544,6919,196.77177238464355,6841,198.8670778274536,6822,200.71163058280945,6755,202.71141147613525,6754,204.53275656700134,6730,207.59842562675476,6704,209.5996057987213,6608,212.97302746772766,6545,214.8611900806427,6500,216.99070525169373,6420,226.18176341056824,6412,228.17686414718628,6374,230.09676694869995,6374,232.14857268333435,6350,234.1500597000122,6297,235.95307564735413,6290,237.95930194854736,6287,239.9779233932495,6287,241.71045470237732,6243,243.66757774353027,6221,245.84432411193848,6182,250.91756892204285,6154,253.16735124588013,6124,255.14580702781677,6124,256.9299895763397,6119,259.96485590934753,6061,261.8807713985443,5993,263.74239206314087,5991,265.4829857349396,5982,267.36563372612,5957,269.4622378349304,5956,271.29480147361755,5949,273.4537401199341,5937,275.31920886039734,5933,277.4388689994812,5932,279.4653904438019,5874,282.3248944282532,5860,284.3386993408203,5847,286.2012994289398,5847,288.0418813228607,5839,289.9609606266022,5770,292.00041699409485,5751,293.7734417915344,5750,295.64074206352234,5712,297.39387798309326,5710,299.3638725280762,5710,300.6042368412018
1,random graphs/triangle/r1.5k42n28/graph1.lgbin,3755,295.553254365921,8407,9933,0,9776,2.5410401821136475,9595,4.570757627487183,9328,6.6439292430877686,9128,8.76806116104126,8940,286.72476267814636,8813,294.30065178871155,8658,297.11817741394043,8407,300.19559717178345
2,random graphs/triangle/r1.5k42n28/graph2.lgbin,3755,280.2275424003601,7053,10351,0,10197,3.163224220275879,10054,5.114917278289795,9881,15.147963285446167,9684,17.11092233657837,9535,19.193519115447998,9388,21.618844032287598,9158,23.622300624847412,9048,25.54828953742981,9008,27.49990153312683,8886,29.555343866348267,8752,31.84947395324707,8594,38.275458574295044,8459,122.22802710533142,8331,125.92748594284058,8199,127.93150496482849,8054,129.91033840179443,7994,132.08719301223755,7916,134.26122546195984,7809,136.26527786254883,7746,142.80866718292236,7707,145.08974528312683,7689,147.0471568107605,7593,149.15649819374084,7578,151.16253662109375,7541,153.12179684638977,7437,212.96660614013672,7420,215.0678849220276,7337,217.11771702766418,7324,219.0104525089264,7285,221.06993556022644,7271,223.56250047683716,7127,225.83701419830322,7127,227.82303619384766,7118,296.50470542907715,7053,299.92133140563965,7053,300.7305181026459
3,random graphs/triangle/r1.5k42n28/graph3.lgbin,3755,294.138160943985,8114,10221,0,10037,109.88910055160522,9880,112.25568151473999,9676,115.1521532535553,9331,117.36309504508972,9226,119.77321076393127,9074,122.06850981712341,8930,124.44378995895386,8759,128.52925729751587,8501,155.73370599746704,8355,157.83977794647217,8241,161.52600121498108,8167,165.8536615371704,8114,301.7857291698456
4,random graphs/triangle/r1.5k42n28/graph4.lgbin,3755,241.94842171669006,5310,10142,0,9854,2.5412557125091553,9669,4.661353349685669,9535,9.268442153930664,9351,30.834378957748413,9177,32.88768792152405,9110,35.50611424446106,8989,40.0248007774353,8783,42.92513966560364,8718,45.53180193901062,8503,49.2860369682312,8496,51.779783725738525,8342,53.784310817718506,8242,57.084819316864014,8179,64.88533854484558,8047,67.01421403884888,8032,69.67011380195618,8000,73.10913586616516,7912,76.16618871688843,7839,78.15055179595947,7729,84.88796925544739,7712,87.08794522285461,7594,94.17560172080994,7573,96.65827298164368,7563,101.65322780609131,7554,103.8621232509613,7499,108.80272769927979,7380,110.8842670917511,7350,113.2779233455658,7350,125.95200061798096,7277,128.27142333984375,7140,130.37538933753967,7104,132.58555793762207,6941,134.69092535972595,6873,136.65044021606445,6810,138.82450604438782,6732,144.94957304000854,6726,146.88799214363098,6623,148.9640326499939,6599,151.1492977142334,6522,153.09179830551147,6504,155.17619729042053,6463,157.26204204559326,6445,159.3676826953888,6257,161.75868773460388,6257,169.7748098373413,6248,171.64750170707703,6228,173.79230046272278,6217,175.8853349685669,6217,177.91097211837769,6122,180.2131040096283,6112,182.38264870643616,6050,185.14064502716064,6025,187.23707556724548,6025,189.25450992584229,5958,191.45364689826965,5936,195.0553708076477,5900,197.13232231140137,5873,199.1903007030487,5823,201.28392124176025,5822,203.44325065612793,5819,205.37769889831543,5816,207.36802053451538,5815,209.47367215156555,5801,211.60129141807556,5792,217.25801610946655,5792,219.12762570381165,5753,221.38599586486816,5742,223.487149477005,5724,225.64073705673218,5704,227.7822277545929,5700,229.82389760017395,5659,231.8209731578827,5658,233.87533020973206,5656,236.13528871536255,5655,239.41015672683716,5649,241.47622346878052,5648,243.55486297607422,5647,248.76108837127686,5647,250.93511581420898,5563,253.08576273918152,5494,255.12192678451538,5494,257.08344292640686,5490,258.98693799972534,5441,261.0104720592499,5433,262.99663186073303,5425,264.9791693687439,5425,266.91718673706055,5423,268.937881231308,5421,271.0686194896698,5419,272.98842310905457,5398,275.03168177604675,5398,276.9146020412445,5398,280.23670625686646,5393,282.37498021125793,5377,284.7871963977814,5366,286.80071568489075,5346,288.8430914878845,5320,293.5385630130768,5315,295.5474691390991,5314,297.54842734336853,5310,299.64862966537476,5310,300.64267778396606
0,random graphs/triangle/r1.5k42n28/graph0.lgbin,4079,246.42764925956726,5149,10043,0,9704,26.785266876220703,9572,29.210691690444946,9473,34.15261769294739,9346,36.952587366104126,9175,39.162450075149536,9005,41.488365650177,8861,43.5543110370636,8702,47.725292444229126,8497,53.655839681625366,8414,62.68513894081116,8211,65.18884205818176,8178,69.39160990715027,8058,76.41899847984314,7960,80.77156901359558,7819,82.96269035339355,7724,85.27763319015503,7606,89.15532302856445,7519,91.47376108169556,7426,93.63224673271179,7418,106.6435534954071,7233,113.88094305992126,7130,118.03187394142151,7034,120.21649289131165,6978,122.19578218460083,6848,125.24477529525757,6814,127.56917715072632,6765,129.79669380187988,6674,137.8220489025116,6674,139.84482073783875,6659,141.98334550857544,6548,144.15081810951233,6548,146.26497077941895,6499,148.48923802375793,6447,151.00426149368286,6403,154.59809494018555,6394,156.82540273666382,6340,158.8645420074463,6328,161.21665596961975,6272,167.87872123718262,6256,170.24496865272522,6216,172.41919875144958,6214,174.702734708786,6206,178.5058355331421,6137,180.64181876182556,6133,182.56850862503052,6130,185.20940327644348,6086,188.1170892715454,5974,190.80543398857117,5963,192.96278166770935,5941,195.04493832588196,5913,197.2907407283783,5905,199.37050127983093,5897,202.0041880607605,5887,204.0971302986145,5874,206.428955078125,5874,208.28913760185242,5873,210.27985167503357,5849,212.4447581768036,5831,218.75201153755188,5827,221.10432934761047,5799,223.13589119911194,5795,225.11969900131226,5762,227.21679949760437,5758,229.408207654953,5707,231.44715094566345,5707,233.7048020362854,5630,236.00212502479553,5596,238.74581623077393,5573,242.47432231903076,5558,246.4446258544922,5556,248.56650352478027,5547,250.80849957466125,5543,252.90990018844604,5541,255.00649404525757,5502,257.016047000885,5500,260.21979427337646,5500,262.1479995250702,5449,264.1784191131592,5448,266.20904421806335,5444,268.7087962627411,5423,270.8232583999634,5423,272.913831949234,5377,275.2188332080841,5341,277.25739192962646,5339,279.4385242462158,5315,281.6576566696167,5314,283.88442301750183,5241,286.42025446891785,5240,288.45785427093506,5240,290.5790503025055,5231,292.6689863204956,5228,294.73021173477173,5178,296.9411606788635,5149,299.05683946609497,5149,300.6014516353607
1,random graphs/triangle/r1.5k42n28/graph1.lgbin,4079,289.5237169265747,7064,9933,0,9718,148.30716609954834,9496,150.5231809616089,9378,152.82099151611328,9165,155.35646438598633,8967,169.23388385772705,8734,171.64048886299133,8521,174.03153777122498,8304,181.63025164604187,8184,184.7607786655426,8031,189.67337083816528,7822,195.7842276096344,7709,197.9594588279724,7569,201.93741846084595,7458,204.10909271240234,7403,206.20719623565674,7317,208.62625241279602,7260,210.91926097869873,7214,213.1709442138672,7064,300.69410037994385
2,random graphs/triangle/r1.5k42n28/graph2.lgbin,4079,299.4293966293335,9672,10351,0,10267,3.889918088912964,10086,16.82126784324646,9876,20.204005241394043,9672,301.75890374183655
3,random graphs/triangle/r1.5k42n28/graph3.lgbin,4079,269.9560296535492,6023,10221,0,9967,2.655080795288086,9809,6.179030895233154,9599,137.27848196029663,9238,139.6012260913849,9053,142.2136504650116,8884,146.03472185134888,8742,148.5337941646576,8618,156.36157870292664,8521,159.0746510028839,8389,161.7862389087677,8322,164.02398037910461,8301,166.24536061286926,8143,198.99341773986816,8051,201.5169596672058,7990,203.7801423072815,7908,207.58050513267517,7731,213.27568221092224,7689,215.60864424705505,7569,217.90734481811523,7416,221.2376365661621,7369,223.60482931137085,7207,225.94223189353943,7085,229.26768970489502,7075,231.47671389579773,7008,233.6815960407257,6963,236.07893133163452,6957,238.54390597343445,6902,240.8046259880066,6816,243.46551847457886,6740,245.8288218975067,6707,248.0296754837036,6662,250.64643907546997,6657,253.37678837776184,6642,255.5586268901825,6495,258.602290391922,6485,261.6056065559387,6476,264.2064619064331,6427,266.5863904953003,6427,269.0529294013977,6399,272.2726056575775,6380,274.51092886924744,6315,277.2241027355194,6301,279.40078616142273,6299,281.7225601673126,6247,284.04981541633606,6247,286.18672704696655,6247,288.58910846710205,6229,291.0747745037079,6212,293.4827239513397,6160,295.86510467529297,6023,298.22750997543335,6023,300.77307057380676
4,random graphs/triangle/r1.5k42n28/graph4.lgbin,4079,262.25079369544983,5386,10142,0,9960,4.813530445098877,9781,11.443414211273193,9642,13.724655628204346,9497,19.61798357963562,9393,26.224682807922363,9231,28.432440280914307,9023,31.100101709365845,8836,119.89755487442017,8592,122.47358536720276,8300,124.87192630767822,8198,128.1141242980957,8122,131.41891932487488,7947,133.70980215072632,7843,136.21650552749634,7720,138.5438632965088,7677,140.97633504867554,7562,163.86845755577087,7366,166.3016414642334,7364,168.4990177154541,7301,170.46171140670776,7140,172.65630888938904,7095,174.95062971115112,6915,177.49568390846252,6874,180.00887823104858,6865,186.35969471931458,6821,188.64117789268494,6677,191.081561088562,6662,194.65726327896118,6629,198.00449800491333,6523,200.2518289089203,6497,204.3105103969574,6492,207.88414025306702,6411,210.195698261261,6399,212.34145855903625,6392,215.6941123008728,6352,217.83879137039185,6350,224.8632414340973,6285,227.23621273040771,6159,229.6254689693451,6108,231.93117713928223,5985,237.5804386138916,5964,244.21671867370605,5912,246.46914911270142,5885,249.9124825000763,5884,252.30080842971802,5781,254.5277247428894,5720,257.0554549694061,5707,259.971617937088,5692,262.2770791053772,5649,264.4260880947113,5647,266.60232758522034,5642,268.7591326236725,5641,270.89689469337463,5622,273.1655879020691,5596,275.7769787311554,5582,278.11978673934937,5549,280.3196873664856,5535,282.4915506839752,5513,284.53378415107727,5481,287.5485179424286,5481,289.72825717926025,5455,292.25346541404724,5451,294.5231339931488,5392,296.61063957214355,5386,298.7528567314148,5386,300.60020422935486
0,random graphs/triangle/r1.5k42n28/graph0.lgbin,4241,300.37016916275024,9589,10043,0,9833,11.208222389221191,9589,301.53707575798035
1,random graphs/triangle/r1.5k42n28/graph1.lgbin,4241,294.8428490161896,7729,9933,0,9657,2.4083495140075684,9424,6.629344940185547,9183,11.711033582687378,9009,14.393893718719482,8860,35.181310415267944,8673,42.195608615875244,8493,44.69879746437073,8339,47.12755990028381,8202,50.43181490898132,8059,59.49328947067261,7943,64.2979564666748,7729,301.877756357193
2,random graphs/triangle/r1.5k42n28/graph2.lgbin,4241,299.9742295742035,9762,10351,0,10160,2.515305757522583,9976,27.82164764404297,9762,301.72532510757446
3,random graphs/triangle/r1.5k42n28/graph3.lgbin,4241,298.8706912994385,9587,10221,0,9957,255.2090620994568,9608,257.4058675765991,9587,300.6651346683502
4,random graphs/triangle/r1.5k42n28/graph4.lgbin,4241,274.7809793949127,6117,10142,0,9922,2.377612352371216,9599,4.653782844543457,9466,7.03749680519104,9311,11.030730724334717,9061,13.775401592254639,8989,15.92086148262024,8806,171.53058314323425,8769,173.78975582122803,8599,177.78046822547913,8426,180.18641209602356,8299,183.80649590492249,8127,186.02556538581848,8047,190.917738199234,7890,193.65025973320007,7861,196.60263395309448,7726,198.90585732460022,7654,205.72026133537292,7468,208.58002281188965,7354,211.02130222320557,7278,227.8943886756897,7159,232.99285340309143,7157,237.43458485603333,7033,239.66932725906372,6924,242.48901510238647,6842,244.4818880558014,6796,250.8264400959015,6785,254.36020636558533,6731,256.53031277656555,6706,260.05771803855896,6684,264.74123334884644,6602,266.9301829338074,6592,268.97124695777893,6567,271.2322371006012,6557,273.5273869037628,6542,275.62945652008057,6509,280.50981879234314,6471,282.6465377807617,6390,284.7975392341614,6374,286.8313648700714,6339,288.7346694469452,6336,290.75650453567505,6292,293.0094437599182,6183,295.026974439621,6173,297.15105271339417,6117,300.71083307266235
0,random graphs/triangle/r1.5k42n28/graph0.lgbin,4160,298.82945346832275,8989,10043,0,9797,5.375608205795288,9588,7.885680198669434,9439,10.410270929336548,9272,16.255858182907104,8989,301.6963303089142
1,random graphs/triangle/r1.5k42n28/graph1.lgbin,4160,300.26300406455994,9739,9933,0,9739,300.85978055000305
2,random graphs/triangle/r1.5k42n28/graph2.lgbin,4160,296.33958745002747,8802,10351,0,10187,5.365715980529785,10034,7.552847862243652,9843,9.649271488189697,9677,14.065954446792603,9529,16.255110502243042,9394,18.41368579864502,9132,20.439884901046753,8992,22.450172185897827,8802,301.50551104545593
3,random graphs/triangle/r1.5k42n28/graph3.lgbin,4160,293.0493052005768,8108,10221,0,10015,2.725942611694336,9799,5.077449321746826,9684,7.50504732131958,9519,9.953414678573608,9243,12.299135446548462,9049,14.657230854034424,8843,161.06431341171265,8648,163.41782927513123,8366,222.05848741531372,8290,224.22855854034424,8250,297.7019610404968,8108,300.1062340736389
4,random graphs/triangle/r1.5k42n28/graph4.lgbin,4160,261.25483322143555,5518,10142,0,9952,70.47852182388306,9832,76.81293416023254,9724,79.21282362937927,9547,81.2066285610199,9346,83.50166821479797,9095,88.42983794212341,8982,90.64685201644897,8906,93.67490077018738,8671,95.89166975021362,8355,98.07189655303955,8090,100.2592523097992,7930,105.41220784187317,7839,109.41566514968872,7772,111.75699806213379,7609,115.35663175582886,7439,117.54202580451965,7413,119.61285376548767,7340,124.077467918396,7176,131.57128739356995,7020,133.67116618156433,6980,138.53816509246826,6871,142.42622327804565,6831,144.66553831100464,6785,146.62060618400574,6759,148.82995867729187,6706,152.66419172286987,6587,154.716646194458,6509,156.99626994132996,6509,182.01142120361328,6446,184.05109167099,6405,187.40113520622253,6350,189.46955513954163,6329,191.6281988620758,6282,194.0826871395111,6249,199.66208004951477,6249,201.9121470451355,6223,206.21677160263062,6214,208.25916075706482,6202,213.650043964386,6147,215.59322571754456,6130,217.77076601982117,6128,221.8799991607666,6126,224.99870038032532,6072,226.99634528160095,6072,228.81380248069763,6058,238.03160405158997,6058,241.6343150138855,6011,243.709543466568,5897,245.9492371082306,5839,248.16729998588562,5839,250.432776927948,5803,253.070458650589,5798,255.15294432640076,5789,257.4086666107178,5711,259.45057129859924,5706,261.3384623527527,5706,271.1233460903168,5665,273.9908537864685,5645,276.178914308548,5640,278.36621475219727,5640,280.3669672012329,5638,282.501318693161,5622,284.5054934024811,5601,286.67130517959595,5601,288.7665331363678,5542,292.3416225910187,5524,295.62146949768066,5518,299.3017027378082,5518,300.6235249042511
0,random graphs/triangle/r1.5k42n28/graph0.lgbin,4119,292.72663736343384,8057,10043,0,9743,183.33302545547485,9488,232.20412588119507,9385,258.3138711452484,9207,263.7457857131958,9083,266.68516421318054,8936,268.6891129016876,8901,271.98825311660767,8732,274.3443126678467,8572,277.84878754615784,8491,279.7416365146637,8323,282.61505603790283,8177,284.8445391654968,8057,288.73745703697205,8057,300.6497714519501
1,random graphs/triangle/r1.5k42n28/graph1.lgbin,4119,300.0011224746704,9149,9933,0,9698,4.68774151802063,9351,6.902459144592285,9149,301.7405114173889
2,random graphs/triangle/r1.5k42n28/graph2.lgbin,4119,299.4388473033905,9600,10351,0,10163,2.3356409072875977,9876,5.687544107437134,9787,7.799107074737549,9600,301.71716833114624
3,random graphs/triangle/r1.5k42n28/graph3.lgbin,4119,293.90375232696533,8113,10221,0,10015,2.579970359802246,9965,4.856701612472534,9728,119.5257818698883,9621,122.13501119613647,9416,125.16891741752625,9217,128.51763725280762,9015,184.0246913433075,8798,186.06823301315308,8602,188.21627402305603,8426,190.28594946861267,8297,193.80720949172974,8113,300.91299080848694
4,random graphs/triangle/r1.5k42n28/graph4.lgbin,4119,285.2710177898407,6689,10142,0,9953,2.3166463375091553,9703,4.265830039978027,9484,6.2912538051605225,9303,41.991634130477905,9139,45.74693727493286,9021,47.77877140045166,8858,54.68691062927246,8809,57.76020359992981,8729,61.64045596122742,8622,239.3531129360199,8452,241.4228150844574,8230,243.732812166214,8114,260.7940239906311,8034,270.3575761318207,7847,272.4753532409668,7633,274.58670115470886,7521,277.540358543396,7428,279.5199604034424,7201,281.553439617157,7147,284.0252437591553,7034,285.9421718120575,6950,287.95138669013977,6789,289.90555691719055,6728,294.297883272171,6713,296.70514822006226,6689,299.30656695365906,6689,300.6055190563202
0,random graphs/triangle/r1.5k42n28/graph0.lgbin,4099,270.17118740081787,5768,10043,0,9805,4.204798460006714,9635,10.20787763595581,9553,12.672269105911255,9425,14.652013540267944,9307,17.496082067489624,9139,24.094237565994263,8997,27.147508144378662,8891,29.48973274230957,8816,31.388000965118408,8762,35.23632884025574,8589,37.151232957839966,8518,41.370760679244995,8410,43.24467062950134,8161,45.384066581726074,7966,73.70142197608948,7848,75.91229963302612,7726,78.0302894115448,7649,79.954763174057,7589,82.08298301696777,7459,86.03595542907715,7426,88.10837125778198,7387,90.06137704849243,7328,92.16516518592834,7261,94.13285708427429,7228,96.25948786735535,7203,101.10468888282776,7101,103.17503523826599,7067,105.18947124481201,7037,107.06751108169556,7005,109.07490158081055,6804,188.74070286750793,6728,192.34622192382812,6677,196.4647877216339,6593,199.1473696231842,6497,217.31828141212463,6493,236.13377594947815,6403,237.84946823120117,6347,242.11353611946106,6270,245.39510488510132,6229,252.55927777290344,6207,254.6781039237976,6206,256.865695476532,6206,276.29864954948425,6189,278.36744356155396,6150,280.52278542518616,6087,282.4702079296112,6041,284.43173480033875,5967,287.2778584957123,5932,289.72831320762634,5887,293.2323932647705,5868,295.20431089401245,5841,297.3062951564789,5768,299.1781105995178,5768,300.59309816360474
1,random graphs/triangle/r1.5k42n28/graph1.lgbin,4099,289.3132338523865,6866,9933,0,9743,4.320715427398682,9560,6.374450445175171,9403,8.655627965927124,9194,221.69451713562012,8990,224.5800335407257,8810,232.3958818912506,8573,234.56649518013,8464,238.75555205345154,8239,240.81776452064514,8149,244.81819009780884,8018,246.87771582603455,7868,248.9819130897522,7702,251.0408170223236,7490,252.96157360076904,7364,257.9555859565735,7186,263.1316120624542,7111,265.77465319633484,6983,267.8221836090088,6945,269.7684211730957,6866,300.70276951789856
2,random graphs/triangle/r1.5k42n28/graph2.lgbin,4099,258.25439453125,6003,10351,0,10176,2.4861948490142822,9961,4.3644187450408936,9784,31.924432516098022,9649,34.44716501235962,9569,36.20831871032715,9272,54.12305307388306,9072,56.13362121582031,8936,58.85774779319763,8817,60.70534610748291,8727,62.524771213531494,8678,65.98022437095642,8574,67.99946618080139,8512,70.77952456474304,8408,72.76031708717346,8265,75.1497974395752,8147,77.14784646034241,8012,91.65762066841125,7948,93.45934844017029,7761,95.48890900611877,7748,104.86907958984375,7712,106.61741781234741,7681,108.5491418838501,7540,111.73492479324341,7345,113.51928114891052,7269,115.49378085136414,7206,117.45680618286133,7100,119.35916066169739,7064,121.33875250816345,6946,128.588805437088,6907,131.5116798877716,6905,133.40573000907898,6889,135.32925271987915,6868,137.32798171043396,6804,139.27232909202576,6747,141.2841236591339,6720,143.20939421653748,6619,219.0207736492157,6576,221.1285514831543,6560,223.0613670349121,6555,225.0429174900055,6555,226.9080924987793,6554,229.0990447998047,6513,232.69179964065552,6451,234.4986720085144,6443,239.70098900794983,6414,241.53063488006592,6395,243.47028303146362,6363,245.33471393585205,6299,247.21884083747864,6298,250.5308289527893,6295,252.28535747528076,6271,254.3942632675171,6271,256.2704005241394,6271,258.1597180366516,6265,259.9936246871948,6211,261.9254093170166,6210,263.76719069480896,6185,265.62332463264465,6183,269.3043191432953,6178,271.3079926967621,6173,273.8221662044525,6149,275.70535373687744,6134,277.683256149292,6127,279.50525522232056,6124,281.4154167175293,6096,283.42228293418884,6095,285.19455003738403,6094,287.71299958229065,6074,289.827397108078,6062,291.8887794017792,6047,293.94451999664307,6045,295.6771523952484,6043,297.5303599834442,6003,299.6336455345154,6003,300.6184504032135
3,random graphs/triangle/r1.5k42n28/graph3.lgbin,4099,287.40750098228455,6937,10221,0,10016,3.27567982673645,9692,5.33076286315918,9450,12.1927490234375,9241,14.41374158859253,9132,16.480266571044922,8980,21.82708978652954,8781,27.52875018119812,8576,164.51679635047913,8428,166.50954174995422,8190,168.53097462654114,8043,178.2378990650177,7894,183.731920003891,7801,186.5329213142395,7528,212.79965209960938,7467,217.19713973999023,7422,227.6580421924591,7277,229.64001631736755,7248,231.82397270202637,7174,233.9079647064209,7126,236.11235785484314,7110,238.0736095905304,7000,242.12437510490417,6937,300.7289752960205
4,random graphs/triangle/r1.5k42n28/graph4.lgbin,4099,270.00493454933167,5703,10142,0,10021,6.294399261474609,9925,8.39742112159729,9758,17.339191913604736,9501,19.64705491065979,9361,21.646029949188232,9144,23.76936674118042,9077,27.448856830596924,8900,51.06389307975769,8693,53.16076612472534,8661,55.62075877189636,8643,57.98823595046997,8457,62.25433397293091,8346,70.321040391922,8208,73.10144305229187,7922,75.18147802352905,7722,79.98514342308044,7619,84.23335719108582,7522,86.49594688415527,7417,88.81737613677979,7242,91.03435969352722,7212,100.73791813850403,7060,102.74482774734497,7023,104.83369302749634,7002,113.75727891921997,6945,116.15559697151184,6884,118.1397545337677,6874,121.02638292312622,6872,123.04893827438354,6870,124.8120059967041,6784,126.80891346931458,6705,128.99589085578918,6631,130.78590941429138,6580,132.85298252105713,6536,140.13275623321533,6491,233.8166892528534,6443,235.78743195533752,6393,237.65780758857727,6308,239.60658168792725,6256,241.4197497367859,6213,243.29338908195496,6213,271.2847182750702,6185,273.5353651046753,6151,275.8418252468109,6072,277.89292097091675,6036,280.04690051078796,6031,282.16104435920715,5978,284.17450761795044,5927,286.06824803352356,5846,287.93223214149475,5833,289.8254256248474,5830,294.2682411670685,5726,296.1178991794586,5705,297.9163784980774,5703,300.638614654541
