Index,Data,combo_idx,ComboIdx,Nodes,TotalNodes,ObjVal,Crossings,EdgeLength,Runtime,Status
1,graph_5_0,9,9,5,5,3.0,1,2.0,0.0048677921295166016,2
2,graph_5_1,9,9,5,5,2.0,0,2.0,0.025304794311523438,2
3,graph_5_2,9,9,5,6,3.0,0,3.0,0.025776386260986328,2
4,graph_5_3,9,9,5,5,3.0,1,2.0,0.002567291259765625,2
5,graph_5_4,9,9,5,6,2.999999999999989,0,2.999999999999989,0.023937702178955078,2
6,graph_5_5,9,9,5,5,2.0,0,2.0,0.02030038833618164,2
7,graph_5_6,9,9,5,6,2.999999999999994,0,2.999999999999994,0.024993419647216797,2
8,graph_5_7,9,9,5,6,2.999999999999994,0,2.999999999999994,0.0270843505859375,2
9,graph_5_8,9,9,5,6,2.999999999999994,0,2.999999999999994,0.02305912971496582,2
10,graph_5_9,9,9,5,6,4.0,0,4.0,0.033602237701416016,2
11,graph_5_10,9,9,5,6,2.999999999999997,0,2.999999999999997,0.0245974063873291,2
12,graph_5_11,9,9,5,5,3.999999999999997,1,2.999999999999997,0.02333855628967285,2
13,graph_5_12,9,9,5,5,3.0,0,3.0,0.020717859268188477,2
14,graph_5_13,9,9,5,6,2.0,0,2.0,0.018774032592773438,2
15,graph_5_14,9,9,5,6,3.9999999999999982,0,3.9999999999999982,0.024281024932861328,2
16,graph_5_15,9,9,5,6,2.0,0,2.0,0.0017867088317871094,2
17,graph_5_16,9,9,5,6,2.999999999999997,0,3.0,0.022078752517700195,2
18,graph_5_17,9,9,5,6,2.999999999999994,0,2.999999999999994,0.02083420753479004,2
19,graph_5_18,9,9,5,6,2.0,0,2.0,0.01862955093383789,2
20,graph_5_19,9,9,5,6,2.9999999999999973,0,2.9999999999999973,0.020082950592041016,2
21,graph_5_20,9,9,5,6,2.999999999999994,0,2.999999999999994,0.021221399307250977,2
22,graph_5_21,9,9,5,6,2.0,0,2.0,0.0184783935546875,2
23,graph_5_22,9,9,5,5,3.999999999999989,1,2.9999999999999942,0.020217418670654297,2
24,graph_5_23,9,9,5,7,3.0,0,3.0,0.021619796752929688,2
25,graph_5_24,9,9,4,6,3.9999999999999885,0,3.9999999999999885,0.021512985229492188,2
26,graph_5_25,9,9,5,6,2.0,0,2.0,0.01870107650756836,2
27,graph_5_26,9,9,4,5,3.9999999999999973,0,3.9999999999999973,0.02024078369140625,2
28,graph_5_27,9,9,5,6,2.999999999999994,0,2.999999999999994,0.02313709259033203,2
29,graph_5_28,9,9,5,6,3.9999999999999885,0,3.9999999999999885,0.022724151611328125,2
30,graph_5_29,9,9,4,7,3.999999999999994,0,3.999999999999997,0.0218508243560791,2
31,graph_5_30,9,9,5,6,2.0,0,2.0,0.0017237663269042969,2
32,graph_5_31,9,9,5,6,2.999999999999989,0,2.999999999999989,0.021211862564086914,2
33,graph_5_32,9,9,4,7,3.999999999999991,0,3.9999999999999956,0.022907018661499023,2
34,graph_5_33,9,9,5,9,3.999999999999991,0,3.9999999999999956,0.020766735076904297,2
35,graph_5_34,9,9,5,7,4.0,0,4.0,0.023657560348510742,2
36,graph_5_35,9,9,5,8,3.999999999999994,0,3.999999999999994,0.022310733795166016,2
37,graph_5_36,9,9,5,7,3.0,0,3.0,0.018399953842163086,2
38,graph_5_37,9,9,5,8,5.999999999999968,0,5.999999999999984,0.027989864349365234,2
39,graph_5_38,9,9,5,8,5.999999999999968,0,5.999999999999968,0.029303550720214844,2
40,graph_5_39,9,9,5,8,4.999999999999991,0,4.999999999999996,0.02630329132080078,2
41,graph_5_40,9,9,5,9,3.999999999999991,0,3.999999999999991,0.024789810180664062,2
42,graph_5_41,9,9,5,7,5.999999999999966,0,5.999999999999966,0.02450084686279297,2
43,graph_5_42,9,9,5,6,3.999999999999994,0,3.999999999999994,0.021454334259033203,2
44,graph_5_43,9,9,5,7,3.999999999999991,0,3.9999999999999956,0.022454023361206055,2
45,graph_5_44,9,9,5,7,3.9999999999999907,0,3.9999999999999907,0.022528648376464844,2
46,graph_5_45,9,9,5,7,5.999999999999959,0,5.999999999999959,0.027940034866333008,2
47,graph_5_46,9,9,5,6,5.99999999999999,0,5.99999999999999,0.026860713958740234,2
48,graph_5_47,9,9,5,8,3.999999999999991,0,3.9999999999999956,0.022216081619262695,2
49,graph_5_48,9,9,5,7,3.9999999999999907,0,3.9999999999999907,0.021503448486328125,2
50,graph_5_49,9,9,5,7,3.999999999999994,0,3.999999999999994,0.022372722625732422,2
51,graph_5_50,9,9,5,8,4.999999999999991,0,4.999999999999991,0.024021387100219727,2
52,graph_5_51,9,9,5,7,3.9999999999999885,0,3.999999999999989,0.02175283432006836,2
53,graph_5_52,9,9,5,7,3.9999999999999907,0,3.9999999999999907,0.023346662521362305,2
54,graph_5_53,9,9,5,7,3.999999999999994,0,3.999999999999994,0.02299809455871582,2
55,graph_5_54,9,9,5,7,3.999999999999994,0,3.999999999999994,0.02046823501586914,2
56,graph_5_55,9,9,5,6,3.0,0,3.0,0.019230127334594727,2
57,graph_5_56,9,9,5,6,3.9999999999999885,0,3.9999999999999885,0.021855831146240234,2
58,graph_5_57,9,9,5,8,4.999999999999991,0,4.999999999999991,0.02363443374633789,2
59,graph_5_58,9,9,5,8,3.999999999999994,0,3.999999999999997,0.02065896987915039,2
60,graph_5_59,9,9,5,7,3.999999999999991,0,3.999999999999991,0.023746252059936523,2
61,graph_5_60,9,9,5,8,5.999999999999982,0,5.999999999999982,0.028763532638549805,2
62,graph_5_61,9,9,5,7,3.999999999999994,0,3.999999999999994,0.0238800048828125,2
63,graph_5_62,9,9,5,9,3.999999999999991,0,3.9999999999999956,0.021244287490844727,2
64,graph_5_63,9,9,5,8,3.999999999999991,0,3.9999999999999956,0.022030353546142578,2
65,graph_5_64,9,9,5,7,3.999999999999994,0,3.999999999999997,0.022074222564697266,2
66,graph_5_65,9,9,5,6,3.999999999999994,0,3.999999999999994,0.021854639053344727,2
67,graph_5_66,9,9,5,8,4.999999999999991,0,4.999999999999991,0.02486586570739746,2
68,graph_5_67,9,9,5,8,5.999999999999968,0,5.999999999999968,0.02842259407043457,2
69,graph_5_68,9,9,5,7,3.0,0,3.0,0.018692731857299805,2
70,graph_5_69,9,9,5,8,3.0,0,3.0,0.02027750015258789,2
71,graph_5_70,9,9,5,7,3.9999999999999907,0,3.9999999999999907,0.021023035049438477,2
72,graph_5_71,9,9,5,6,3.9999999999999885,0,3.999999999999989,0.02389669418334961,2
73,graph_5_72,9,9,5,8,3.999999999999994,0,3.999999999999997,0.022411108016967773,2
74,graph_5_73,9,9,5,8,3.9999999999999885,0,3.999999999999991,0.022751569747924805,2
75,graph_5_74,9,9,5,7,4.999999999999966,0,4.999999999999966,0.024035930633544922,2
76,graph_5_75,9,9,5,7,5.999999999999959,0,5.999999999999959,0.027469873428344727,2
77,graph_5_76,9,9,4,8,4.999999999999994,0,4.999999999999994,0.02469015121459961,2
78,graph_5_77,9,9,5,7,5.999999999999963,0,5.999999999999963,0.025188684463500977,2
79,graph_5_78,9,9,5,8,3.999999999999994,0,3.999999999999994,0.021860599517822266,2
80,graph_5_79,9,9,5,7,4.999999999999959,0,4.999999999999959,0.025196075439453125,2
81,graph_5_80,9,9,5,7,3.999999999999994,0,3.999999999999994,0.020380735397338867,2
82,graph_5_81,9,9,5,7,5.0,0,5.0,0.025811433792114258,2
83,graph_5_82,9,9,5,6,3.999999999999994,0,3.999999999999994,0.02097153663635254,2
84,graph_5_83,9,9,5,7,5.0,0,5.0,0.023855209350585938,2
85,graph_5_84,9,9,5,7,5.999999999999959,0,5.999999999999959,0.027440309524536133,2
86,graph_5_85,9,9,5,6,3.999999999999994,0,3.999999999999994,0.02226424217224121,2
87,graph_5_86,9,9,5,6,3.999999999999994,0,3.999999999999994,0.021774768829345703,2
88,graph_5_87,9,9,5,6,3.999999999999994,0,3.999999999999994,0.02379631996154785,2
89,graph_5_88,9,9,5,8,4.999999999999991,0,4.999999999999991,0.023337841033935547,2
90,graph_5_89,9,9,5,8,4.0,0,4.0,0.023633956909179688,2
91,graph_5_90,9,9,5,6,4.999999999999991,1,3.999999999999991,0.02137136459350586,2
92,graph_5_91,9,9,5,7,4.0,0,4.0,0.02111983299255371,2
93,graph_5_92,9,9,5,7,3.999999999999991,0,3.999999999999991,0.02304363250732422,2
94,graph_5_93,9,9,5,7,3.9999999999999885,0,3.9999999999999885,0.021284818649291992,2
95,graph_5_94,9,9,5,7,5.999999999999963,0,5.999999999999963,0.026722192764282227,2
96,graph_5_95,9,9,5,6,3.9999999999999885,0,3.9999999999999885,0.022429227828979492,2
97,graph_5_96,9,9,5,7,3.0,0,3.0,0.01861429214477539,2
98,graph_5_97,9,9,5,7,5.999999999999963,0,5.999999999999963,0.026797056198120117,2
99,graph_5_98,9,9,5,8,7.999999999999977,1,6.999999999999977,0.03158092498779297,2
100,graph_5_99,9,9,5,9,4.999999999999994,0,4.9999999999999964,0.023645877838134766,2
101,graph_5_100,9,9,5,9,7.0,0,7.0,0.0291135311126709,2
102,graph_5_101,9,9,5,7,6.999999999999956,0,6.999999999999956,0.026711702346801758,2
103,graph_5_102,9,9,5,9,6.999999999999972,0,6.999999999999972,0.036977291107177734,2
104,graph_5_103,9,9,5,9,4.999999999999984,0,4.999999999999984,0.02538323402404785,2
105,graph_5_104,9,9,5,9,6.999999999999986,0,6.999999999999986,0.030596017837524414,2
106,graph_5_105,9,9,5,9,4.999999999999994,0,4.999999999999994,0.022449731826782227,2
107,graph_5_106,9,9,5,8,4.999999999999994,0,4.999999999999994,0.02230691909790039,2
108,graph_5_107,9,9,5,9,5.9999999999999805,0,5.999999999999979,0.03269791603088379,2
109,graph_5_108,9,9,5,9,6.999999999999986,0,6.999999999999986,0.02937769889831543,2
110,graph_5_109,9,9,5,9,4.999999999999992,0,4.999999999999993,0.025083065032958984,2
111,graph_5_110,9,9,5,9,4.999999999999992,0,4.999999999999993,0.02511906623840332,2
112,graph_5_111,9,9,5,9,4.999999999999994,0,4.999999999999994,0.022446393966674805,2
113,graph_5_112,9,9,5,8,8.999999999999961,1,7.999999999999961,0.04047584533691406,2
114,graph_5_113,9,9,5,9,6.999999999999986,0,6.999999999999986,0.030103683471679688,2
115,graph_5_114,9,9,5,6,5.999999999999984,1,4.9999999999999885,0.021953582763671875,2
116,graph_5_115,9,9,5,9,5.9999999999999805,0,5.999999999999979,0.030686140060424805,2
117,graph_5_116,9,9,5,7,7.999999999999959,1,6.999999999999959,0.028227567672729492,2
118,graph_5_117,9,9,5,8,4.999999999999991,0,4.999999999999991,0.022047996520996094,2
119,graph_5_118,9,9,5,9,7.0,0,7.0,0.03504037857055664,2
120,graph_5_119,9,9,5,6,7.999999999999988,0,7.999999999999988,0.025887012481689453,2
121,graph_5_120,9,9,5,9,6.999999999999899,0,6.999999999999899,0.031441450119018555,2
122,graph_5_121,9,9,5,9,6.9999999999999645,0,6.9999999999999645,0.03362154960632324,2
123,graph_5_122,9,9,5,9,6.999999999999957,0,6.999999999999957,0.03260946273803711,2
124,graph_5_123,9,9,5,8,6.999999999999988,1,5.999999999999991,0.027215003967285156,2
125,graph_5_124,9,9,5,10,6.999999999999968,0,6.999999999999968,0.031212806701660156,2
126,graph_5_125,9,9,5,8,6.999999999999988,1,5.999999999999991,0.027376174926757812,2
127,graph_5_126,9,9,5,9,6.9999999999999645,0,6.9999999999999645,0.032028913497924805,2
128,graph_5_127,9,9,5,9,6.999999999999975,0,6.999999999999975,0.031453847885131836,2
129,graph_5_128,9,9,5,7,4.999999999999991,0,4.999999999999991,0.022655487060546875,2
130,graph_5_129,9,9,5,9,4.999999999999994,0,4.999999999999994,0.023991107940673828,2
131,graph_5_130,9,9,5,7,6.999999999999959,0,6.999999999999959,0.027549028396606445,2
132,graph_5_131,9,9,5,11,6.999999999999993,0,6.9999999999999964,0.03185701370239258,2
133,graph_5_132,9,9,5,6,5.999999999999991,1,4.999999999999991,0.021892786026000977,2
134,graph_5_133,9,9,5,9,5.999999999999968,0,5.999999999999968,0.030640602111816406,2
135,graph_5_134,9,9,5,10,6.999999999999988,0,6.999999999999988,0.0327296257019043,2
136,graph_5_135,9,9,5,8,7.999999999999968,1,6.999999999999968,0.029920101165771484,2
137,graph_5_136,9,9,5,8,4.999999999999994,0,4.999999999999994,0.022584199905395508,2
138,graph_5_137,9,9,5,10,7.999999999999972,0,7.999999999999972,0.032183170318603516,2
139,graph_5_138,9,9,5,11,4.999999999999994,0,4.999999999999994,0.024297237396240234,2
140,graph_5_139,9,9,5,8,7.999999999999968,0,7.999999999999968,0.02657628059387207,2
141,graph_5_140,9,9,5,9,6.99999999999997,0,6.99999999999997,0.03720712661743164,2
142,graph_5_141,9,9,5,6,5.999999999999984,1,4.9999999999999885,0.02225041389465332,2
143,graph_5_142,9,9,5,7,6.999999999999959,0,6.999999999999959,0.026666641235351562,2
144,graph_5_143,9,9,5,8,4.999999999999994,0,4.999999999999994,0.02254796028137207,2
145,graph_5_144,9,9,5,10,7.999999999999972,0,7.999999999999972,0.03709983825683594,2
146,graph_5_145,9,9,5,10,7.999999999999972,0,7.999999999999972,0.032492637634277344,2
147,graph_5_146,9,9,5,9,6.999999999999963,0,6.999999999999963,0.028638124465942383,2
148,graph_5_147,9,9,5,8,6.999999999999988,1,5.999999999999993,0.02940201759338379,2
149,graph_5_148,9,9,5,8,4.999999999999994,0,5.0,0.02427387237548828,2
150,graph_5_149,9,9,5,9,4.999999999999992,0,4.999999999999993,0.02345871925354004,2
151,graph_5_150,9,9,5,8,4.999999999999994,0,4.999999999999994,0.024204492568969727,2
152,graph_5_151,9,9,5,6,7.999999999999979,0,7.999999999999979,0.02708292007446289,2
153,graph_5_152,9,9,5,9,6.999999999999968,0,6.999999999999968,0.030911922454833984,2
154,graph_5_153,9,9,5,8,4.999999999999994,0,4.999999999999994,0.022673368453979492,2
155,graph_5_154,9,9,5,11,7.0,0,7.0,0.03438401222229004,2
156,graph_5_155,9,9,5,9,5.999999999999968,0,5.999999999999968,0.030225276947021484,2
157,graph_5_156,9,9,5,8,7.999999999999966,1,6.999999999999966,0.030783414840698242,2
158,graph_5_157,9,9,5,9,5.999999999999968,0,5.999999999999968,0.029559850692749023,2
159,graph_5_158,9,9,5,9,5.999999999999968,0,5.999999999999968,0.02768087387084961,2
160,graph_5_159,9,9,5,7,6.999999999999966,0,6.999999999999966,0.02794623374938965,2
161,graph_5_160,9,9,5,9,7.0,0,7.0,0.02880573272705078,2
162,graph_5_161,9,9,5,7,6.999999999999966,0,6.999999999999966,0.025799989700317383,2
163,graph_5_162,9,9,5,9,4.999999999999992,0,4.999999999999993,0.0253603458404541,2
164,graph_5_163,9,9,5,11,8.0,0,8.0,0.04300665855407715,2
165,graph_5_164,9,9,5,11,7.999999999999957,0,7.999999999999968,0.040564537048339844,2
166,graph_5_165,9,9,5,13,8.0,0,8.0,0.0391542911529541,2
167,graph_5_166,9,9,5,9,13.999999999999908,3,10.999999999999908,1.336031198501587,2
168,graph_5_167,9,9,5,11,7.999999999999957,0,7.999999999999957,0.03373241424560547,2
169,graph_5_168,9,9,5,9,7.9999999999999645,0,7.9999999999999645,0.03271365165710449,2
170,graph_5_169,9,9,5,11,9.999999999999927,0,9.999999999999927,0.054227590560913086,2
171,graph_5_170,9,9,5,11,5.999999999999989,0,5.99999999999999,0.02863788604736328,2
172,graph_5_171,9,9,5,11,7.999999999999977,0,7.999999999999977,0.03632760047912598,2
173,graph_5_172,9,9,5,12,7.999999999999968,0,8.0,0.03557848930358887,2
174,graph_5_173,9,9,5,9,7.999999999999968,0,7.999999999999968,0.03906726837158203,2
175,graph_5_174,9,9,5,8,5.999999999999991,0,5.999999999999991,0.02255702018737793,2
176,graph_5_175,9,9,5,7,8.99999999999996,1,7.999999999999959,0.026479244232177734,2
177,graph_5_176,9,9,5,8,5.999999999999991,0,5.999999999999991,0.022437095642089844,2
178,graph_5_177,9,9,5,11,7.999999999999977,0,7.999999999999977,0.03434634208679199,2
179,graph_5_178,9,9,5,10,8.999999999999936,1,7.999999999999979,0.04485297203063965,2
180,graph_5_179,9,9,5,10,7.9999999999999805,0,8.0,0.03507852554321289,2
181,graph_5_180,9,9,5,10,7.9999999999999805,0,8.0,0.03492307662963867,2
182,graph_5_181,9,9,5,12,7.999999999999993,0,7.999999999999993,0.03660416603088379,2
183,graph_5_182,9,9,5,10,8.999999999999973,1,7.999999999999973,0.044547319412231445,2
184,graph_5_183,9,9,5,9,7.999999999999968,0,7.999999999999968,0.03494381904602051,2
185,graph_5_184,9,9,5,12,9.999999999999972,1,8.999999999999973,1.316469669342041,2
186,graph_5_185,9,9,5,12,9.999999999999986,1,8.999999999999986,0.04992175102233887,2
187,graph_5_186,9,9,5,14,11.999999999999936,0,11.999999999999936,1.423382043838501,2
188,graph_5_187,9,9,5,13,8.999999999999973,0,8.999999999999973,0.038593292236328125,2
189,graph_5_188,9,9,5,14,9.999999999999972,0,9.999999999999972,0.055103302001953125,2
190,graph_5_189,9,9,5,13,8.999999999999973,0,9.000000000000014,0.03747415542602539,2
191,graph_5_190,9,9,5,14,9.99999999999997,0,10.000000000000014,0.05111241340637207,2
192,graph_5_191,9,9,5,10,9.999999999999972,0,9.999999999999972,0.04543137550354004,2
193,graph_5_192,9,9,5,10,9.99999999999997,0,9.999999999999972,0.04449748992919922,2
194,graph_5_193,9,9,5,10,9.999999999999972,0,9.999999999999972,0.047199249267578125,2
195,graph_5_194,9,9,5,12,9.999999999999986,1,8.999999999999986,0.05127429962158203,2
196,graph_5_195,9,9,5,13,8.999999999999973,0,8.999999999999973,0.036435604095458984,2
197,graph_5_196,9,9,5,12,12.999999999999849,1,11.999999999999899,1.4128708839416504,2
198,graph_5_197,9,9,5,12,12.999999999999954,1,11.999999999999954,1.4295177459716797,2
199,graph_5_198,9,9,5,14,9.999999999999966,0,10.000000000000018,0.057013750076293945,2
200,graph_5_199,9,9,5,12,12.99999999999991,1,11.999999999999908,1.3998408317565918,2
201,graph_5_200,9,9,5,10,9.999999999999972,0,9.999999999999972,0.04240012168884277,2
202,graph_5_201,9,9,5,14,11.999999999999904,0,11.999999999999904,1.4453063011169434,2
203,graph_5_202,9,9,5,13,8.999999999999973,0,8.999999999999973,0.03611564636230469,2
204,graph_5_203,9,9,5,15,14.999999999999867,1,13.999999999999867,1.7394623756408691,2
205,graph_5_204,9,9,5,15,14.999999999999867,1,13.999999999999867,1.7471630573272705,2
206,graph_5_205,9,9,5,15,14.999999999999867,1,13.999999999999867,1.7450509071350098,2
207,graph_5_206,9,9,5,15,14.999999999999867,1,13.999999999999867,1.7269830703735352,2
208,graph_5_207,9,9,5,15,14.999999999999867,1,13.999999999999867,1.7387468814849854,2
209,graph_5_208,9,9,5,15,14.999999999999867,1,13.999999999999867,1.7175979614257812,2
210,graph_5_209,9,9,5,15,14.999999999999867,1,13.999999999999867,1.737915277481079,2
211,graph_5_210,9,9,5,15,14.999999999999867,1,13.999999999999867,1.7202637195587158,2
212,graph_5_211,9,9,5,15,14.999999999999867,1,13.999999999999867,1.7375922203063965,2
213,graph_5_212,9,9,5,15,14.999999999999867,1,13.999999999999867,1.7240476608276367,2
214,graph_5_213,9,9,5,15,14.999999999999867,1,13.999999999999867,1.7937037944793701,2
215,graph_5_214,9,9,5,15,14.999999999999867,1,13.999999999999867,1.7525324821472168,2
216,graph_5_215,9,9,5,15,14.999999999999867,1,13.999999999999867,1.749351978302002,2
217,graph_5_216,9,9,5,15,14.999999999999867,1,13.999999999999867,1.7389307022094727,2
218,graph_5_217,9,9,5,15,14.999999999999867,1,13.999999999999867,1.7472014427185059,2
219,graph_5_218,9,9,5,15,14.999999999999867,1,13.999999999999867,1.7651948928833008,2
220,graph_5_219,9,9,5,15,14.999999999999867,1,13.999999999999867,1.726837158203125,2
221,graph_5_220,9,9,5,15,14.999999999999867,1,13.999999999999867,1.711214542388916,2
222,graph_5_221,9,9,5,15,14.999999999999867,1,13.999999999999867,1.7222144603729248,2
223,graph_5_222,9,9,5,15,14.999999999999867,1,13.999999999999867,1.7247345447540283,2
224,graph_5_223,9,9,5,15,14.999999999999867,1,13.999999999999867,1.7356460094451904,2
225,graph_5_224,9,9,5,15,14.999999999999867,1,13.999999999999867,1.7210228443145752,2
226,graph_5_225,9,9,5,15,14.999999999999867,1,13.999999999999867,1.719008207321167,2
227,graph_5_226,9,9,5,15,14.999999999999867,1,13.999999999999867,1.7189910411834717,2
228,graph_5_227,9,9,5,15,14.999999999999867,1,13.999999999999867,1.7118308544158936,2
229,graph_5_228,9,9,5,15,14.999999999999867,1,13.999999999999867,1.7030906677246094,2
230,graph_5_229,9,9,5,15,14.999999999999867,1,13.999999999999867,1.7176859378814697,2
231,graph_5_230,9,9,5,15,14.999999999999867,1,13.999999999999867,1.7227745056152344,2
232,graph_5_231,9,9,5,15,14.999999999999867,1,13.999999999999867,1.7759015560150146,2
233,graph_5_232,9,9,5,15,14.999999999999867,1,13.999999999999867,1.7273333072662354,2
234,graph_5_233,9,9,5,15,14.999999999999867,1,13.999999999999867,1.7237560749053955,2
235,graph_5_234,9,9,5,15,14.999999999999867,1,13.999999999999867,1.7229771614074707,2
236,graph_5_235,9,9,5,15,14.999999999999867,1,13.999999999999867,1.7526776790618896,2
237,graph_5_236,9,9,5,15,14.999999999999867,1,13.999999999999867,1.754190444946289,2
238,graph_5_237,9,9,5,15,14.999999999999867,1,13.999999999999867,1.749006986618042,2
239,graph_5_238,9,9,5,15,14.999999999999867,1,13.999999999999867,1.8007302284240723,2
240,graph_5_239,9,9,5,15,14.999999999999867,1,13.999999999999867,1.75752854347229,2
241,graph_5_240,9,9,5,15,14.999999999999867,1,13.999999999999867,1.7497835159301758,2
242,graph_5_241,9,9,5,15,14.999999999999867,1,13.999999999999867,1.7559969425201416,2
243,graph_5_242,9,9,5,15,14.999999999999867,1,13.999999999999867,1.7636468410491943,2
244,graph_5_243,9,9,5,15,14.999999999999867,1,13.999999999999867,1.7173240184783936,2
245,graph_5_244,9,9,5,15,14.999999999999867,1,13.999999999999867,1.739220142364502,2
246,graph_5_245,9,9,5,15,14.999999999999867,1,13.999999999999867,1.7281665802001953,2
247,graph_5_246,9,9,5,15,14.999999999999867,1,13.999999999999867,1.7240126132965088,2
248,graph_5_247,9,9,5,15,14.999999999999867,1,13.999999999999867,1.7490172386169434,2
249,graph_5_248,9,9,5,15,14.999999999999867,1,13.999999999999867,1.7508211135864258,2
250,graph_5_249,9,9,5,15,14.999999999999867,1,13.999999999999867,1.7319815158843994,2
251,graph_10_0,9,9,9,11,8.0,0,8.0,0.04864048957824707,2
252,graph_10_1,9,9,10,10,6.99999999999997,1,5.99999999999997,0.034970998764038086,2
253,graph_10_2,9,9,8,10,11.999999999999925,2,9.999999999999924,1.3392260074615479,2
254,graph_10_3,9,9,10,11,6.999999999999986,1,5.999999999999986,0.048479318618774414,2
255,graph_10_4,9,9,10,12,10.000000000000002,0,10.0,1.727738857269287,2
256,graph_10_5,9,9,9,11,7.999999999999963,0,8.000000000000037,0.05642557144165039,2
257,graph_10_6,9,9,8,13,5.999999999999992,0,5.9999999999999964,0.029340744018554688,2
258,graph_10_7,9,9,10,11,8.99999912500001,1,8.000000000000025,1.6607215404510498,2
259,graph_10_8,9,9,8,14,6.999999999999936,0,6.999999999999936,0.0442354679107666,2
260,graph_10_9,9,9,8,10,7.999999999999968,1,6.999999999999968,0.04376101493835449,2
261,graph_10_10,9,9,10,12,3.999999999999997,0,4.0,0.025365114212036133,2
262,graph_10_11,9,9,10,12,4.999999999999904,0,4.999999999999904,0.03313136100769043,2
263,graph_10_12,9,9,10,12,4.999999999999963,0,4.999999999999963,0.03584742546081543,2
264,graph_10_13,9,9,9,13,6.999999999999982,0,6.999999999999982,1.3039586544036865,2
265,graph_10_14,9,9,9,10,9.999999999999897,2,7.999999999999897,1.3401753902435303,2
266,graph_10_15,9,9,8,12,6.999999999999968,0,6.999999999999968,0.032732248306274414,2
267,graph_10_16,9,9,8,12,5.999999999999968,0,5.999999999999968,0.03125882148742676,2
268,graph_10_17,9,9,9,11,6.9999999999999645,0,6.9999999999999645,0.034130096435546875,2
269,graph_10_18,9,9,8,11,12.999999999999815,3,9.999999999999815,0.06929302215576172,2
270,graph_10_19,9,9,9,17,8.999999999999979,1,8.000000000000002,1.4185922145843506,2
271,graph_10_20,9,9,10,15,7.999999999999961,0,7.999999999999961,0.05800509452819824,2
272,graph_10_21,9,9,10,13,9.0,1,8.0,1.3632702827453613,2
273,graph_10_22,9,9,10,12,6.0,0,6.0,0.03613162040710449,2
274,graph_10_23,9,9,10,13,8.999999999999975,1,7.999999999999975,0.07602119445800781,2
275,graph_10_24,9,9,9,14,8.0,1,7.000000000000002,0.0447392463684082,2
276,graph_10_25,9,9,9,16,9.999999999999972,0,9.999999999999972,1.3897593021392822,2
277,graph_10_26,9,9,8,13,14.000000000000028,1,13.000000000000027,2.1153409481048584,2
278,graph_10_27,9,9,9,11,11.99999999999994,1,10.99999999999994,1.4356582164764404,2
279,graph_10_28,9,9,9,12,8.999999999999957,0,8.999999999999957,0.06401777267456055,2
280,graph_10_29,9,9,10,14,6.999999999999934,0,6.999999999999934,0.05312156677246094,2
281,graph_10_30,9,9,9,11,10.0,0,10.0,1.2887341976165771,2
282,graph_10_31,9,9,10,13,8.0,0,8.0,0.07830929756164551,2
283,graph_10_32,9,9,10,11,6.999999999999961,0,6.999999999999961,0.04174518585205078,2
284,graph_10_33,9,9,9,12,10.999999999999996,0,10.999999999999996,0.07263493537902832,2
285,graph_10_34,9,9,9,12,9.999999999999911,0,9.999999999999911,1.4652023315429688,2
286,graph_10_35,9,9,10,12,7.0,0,7.0,0.044567108154296875,2
287,graph_10_36,9,9,9,13,9.99999999999989,1,8.99999999999989,1.3132030963897705,2
288,graph_10_37,9,9,9,10,8.999999999999982,0,8.999999999999984,0.03780221939086914,2
289,graph_10_38,9,9,10,14,5.999999999999973,0,6.0,0.034775733947753906,2
290,graph_10_39,9,9,10,10,10.0,1,9.0,1.317324161529541,2
291,graph_10_40,9,9,10,10,9.999999999999817,0,9.999999999999817,1.3619861602783203,2
292,graph_10_41,9,9,10,12,6.0,0,6.0,0.03494119644165039,2
293,graph_10_42,9,9,9,12,5.999999999999952,0,5.999999999999984,0.03253340721130371,2
294,graph_10_43,9,9,10,13,7.99999999999995,0,7.99999999999995,0.05483269691467285,2
295,graph_10_44,9,9,9,15,9.999999999999929,0,9.999999999999929,1.4468393325805664,2
296,graph_10_45,9,9,10,14,7.0,0,7.0,0.05482649803161621,2
297,graph_10_46,9,9,9,10,8.999999999999957,1,7.9999999999999565,0.0530552864074707,2
298,graph_10_47,9,9,9,12,8.999999999999991,0,8.999999999999993,0.041104793548583984,2
299,graph_10_48,9,9,9,10,9.999999999999893,2,7.999999999999894,0.044548749923706055,2
300,graph_10_49,9,9,10,12,12.999999999999819,2,10.999999999999854,1.4705519676208496,2
301,graph_10_50,9,9,10,14,16.0,1,15.0,3.1180689334869385,2
302,graph_10_51,9,9,8,13,13.9999999999999,1,12.9999999999999,1.551870346069336,2
303,graph_10_52,9,9,10,15,11.999999999999833,0,11.999999999999833,2.150315999984741,2
304,graph_10_53,9,9,10,14,9.999999999999936,0,9.999999999999936,0.08415412902832031,2
305,graph_10_54,9,9,9,13,13.999999999999936,0,13.999999999999936,2.317594051361084,2
306,graph_10_55,9,9,9,13,13.0,1,12.0,1.5808329582214355,2
307,graph_10_56,9,9,10,12,12.999999999999972,1,11.999999999999972,1.6755189895629883,2
308,graph_10_57,9,9,10,12,12.999999999999996,1,11.999999999999996,1.4409396648406982,2
309,graph_10_58,9,9,10,15,9.999999999999998,0,9.999999999999998,0.07959151268005371,2
310,graph_10_59,9,9,10,12,12.999999999999922,3,9.999999999999922,1.4904146194458008,2
311,graph_10_60,9,9,9,11,11.999999999999941,3,8.999999999999941,0.05590367317199707,2
312,graph_10_61,9,9,10,14,8.999999999999936,0,8.999999999999936,1.3225665092468262,2
313,graph_10_62,9,9,10,14,7.9999999999999725,0,7.999999999999991,0.04482913017272949,2
314,graph_10_63,9,9,10,14,7.0,0,7.0,0.03899335861206055,2
315,graph_10_64,9,9,10,11,9.999999999999957,1,8.999999999999957,0.05975508689880371,2
316,graph_10_65,9,9,10,12,10.9999999999999,1,9.99999999999995,1.397984504699707,2
317,graph_10_66,9,9,10,13,18.99999999999978,3,15.999999999999778,4.719527959823608,2
318,graph_10_67,9,9,9,12,18.0,3,15.0,2.8363771438598633,2
319,graph_10_68,9,9,9,14,13.99999999999985,1,12.99999999999985,1.8403449058532715,2
320,graph_10_69,9,9,9,14,15.000000000000004,0,15.000000000000004,2.3617448806762695,2
321,graph_10_70,9,9,9,12,11.0,0,11.000000000000004,1.4746484756469727,2
322,graph_10_71,9,9,10,14,8.0,0,8.0,0.056665897369384766,2
323,graph_10_72,9,9,9,13,15.999999999999929,3,12.999999999999929,1.8907902240753174,2
324,graph_10_73,9,9,10,16,14.999999999999861,1,13.999999999999861,1.8277852535247803,2
325,graph_10_74,9,9,10,13,12.0,1,11.0,1.4958405494689941,2
326,graph_10_75,9,9,9,16,12.999999999999929,0,12.999999999999929,1.7752783298492432,2
327,graph_10_76,9,9,10,11,10.0,2,8.0,0.038292884826660156,2
328,graph_10_77,9,9,10,13,11.0,1,10.0,1.3833248615264893,2
329,graph_10_78,9,9,9,13,11.999999999999925,0,11.999999999999925,1.528693675994873,2
330,graph_10_79,9,9,9,13,11.9999999999999,1,10.9999999999999,1.4558954238891602,2
331,graph_10_80,9,9,10,12,14.0,1,13.0,2.1674811840057373,2
332,graph_10_81,9,9,10,12,10.999999999999844,0,10.999999999999844,1.574979543685913,2
333,graph_10_82,9,9,10,20,11.999999999999911,0,11.999999999999911,1.684884786605835,2
334,graph_10_83,9,9,10,15,13.999999999999936,2,11.99999999999994,1.8164265155792236,2
335,graph_10_84,9,9,9,17,15.999999999999918,1,14.999999999999918,2.7137274742126465,2
336,graph_10_85,9,9,9,13,10.9999999999999,0,10.9999999999999,0.049600839614868164,2
337,graph_10_86,9,9,10,15,9.999999999999957,0,9.999999999999957,1.5001327991485596,2
338,graph_10_87,9,9,9,14,14.999999999999844,2,12.999999999999844,1.837517499923706,2
339,graph_10_88,9,9,10,14,7.999999999999927,0,7.999999999999964,0.05971693992614746,2
340,graph_10_89,9,9,10,12,17.999999999999886,3,14.999999999999886,2.2770581245422363,2
341,graph_10_90,9,9,10,15,18.0,2,16.0,2.233316659927368,2
342,graph_10_91,9,9,10,12,10.99999999999999,0,10.999999999999996,1.4600231647491455,2
343,graph_10_92,9,9,10,12,13.999999999999973,3,10.999999999999973,1.4075515270233154,2
344,graph_10_93,9,9,10,12,11.999999999999972,2,9.999999999999972,0.06414127349853516,2
345,graph_10_94,9,9,10,14,9.999999999999893,1,9.0,0.06294441223144531,2
346,graph_10_95,9,9,9,16,15.999999999999908,2,13.999999999999908,3.7466301918029785,2
347,graph_10_96,9,9,10,14,13.999999999999812,0,13.999999999999812,2.108887195587158,2
348,graph_10_97,9,9,10,13,21.00000000000012,4,17.000000000000103,3.4992971420288086,2
349,graph_10_98,9,9,10,13,14.0,1,13.00000000000003,1.556304931640625,2
350,graph_10_99,9,9,10,14,10.0,1,9.0,0.06421279907226562,2
351,graph_10_100,9,9,10,18,14.999999999999982,0,14.999999999999982,3.865814447402954,2
352,graph_10_101,9,9,10,13,14.0,2,12.0,1.5157139301300049,2
353,graph_10_102,9,9,10,14,11.999999999999908,0,11.999999999999908,1.5249123573303223,2
354,graph_10_103,9,9,10,21,12.999999998599945,0,12.9999999986002,2.402456283569336,2
355,graph_10_104,9,9,10,17,14.999999999999824,2,12.999999999999824,1.6143858432769775,2
356,graph_10_105,9,9,10,18,19.000000000000178,0,19.000000000000213,5.245217561721802,2
357,graph_10_106,9,9,9,15,17.000000000000007,0,17.00000000000001,3.230909585952759,2
358,graph_10_107,9,9,10,16,13.999999999999837,0,13.999999999999837,2.063624620437622,2
359,graph_10_108,9,9,10,14,12.999999999999659,0,12.99999999999983,1.772491693496704,2
360,graph_10_109,9,9,9,16,15.99999999999984,1,14.999999999999893,1.7166447639465332,2
361,graph_10_110,9,9,10,16,11.999999999999954,1,10.999999999999954,1.6007485389709473,2
362,graph_10_111,9,9,10,19,8.999999999999932,0,8.999999999999932,0.06199169158935547,2
363,graph_10_112,9,9,10,16,10.999999999999927,0,10.999999999999929,1.5413589477539062,2
364,graph_10_113,9,9,10,13,12.99999999999996,1,11.999999999999972,1.6140079498291016,2
365,graph_10_114,9,9,10,15,13.999999999999915,2,11.999999999999915,1.7886528968811035,2
366,graph_10_115,9,9,10,11,14.999999999999998,4,10.999999999999998,0.08005118370056152,2
367,graph_10_116,9,9,10,23,17.000000000000004,1,16.000000000000004,4.960948705673218,2
368,graph_10_117,9,9,10,15,14.999999999999948,3,11.99999999999995,1.634768009185791,2
369,graph_10_118,9,9,10,17,17.0,1,16.0,2.1214470863342285,2
370,graph_10_119,9,9,10,17,11.0,0,11.0,0.125413179397583,2
371,graph_10_120,9,9,9,15,14.999999999999906,3,11.999999999999906,1.6592416763305664,2
372,graph_10_121,9,9,10,17,14.0,0,14.0,2.048560619354248,2
373,graph_10_122,9,9,10,15,13.99999999999988,1,12.999999999999922,1.7940285205841064,2
374,graph_10_123,9,9,10,19,15.000000000000004,1,14.00000000000001,2.0505073070526123,2
375,graph_10_124,9,9,9,15,10.999999999999957,1,9.999999999999986,0.0566556453704834,2
376,graph_10_125,9,9,9,15,17.999999999999716,1,16.999999999999712,2.2888219356536865,2
377,graph_10_126,9,9,10,17,17.99999999999988,2,15.999999999999883,2.0878612995147705,2
378,graph_10_127,9,9,10,12,19.99999923529397,4,16.000000761973016,2.3918237686157227,2
379,graph_10_128,9,9,9,20,20.0,0,20.0,3.9733948707580566,2
380,graph_10_129,9,9,10,17,17.99999999999985,1,16.99999999999985,2.077465295791626,2
381,graph_10_130,9,9,10,18,13.99999999999997,1,12.999999999999957,1.7651481628417969,2
382,graph_10_131,9,9,10,16,12.99999999999985,0,12.99999999999985,1.5243000984191895,2
383,graph_10_132,9,9,10,13,18.000000000000004,1,17.0,2.262669563293457,2
384,graph_10_133,9,9,10,16,16.99999999999999,0,16.99999999999999,2.908986806869507,2
385,graph_10_134,9,9,10,14,10.999999999999948,0,10.999999999999968,0.047467708587646484,2
386,graph_10_135,9,9,10,16,15.99999999999979,2,13.999999999999861,1.8068475723266602,2
387,graph_10_136,9,9,10,18,13.999999999999764,0,13.999999999999881,2.0373764038085938,2
388,graph_10_137,9,9,10,14,14.0,1,13.0,1.6737492084503174,2
389,graph_10_138,9,9,9,14,17.0,4,13.0,1.6375620365142822,2
390,graph_10_139,9,9,10,15,19.0,2,17.0,2.7525811195373535,2
391,graph_10_140,9,9,10,13,16.999999999999936,2,14.999999999999936,1.9506030082702637,2
392,graph_10_141,9,9,9,13,21.99999980115,4,18.0000002,2.757295608520508,2
393,graph_10_142,9,9,10,13,17.999999999999876,3,14.999999999999876,2.179826259613037,2
394,graph_10_143,9,9,10,18,9.999999999999973,0,9.999999999999986,1.4228999614715576,2
395,graph_10_144,9,9,10,19,16.0,1,15.0,3.0397398471832275,2
396,graph_10_145,9,9,10,17,15.999999999999902,2,13.999999999999904,2.0870659351348877,2
397,graph_10_146,9,9,10,16,18.999999999999996,2,16.999999999999996,2.2996723651885986,2
398,graph_10_147,9,9,10,14,15.999999999999922,2,13.999999999999922,1.7647631168365479,2
399,graph_10_148,9,9,10,14,14.999999999999936,2,12.999999999999936,0.08654093742370605,2
400,graph_10_149,9,9,10,17,19.999999999999872,0,19.999999999999915,3.1565802097320557,2
401,graph_10_150,9,9,10,18,15.999999999999869,2,13.999999999999869,1.7160935401916504,2
402,graph_10_151,9,9,10,15,12.999999999999947,1,11.999999999999947,0.09017395973205566,2
403,graph_10_152,9,9,10,19,18.0,2,16.000000000000007,2.406520366668701,2
404,graph_10_153,9,9,10,16,18.999999999999993,2,16.999999999999996,2.2250425815582275,2
405,graph_10_154,9,9,10,15,23.0,6,17.0,2.617231845855713,2
406,graph_10_155,9,9,10,20,17.99999999999977,0,17.99999999999977,2.8687987327575684,2
407,graph_10_156,9,9,9,18,25.99999999999911,4,21.999999999999805,5.494267463684082,2
408,graph_10_157,9,9,10,18,20.999999666666668,1,19.999999666666668,3.1066982746124268,2
409,graph_10_158,9,9,10,23,21.999999999999776,1,20.999999999999776,3.708916187286377,2
410,graph_10_159,9,9,10,19,17.99999999999985,1,16.99999999999985,3.0287435054779053,2
411,graph_10_160,9,9,10,24,24.0,2,22.000000000000004,7.1695287227630615,2
412,graph_10_161,9,9,10,17,24.99999999999997,4,20.99999999999997,3.3428409099578857,2
413,graph_10_162,9,9,10,19,19.0,2,17.0,2.2270448207855225,2
414,graph_10_163,9,9,10,14,24.999999999999837,4,20.999999999999837,3.646867036819458,2
415,graph_10_164,9,9,10,20,19.99999999999988,4,16.0,2.7167861461639404,2
416,graph_10_165,9,9,10,15,18.0,4,14.0,1.7745344638824463,2
417,graph_10_166,9,9,10,18,18.999999999999837,2,16.999999999999837,2.592916250228882,2
418,graph_10_167,9,9,10,16,18.0,0,18.0,2.8544914722442627,2
419,graph_10_168,9,9,10,20,16.0,2,14.0,1.7993671894073486,2
420,graph_10_169,9,9,9,15,25.0,3,22.0,2.605631113052368,2
421,graph_10_170,9,9,9,19,32.99999999999961,6,26.99999999999961,6.075775146484375,2
422,graph_10_171,9,9,10,25,19.999999999999996,0,19.999999999999996,3.6289193630218506,2
423,graph_10_172,9,9,9,23,25.99999999999978,2,23.99999999999978,4.03562331199646,2
424,graph_10_173,9,9,10,18,19.0,0,19.0,2.7587456703186035,2
425,graph_10_174,9,9,10,20,27.0,2,25.0,6.090520620346069,2
426,graph_10_175,9,9,10,15,21.999999999999993,3,19.0,2.4105677604675293,2
427,graph_10_176,9,9,10,18,35.0000000000001,9,26.0000000000001,13.420212745666504,2
428,graph_10_177,9,9,10,16,24.0,2,22.000000000000025,3.2493836879730225,2
429,graph_10_178,9,9,10,23,24.99999999999967,4,20.999999999999815,4.164122581481934,2
430,graph_10_179,9,9,10,23,17.999999999999893,1,16.999999999999893,2.150364398956299,2
431,graph_10_180,9,9,10,21,27.999999999999645,1,26.999999999999645,11.544294118881226,2
432,graph_10_181,9,9,10,19,26.999999999999623,5,21.999999999999623,3.5158579349517822,2
433,graph_10_182,9,9,10,27,28.999999999999638,3,25.999999999999638,18.832106351852417,2
434,graph_10_183,9,9,10,16,34.99999966756668,8,27.000000000000018,5.267847537994385,2
435,graph_10_184,9,9,10,18,22.0,2,20.0,2.633105516433716,2
436,graph_10_185,9,9,10,17,29.999999999999638,3,26.999999999999638,6.205548048019409,2
437,graph_10_186,9,9,10,26,27.999999999999915,2,25.999999999999915,9.078033447265625,2
438,graph_10_187,9,9,10,16,28.999999999999993,6,22.999999999999996,2.843919515609741,2
439,graph_10_188,9,9,10,19,29.99999999999997,4,26.0,5.802726984024048,2
440,graph_10_189,9,9,9,28,34.000000000000185,3,31.00000000000037,16.04151678085327,2
441,graph_10_190,9,9,10,22,35.0,3,32.0,18.75777316093445,2
442,graph_10_191,9,9,10,23,41.0,6,35.0,107.06629228591919,2
443,graph_10_192,9,9,10,15,25.99999975,3,23.000000000000004,3.1587953567504883,2
444,graph_10_193,9,9,10,19,40.0,2,38.0,121.45550751686096,2
445,graph_10_194,9,9,10,33,31.999999999999694,2,29.999999999999694,15.652350902557373,2
446,graph_10_195,9,9,10,29,35.9999928007398,3,32.99999910000007,36.3258798122406,2
447,graph_10_196,9,9,10,18,19.999999999999858,2,17.99999999999993,1.9536361694335938,2
448,graph_10_197,9,9,10,17,25.999999999999886,4,21.999999999999886,3.451434850692749,2
449,graph_10_198,9,9,10,21,31.999999999999595,3,28.999999999999595,11.504669904708862,2
450,graph_10_199,9,9,10,27,36.99999999999917,2,34.99999999999917,49.478435039520264,2
451,graph_10_200,9,9,10,21,40.99999999999922,7,33.99999999999922,21.111698865890503,2
452,graph_10_201,9,9,10,27,39.999999999999545,3,36.999999999999545,76.67729926109314,2
453,graph_10_202,9,9,10,36,45.0,2,43.0,300.4220292568207,9
454,graph_10_203,9,9,10,25,31.0,6,25.0,9.901435852050781,2
455,graph_10_204,9,9,10,25,26.9999999999996,4,22.999999999999755,3.4445738792419434,2
456,graph_10_205,9,9,10,15,39.0,9,30.0,5.827826023101807,2
457,graph_10_206,9,9,9,19,32.99999914399048,5,28.0,4.012285947799683,2
458,graph_10_207,9,9,10,26,39.99999999999956,5,34.99999999999956,81.07189178466797,2
459,graph_10_208,9,9,10,36,40.0,2,38.0,133.13687443733215,2
460,graph_10_209,9,9,10,34,31.999999999999797,2,29.999999999999872,25.01131796836853,2
461,graph_10_210,9,9,10,35,43.0,5,38.0,189.6452386379242,2
462,graph_10_211,9,9,10,37,33.999999527776154,1,32.99999976388853,48.91286659240723,2
463,graph_10_212,9,9,10,22,48.00000000000001,10,38.00000000000001,33.52350401878357,2
464,graph_10_213,9,9,10,32,44.00000000000003,1,43.00000000000006,287.6098508834839,2
465,graph_10_214,9,9,10,31,33.0,2,31.0,33.83492636680603,2
466,graph_10_215,9,9,10,25,32.99999999999999,6,26.999999999999996,4.695540428161621,2
467,graph_10_216,9,9,10,27,61.99999999999808,13,48.99999999999872,274.02916264533997,2
468,graph_10_217,9,9,10,26,47.99999999999988,9,39.00000000000005,119.13143348693848,2
469,graph_10_218,9,9,10,24,43.0,8,35.0,33.27544140815735,2
470,graph_10_219,9,9,10,21,38.99999999999985,10,28.99999999999985,5.678509950637817,2
471,graph_10_220,9,9,10,34,41.9999999920957,4,37.999999916666184,144.89210104942322,2
472,graph_10_221,9,9,10,28,51.99999999999997,9,42.99999999999997,194.63204860687256,2
473,graph_10_222,9,9,10,26,60.99999999999923,12,48.999999999999496,197.07954835891724,2
474,graph_10_223,9,9,10,45,49.99999999999941,7,43.0000000000022,300.3370509147644,9
475,graph_10_224,9,9,10,31,43.0,6,37.0,11.211475372314453,2
476,graph_10_225,9,9,10,33,64.00000000000041,7,57.000000000000405,300.5608375072479,9
477,graph_10_226,9,9,10,48,59.99999999999998,7,53.00000000000027,300.4784290790558,9
478,graph_10_227,9,9,10,42,55.999995090908946,7,48.9999999999998,300.2203903198242,9
479,graph_10_228,9,9,10,27,45.0,7,38.0,37.7310791015625,2
480,graph_10_229,9,9,10,30,42.0,4,38.0,65.1725697517395,2
481,graph_10_230,9,9,10,35,69.99999940018046,16,54.000000000001876,300.20317912101746,9
482,graph_10_231,9,9,10,41,56.99999999999919,8,48.99999999999943,300.26878666877747,9
483,graph_10_232,9,9,10,50,61.0,10,51.0,300.2978889942169,9
484,graph_10_233,9,9,10,44,66.99999999999906,7,59.999999999999055,300.0953178405762,9
485,graph_10_234,9,9,10,39,69.99999999999957,8,61.99999999999959,300.3221607208252,9
486,graph_10_235,9,9,10,34,60.9999999999994,8,53.00000000000051,300.3723328113556,9
487,graph_10_236,9,9,10,55,85.00000000000054,13,72.00000000000094,300.4526550769806,9
488,graph_10_237,9,9,10,40,60.999999999998664,5,55.99999999999958,300.413202047348,9
489,graph_10_238,9,9,10,43,70.0,14,56.0,300.3529922962189,9
490,graph_10_239,9,9,10,42,68.00000000000058,13,55.00000000000071,300.39775037765503,9
491,graph_10_240,9,9,10,49,74.99999999999903,11,63.999999999999474,300.49029421806335,9
492,graph_10_241,9,9,10,50,76.00000000000001,13,63.0,300.2512888908386,9
493,graph_10_242,9,9,10,38,75.00000000000098,15,60.000000000001094,300.4512209892273,9
494,graph_10_243,9,9,10,41,97.0000000000002,16,81.00000000000023,300.51880836486816,9
495,graph_10_244,9,9,10,50,88.99999999999861,11,77.99999999999861,300.38969469070435,9
496,graph_10_245,9,9,10,40,88.0,12,76.0,300.2468829154968,9
497,graph_10_246,9,9,10,64,87.99999999999947,11,76.99999999999996,300.28744626045227,9
498,graph_10_247,9,9,10,57,115.99999999999888,16,99.99999999999956,300.289431810379,9
499,graph_10_248,9,9,10,46,83.99999999999994,15,69.0,300.2298831939697,9
500,graph_10_249,9,9,10,56,109.0000000000005,21,88.00000000000094,300.13191413879395,9
501,graph_15_0,9,9,14,16,10.99999999999999,0,10.99999999999999,1.6135778427124023,2
502,graph_15_1,9,9,13,15,13.99999999999989,3,10.99999999999989,1.6968121528625488,2
503,graph_15_2,9,9,14,21,10.0,0,10.0,1.6051852703094482,2
504,graph_15_3,9,9,13,18,12.999999999999847,1,11.999999999999924,1.612076997756958,2
505,graph_15_4,9,9,13,17,15.9999999999999,1,14.99999999999995,2.3551228046417236,2
506,graph_15_5,9,9,15,20,8.999999999999972,0,8.999999999999972,1.7372450828552246,2
507,graph_15_6,9,9,14,15,7.999999999999971,1,7.0,1.394169569015503,2
508,graph_15_7,9,9,14,22,12.999999625000033,0,12.999999625000312,2.3480801582336426,2
509,graph_15_8,9,9,15,19,11.999999562500044,0,12.000000000000028,2.3197579383850098,2
510,graph_15_9,9,9,13,23,16.99999999999949,1,15.99999999999949,2.8742775917053223,2
511,graph_15_10,9,9,13,19,14.0,0,14.0,2.248300313949585,2
512,graph_15_11,9,9,14,18,11.0,1,10.0,1.5221881866455078,2
513,graph_15_12,9,9,15,22,12.0,0,12.0,3.196805000305176,2
514,graph_15_13,9,9,13,22,14.99999999999983,0,15.000000000000158,2.529822826385498,2
515,graph_15_14,9,9,14,19,16.99999999999919,1,16.0,2.3795177936553955,2
516,graph_15_15,9,9,15,22,16.0,1,15.0,3.023056983947754,2
517,graph_15_16,9,9,13,15,17.99999999999991,5,12.99999999999991,1.7407619953155518,2
518,graph_15_17,9,9,12,20,16.00000000000006,1,15.000000000000117,1.9122934341430664,2
519,graph_15_18,9,9,15,19,11.0,0,11.0,1.8948173522949219,2
520,graph_15_19,9,9,13,15,18.999999999999908,3,15.99999999999991,1.8628230094909668,2
521,graph_15_20,9,9,14,21,13.999999999999986,2,12.00000000000049,2.349949836730957,2
522,graph_15_21,9,9,14,30,21.0,1,20.0,19.851913690567017,2
523,graph_15_22,9,9,13,18,16.0,1,15.0,2.2783360481262207,2
524,graph_15_23,9,9,13,15,22.999999999999993,4,19.0,2.725764513015747,2
525,graph_15_24,9,9,15,20,13.0,1,12.0,1.8216524124145508,2
526,graph_15_25,9,9,13,15,13.0,1,12.0,1.6854283809661865,2
527,graph_15_26,9,9,13,16,15.999999999999828,2,13.999999999999885,1.8542413711547852,2
528,graph_15_27,9,9,14,16,14.999999999999968,1,13.999999999999968,1.7369422912597656,2
529,graph_15_28,9,9,15,21,11.999999999999844,0,11.999999999999863,1.722170114517212,2
530,graph_15_29,9,9,14,17,11.999999999999927,0,11.999999999999927,1.936356782913208,2
531,graph_15_30,9,9,14,24,15.000000000000002,1,14.00000000000001,2.183847427368164,2
532,graph_15_31,9,9,13,19,18.000000000000043,1,17.000000000000153,2.2453701496124268,2
533,graph_15_32,9,9,15,18,11.0,0,11.0,1.7606937885284424,2
534,graph_15_33,9,9,14,22,18.99999999999988,2,16.99999999999988,2.285522222518921,2
535,graph_15_34,9,9,14,19,15.000000000000009,1,14.000000000000004,2.539252996444702,2
536,graph_15_35,9,9,12,21,21.0,2,19.000000000000004,3.423661708831787,2
537,graph_15_36,9,9,14,20,14.0,2,12.000000000000036,1.6716508865356445,2
538,graph_15_37,9,9,13,20,16.999999999999893,0,16.999999999999922,3.746088743209839,2
539,graph_15_38,9,9,14,16,21.999999999999975,3,19.00000000000013,4.907311201095581,2
540,graph_15_39,9,9,15,17,13.000000000000092,0,13.000000000000092,1.993622064590454,2
541,graph_15_40,9,9,14,22,17.999999999999996,2,15.999999999999996,2.7347829341888428,2
542,graph_15_41,9,9,14,17,17.999999999999943,2,15.999999999999941,3.2497589588165283,2
543,graph_15_42,9,9,15,23,13.000000000000002,0,13.000000000000002,3.011979579925537,2
544,graph_15_43,9,9,13,18,17.999999999999787,2,15.99999999999979,2.3844923973083496,2
545,graph_15_44,9,9,14,16,26.0,6,20.0,4.732059717178345,2
546,graph_15_45,9,9,14,24,18.0,0,18.0,2.988621711730957,2
547,graph_15_46,9,9,14,23,23.0,3,20.0,5.3985419273376465,2
548,graph_15_47,9,9,14,24,11.0,0,11.0,1.6180915832519531,2
549,graph_15_48,9,9,14,17,14.999999529411767,2,12.999999529411763,2.542762517929077,2
550,graph_15_49,9,9,13,17,19.0,2,17.0,2.5692200660705566,2
551,graph_15_50,9,9,14,19,17.0,1,16.0,2.6592531204223633,2
552,graph_15_51,9,9,15,18,17.999999999999847,2,15.999999999999847,2.4115042686462402,2
553,graph_15_52,9,9,14,19,19.999999999999666,1,18.999999999999666,2.6650006771087646,2
554,graph_15_53,9,9,14,20,11.0,0,11.0,1.4791841506958008,2
555,graph_15_54,9,9,13,20,16.99999999999997,2,14.999999999999972,1.8663249015808105,2
556,graph_15_55,9,9,13,22,21.0,1,20.0,3.1342625617980957,2
557,graph_15_56,9,9,15,22,20.99999999999996,0,20.99999999999996,3.720158576965332,2
558,graph_15_57,9,9,14,19,21.99999992307907,4,18.00000000000007,2.768942356109619,2
559,graph_15_58,9,9,15,18,23.999999999999797,6,17.999999999999797,2.963020086288452,2
560,graph_15_59,9,9,14,20,21.00000000000001,2,19.000000000000213,3.9120354652404785,2
561,graph_15_60,9,9,15,25,18.999999983333332,0,18.99999999666667,7.774945497512817,2
562,graph_15_61,9,9,14,25,26.999999999999744,3,23.999999999999744,16.14139437675476,2
563,graph_15_62,9,9,14,22,24.0,0,24.000000000000007,11.984260320663452,2
564,graph_15_63,9,9,13,24,23.0,3,20.0,5.879579544067383,2
565,graph_15_64,9,9,14,21,14.999999999999707,0,14.999999999999721,2.4641759395599365,2
566,graph_15_65,9,9,15,21,16.999999999999925,0,16.999999999999925,2.9786646366119385,2
567,graph_15_66,9,9,15,19,20.99999999999943,1,19.99999999999943,3.3468077182769775,2
568,graph_15_67,9,9,14,19,18.999999999999975,3,15.999999999999975,2.7276153564453125,2
569,graph_15_68,9,9,14,19,24.0,4,20.0,3.5579793453216553,2
570,graph_15_69,9,9,15,21,18.0,2,16.000000000000004,4.0420942306518555,2
571,graph_15_70,9,9,15,18,19.99999999999999,3,16.999999999999993,2.5295820236206055,2
572,graph_15_71,9,9,15,18,21.0,4,17.0,2.4692800045013428,2
573,graph_15_72,9,9,15,24,17.99999999999993,2,15.999999999999954,2.4798247814178467,2
574,graph_15_73,9,9,15,18,19.999998989115525,3,16.999999019998928,2.13942551612854,2
575,graph_15_74,9,9,14,23,30.00000000000017,5,25.00000000000027,41.46607232093811,2
576,graph_15_75,9,9,15,21,18.99999999999975,0,19.000000000000043,3.3565492630004883,2
577,graph_15_76,9,9,15,21,24.999999999999243,4,21.00000000000034,12.11402440071106,2
578,graph_15_77,9,9,15,20,20.999999999999993,2,18.999999999999993,2.6744866371154785,2
579,graph_15_78,9,9,15,23,21.000000000000075,0,21.00000000000012,4.548356056213379,2
580,graph_15_79,9,9,14,18,29.0,8,21.0,3.466756820678711,2
581,graph_15_80,9,9,14,19,30.0,4,26.0,5.023231029510498,2
582,graph_15_81,9,9,15,24,18.0,4,14.0,2.1234147548675537,2
583,graph_15_82,9,9,13,23,35.99999999999939,7,28.99999999999939,9.097625494003296,2
584,graph_15_83,9,9,13,24,24.999999999999623,2,22.999999999999623,3.261740207672119,2
585,graph_15_84,9,9,14,24,17.999999999999844,1,16.999999999999844,2.5632991790771484,2
586,graph_15_85,9,9,13,26,21.999999999999925,2,20.000000000000075,3.2552006244659424,2
587,graph_15_86,9,9,15,27,26.0,5,21.000000000000007,26.142154216766357,2
588,graph_15_87,9,9,14,21,17.99999999999941,3,15.000000000000057,1.9033377170562744,2
589,graph_15_88,9,9,14,25,22.0,2,20.0,4.4743006229400635,2
590,graph_15_89,9,9,15,21,20.0,0,19.999999999999993,3.5858988761901855,2
591,graph_15_90,9,9,14,21,26.999999113636242,2,24.999999999999982,10.56274938583374,2
592,graph_15_91,9,9,15,26,23.0,2,21.0,3.8845067024230957,2
593,graph_15_92,9,9,15,18,20.0,2,18.0,2.094984769821167,2
594,graph_15_93,9,9,14,22,22.999999999999613,4,18.999999999999616,2.985936164855957,2
595,graph_15_94,9,9,14,28,20.99999999999995,0,20.99999999999995,4.39896559715271,2
596,graph_15_95,9,9,15,21,22.00000000000016,3,19.00000000000032,3.7590172290802,2
597,graph_15_96,9,9,13,25,29.9999999999998,5,25.000000000000803,13.538448572158813,2
598,graph_15_97,9,9,14,23,32.0,4,28.0,15.418899774551392,2
599,graph_15_98,9,9,13,21,28.99999999999956,4,24.999999999999563,8.244921922683716,2
600,graph_15_99,9,9,14,21,25.999999999999797,3,23.000000000000203,3.4793741703033447,2
601,graph_15_100,9,9,14,21,32.99999999999968,4,28.99999999999984,39.079500675201416,2
602,graph_15_101,9,9,15,23,24.999999999999652,3,21.999999999999773,2.8774681091308594,2
603,graph_15_102,9,9,15,20,29.00000000000005,5,24.00000000000005,7.85400652885437,2
604,graph_15_103,9,9,15,29,39.00000000000001,7,32.00000000000001,197.38178324699402,2
605,graph_15_104,9,9,13,22,18.999999999999865,1,17.999999999999957,2.45747971534729,2
606,graph_15_105,9,9,14,36,31.000000000000338,4,27.00000000000042,57.24822020530701,2
607,graph_15_106,9,9,15,25,30.99999999999929,4,26.99999999999929,40.35506224632263,2
608,graph_15_107,9,9,15,23,20.999999999999986,2,18.999999999999986,4.575314044952393,2
609,graph_15_108,9,9,13,25,30.999999999999282,2,28.999999999999275,15.600641965866089,2
610,graph_15_109,9,9,15,23,22.0000000000001,1,21.000000000000256,5.225371360778809,2
611,graph_15_110,9,9,14,18,42.0,7,35.0,26.189473867416382,2
612,graph_15_111,9,9,14,19,22.0,2,20.0,4.836093187332153,2
613,graph_15_112,9,9,14,19,27.00000000000002,3,24.000000000000096,7.1227617263793945,2
614,graph_15_113,9,9,14,22,24.99999999999983,3,21.99999999999983,5.804228782653809,2
615,graph_15_114,9,9,13,18,33.0,7,26.0,5.282699823379517,2
616,graph_15_115,9,9,14,24,21.999999999999687,2,20.000000000000128,4.165705442428589,2
617,graph_15_116,9,9,15,24,23.999999999999822,3,20.999999999999822,5.81123423576355,2
618,graph_15_117,9,9,15,30,29.999999999999968,3,26.99999999999997,39.04049038887024,2
619,graph_15_118,9,9,15,20,19.999999999999893,2,17.99999999999993,3.8762660026550293,2
620,graph_15_119,9,9,15,24,17.99999999999998,1,16.99999999999998,4.251023054122925,2
621,graph_15_120,9,9,15,28,36.0,5,31.0,49.5410578250885,2
622,graph_15_121,9,9,15,23,30.000000000000178,3,27.000000000000178,10.434597730636597,2
623,graph_15_122,9,9,15,31,23.00000000000007,2,21.000000000000142,9.00907015800476,2
624,graph_15_123,9,9,14,28,22.999999999999876,4,19.000000000000288,3.788137674331665,2
625,graph_15_124,9,9,14,23,30.0,4,26.0,13.838659524917603,2
626,graph_15_125,9,9,15,21,34.999999999999645,7,27.999999999999645,24.10367727279663,2
627,graph_15_126,9,9,13,27,38.99999999999752,3,35.999999999998714,106.55996513366699,2
628,graph_15_127,9,9,15,22,24.0,3,21.0,4.838901042938232,2
629,graph_15_128,9,9,15,23,38.0,2,36.0,131.36967492103577,2
630,graph_15_129,9,9,14,27,33.0,6,27.0,18.41177487373352,2
631,graph_15_130,9,9,13,28,36.000000000000114,5,31.000000000000178,31.581130743026733,2
632,graph_15_131,9,9,15,23,26.0,4,22.0,4.825896501541138,2
633,graph_15_132,9,9,13,25,39.99999499999759,2,38.0000009999995,90.13368844985962,2
634,graph_15_133,9,9,15,19,31.999999999999144,8,23.99999999999951,5.555967092514038,2
635,graph_15_134,9,9,14,21,41.0,11,30.0,16.951966047286987,2
636,graph_15_135,9,9,14,25,27.999999999999602,5,23.0,7.809980154037476,2
637,graph_15_136,9,9,15,23,28.0,4,24.0,6.092895269393921,2
638,graph_15_137,9,9,14,28,34.0,1,33.00000000000023,56.546058177948,2
639,graph_15_138,9,9,15,24,31.0,1,30.0,55.15813612937927,2
640,graph_15_139,9,9,12,30,40.99999999999996,4,37.00000000000004,109.56256055831909,2
641,graph_15_140,9,9,14,22,29.999999125000002,0,30.0,32.31012010574341,2
642,graph_15_141,9,9,15,22,19.999999999999954,2,17.999999999999954,2.8895046710968018,2
643,graph_15_142,9,9,15,23,34.00000000000008,6,28.00000000000012,25.452200651168823,2
644,graph_15_143,9,9,15,28,22.0,3,19.000000000000004,4.0163350105285645,2
645,graph_15_144,9,9,15,28,27.000000000000213,1,26.000000000000362,9.100614786148071,2
646,graph_15_145,9,9,15,22,32.00000000000002,8,24.000000000000032,14.038828611373901,2
647,graph_15_146,9,9,14,31,37.0,1,36.0,132.42739510536194,2
648,graph_15_147,9,9,15,23,28.999999999999954,4,24.999999999999954,7.134945392608643,2
649,graph_15_148,9,9,14,21,42.999999999999204,10,32.999999999999204,22.44002866744995,2
650,graph_15_149,9,9,15,19,27.00000000000012,3,24.00000000000017,4.900958061218262,2
651,graph_15_150,9,9,15,21,34.999999999999986,9,26.000000000000014,11.77667498588562,2
652,graph_15_151,9,9,14,30,37.99999999999895,6,32.000000000000064,45.72578406333923,2
653,graph_15_152,9,9,15,24,31.000000000000142,3,28.00000000000063,15.605378150939941,2
654,graph_15_153,9,9,14,30,27.99999999999992,1,26.99999999999992,36.899370431900024,2
655,graph_15_154,9,9,14,27,33.0,3,30.0,25.979573965072632,2
656,graph_15_155,9,9,15,24,36.0,7,29.0,54.935240507125854,2
657,graph_15_156,9,9,15,26,29.999999999999986,3,26.999999999999993,16.062339067459106,2
658,graph_15_157,9,9,15,25,40.00000000000014,5,35.00000000000014,80.02464604377747,2
659,graph_15_158,9,9,15,24,43.00000000000001,5,38.000000000000014,127.35250997543335,2
660,graph_15_159,9,9,15,25,29.99999999999995,4,25.99999999999997,7.846255540847778,2
661,graph_15_160,9,9,15,24,36.0,3,33.0,20.16477060317993,2
662,graph_15_161,9,9,15,31,34.99999999999994,6,29.000000000000192,49.692296743392944,2
663,graph_15_162,9,9,15,24,30.99999980767619,4,27.000000000000018,10.150861501693726,2
664,graph_15_163,9,9,15,26,24.999999999999986,3,22.00000000000006,3.9264326095581055,2
665,graph_15_164,9,9,14,21,29.0,2,27.0,6.1245598793029785,2
666,graph_15_165,9,9,15,25,44.0,11,33.0,29.77370524406433,2
667,graph_15_166,9,9,14,32,38.00000000000001,1,37.0,96.86843395233154,2
668,graph_15_167,9,9,15,19,46.0,11,35.0,11.499958038330078,2
669,graph_15_168,9,9,15,20,33.0,5,28.000000000000373,4.145287275314331,2
670,graph_15_169,9,9,14,27,37.999999999999886,7,30.999999999999893,22.29381823539734,2
671,graph_15_170,9,9,15,23,36.99999999999999,6,31.000000000000004,14.812760591506958,2
672,graph_15_171,9,9,15,27,60.00000000000004,10,50.00000000000007,300.2489643096924,9
673,graph_15_172,9,9,15,34,53.0,4,49.0,300.4307231903076,9
674,graph_15_173,9,9,15,26,48.0,11,37.0,49.74433374404907,2
675,graph_15_174,9,9,15,30,44.00000000000014,5,39.000000000000156,37.767860412597656,2
676,graph_15_175,9,9,15,23,68.0,14,54.0,300.2312157154083,9
677,graph_15_176,9,9,15,28,42.999999999999176,10,33.0,50.589181423187256,2
678,graph_15_177,9,9,15,33,48.0,9,39.0,116.46424198150635,2
679,graph_15_178,9,9,15,27,46.00000000000031,6,40.00000000000057,50.80139183998108,2
680,graph_15_179,9,9,15,30,52.00000000000048,10,42.00000000000083,162.25791883468628,2
681,graph_15_180,9,9,14,28,57.999999761904746,10,48.000000000000085,104.66075205802917,2
682,graph_15_181,9,9,15,36,50.99999999999998,6,45.00000000000007,300.39987993240356,9
683,graph_15_182,9,9,15,28,38.0,5,33.0,16.708924531936646,2
684,graph_15_183,9,9,15,26,43.0,11,32.000000000000114,14.820486783981323,2
685,graph_15_184,9,9,15,34,72.99999954166513,12,61.00000009166802,300.1944444179535,9
686,graph_15_185,9,9,14,32,47.99999999999977,9,38.999999999999766,35.167490005493164,2
687,graph_15_186,9,9,15,31,74.00000000000003,11,63.000000000000014,300.30078411102295,9
688,graph_15_187,9,9,15,21,65.99999549999971,17,48.999997300000075,238.59247469902039,2
689,graph_15_188,9,9,15,24,51.0,13,38.0,84.81679368019104,2
690,graph_15_189,9,9,15,28,62.99999999999994,14,49.0,300.32141494750977,9
691,graph_15_190,9,9,15,31,74.00000000000006,13,61.00000000000006,300.50167322158813,9
692,graph_15_191,9,9,15,28,71.0,15,56.0,300.53459429740906,9
693,graph_15_192,9,9,15,27,72.0,19,53.0,202.00422406196594,2
694,graph_15_193,9,9,15,28,54.99999999999947,10,44.99999999999946,97.73950147628784,2
695,graph_15_194,9,9,15,27,78.99999999999963,14,64.99999999999963,300.8091547489166,9
696,graph_15_195,9,9,15,38,49.99999912500421,10,40.00000000000027,290.6901752948761,2
697,graph_15_196,9,9,14,28,76.99999999999909,18,58.99999999999909,300.34123635292053,9
698,graph_15_197,9,9,15,33,72.0,9,63.0,300.4729778766632,9
699,graph_15_198,9,9,15,43,60.99999999999999,9,52.00000000000016,300.44468665122986,9
700,graph_15_199,9,9,14,41,67.0,14,53.00000000000001,300.64080286026,9
701,graph_15_200,9,9,15,39,75.00000000000038,10,65.0000000000004,300.2312617301941,9
702,graph_15_201,9,9,15,34,72.99999999999943,10,62.99999999999965,300.4291236400604,9
703,graph_15_202,9,9,15,33,61.000000000000824,16,45.00000000000115,137.56065106391907,2
704,graph_15_203,9,9,15,46,63.999999999999595,6,58.0,300.4082543849945,9
705,graph_15_204,9,9,15,30,72.99999545454506,15,57.99999636363666,300.183482170105,9
706,graph_15_205,9,9,15,33,61.99999999999991,9,52.99999999999993,226.07343649864197,2
707,graph_15_206,9,9,15,39,87.0,19,68.0,300.2208273410797,9
708,graph_15_207,9,9,15,38,59.99999025153157,6,53.99999823388948,300.18301916122437,9
709,graph_15_208,9,9,15,43,78.00000000000043,11,67.0000000000006,300.3486559391022,9
710,graph_15_209,9,9,15,45,86.00000000000018,11,75.00000000000053,300.4015197753906,9
711,graph_15_210,9,9,15,33,75.0,18,57.0,300.34584522247314,9
712,graph_15_211,9,9,15,34,89.0000000000002,23,66.00000000000024,300.2153720855713,9
713,graph_15_212,9,9,15,40,64.00000000000017,10,54.000000000000256,264.9085524082184,2
714,graph_15_213,9,9,15,35,84.99998844469206,14,70.9999973333329,300.30177569389343,9
715,graph_15_214,9,9,15,33,66.0,18,48.0,198.3666479587555,2
716,graph_15_215,9,9,15,41,102.99999999999999,16,87.0,300.29794692993164,9
717,graph_15_216,9,9,15,39,102.99999999999997,21,81.99999999999997,300.1900587081909,9
718,graph_15_217,9,9,15,46,81.00000000000001,16,65.00000000000003,300.1611385345459,9
719,graph_15_218,9,9,15,45,115.99999999999797,24,91.9999999999989,300.21317768096924,9
720,graph_15_219,9,9,15,35,88.00000000000026,21,67.00000000000028,300.29623436927795,9
721,graph_15_220,9,9,15,44,94.00000000000023,17,77.00000000000043,300.2655212879181,9
722,graph_15_221,9,9,15,49,86.00000000000128,15,71.00000000000165,300.1495695114136,9
723,graph_15_222,9,9,15,49,145.00000000000074,34,111.00000000000074,300.2432997226715,9
724,graph_15_223,9,9,15,51,137.99999830769232,18,119.99999830769237,300.18351221084595,9
725,graph_15_224,9,9,15,49,85.99999999999949,9,76.99999999999996,300.2256453037262,9
726,graph_15_225,9,9,14,51,122.0,21,101.0,300.5352461338043,9
727,graph_15_226,9,9,15,51,109.99999908888333,24,86.0,300.1938261985779,9
728,graph_15_227,9,9,15,68,93.99999999999928,11,83.00000000000043,300.2575218677521,9
729,graph_15_228,9,9,15,42,127.0000000000015,38,89.00000000000188,300.47888588905334,9
730,graph_15_229,9,9,15,47,114.0,25,89.0,300.321177482605,9
731,graph_15_230,9,9,15,57,134.99999999999997,24,111.00000000000003,300.30405282974243,9
732,graph_15_231,9,9,15,49,114.99999999999989,16,98.99999999999991,300.1838548183441,9
733,graph_15_232,9,9,15,48,144.0000000000004,30,114.00000000000172,300.3730652332306,9
734,graph_15_233,9,9,15,64,97.0,14,83.00000000000041,300.3864562511444,9
735,graph_15_234,9,9,15,50,133.00000000000009,19,114.00000000000017,300.2228727340698,9
736,graph_15_235,9,9,15,75,112.99999999999945,19,94.00000000000037,300.22144961357117,9
737,graph_15_236,9,9,15,54,167.0,30,137.0,300.2933521270752,9
738,graph_15_237,9,9,15,48,115.99999999999906,26,89.9999999999991,300.27959752082825,9
739,graph_15_238,9,9,15,63,138.00000000000156,21,117.00000000000237,300.3511531352997,9
740,graph_15_239,9,9,15,67,146.99999999999935,28,118.99999999999937,300.95904541015625,9
741,graph_15_240,9,9,15,66,172.0000000000004,26,146.0000000000004,300.2952170372009,9
742,graph_15_241,9,9,15,46,158.99999999999997,35,123.99999999999997,300.44531059265137,9
743,graph_15_242,9,9,15,96,154.99999999999977,25,130.00000000000023,300.38207364082336,9
744,graph_15_243,9,9,15,73,158.00000000000128,31,127.00000000000138,300.2689263820648,9
745,graph_15_244,9,9,15,79,186.00000000000026,32,154.00000000000034,300.3679823875427,9
746,graph_15_245,9,9,15,98,222.99999999999423,39,184.0000000000008,300.44426131248474,9
747,graph_15_246,9,9,15,63,182.00000000000085,35,147.0000000000013,300.3724112510681,9
748,graph_15_247,9,9,15,64,232.0,47,185.0,300.34509015083313,9
749,graph_15_248,9,9,15,101,255.9999999999991,58,197.9999999999991,300.43273639678955,9
750,graph_15_249,9,9,15,74,255.99999999999937,54,201.99999999999935,300.43601155281067,9
751,graph_20_0,9,9,18,21,21.0,4,17.0,8.790477752685547,2
752,graph_20_1,9,9,19,21,12.999999999999961,0,12.999999999999961,3.490051031112671,2
753,graph_20_2,9,9,20,22,15.999999999999968,2,13.999999999999968,3.2340281009674072,2
754,graph_20_3,9,9,17,23,16.000000000000046,1,15.00000000000005,3.10388445854187,2
755,graph_20_4,9,9,17,20,19.0,0,19.0,4.203606843948364,2
756,graph_20_5,9,9,17,25,14.0,2,12.0,0.15094470977783203,2
757,graph_20_6,9,9,18,26,17.999999999999854,1,16.999999999999858,3.517500162124634,2
758,graph_20_7,9,9,17,20,17.99999999999975,2,15.999999999999751,2.35306453704834,2
759,graph_20_8,9,9,18,21,14.999999999999979,1,13.999999999999979,2.7874417304992676,2
760,graph_20_9,9,9,20,29,16.999999999999954,2,14.999999999999954,4.414729833602905,2
761,graph_20_10,9,9,19,29,22.0,0,22.0,19.765470504760742,2
762,graph_20_11,9,9,19,24,20.99999999999918,1,20.000000000000128,10.274787902832031,2
763,graph_20_12,9,9,18,21,25.999999999999254,3,22.999999999999254,7.684643983840942,2
764,graph_20_13,9,9,19,27,31.999999999999986,3,29.0,94.12389969825745,2
765,graph_20_14,9,9,20,24,24.999999999999897,0,25.000000000000128,29.259483814239502,2
766,graph_20_15,9,9,18,26,31.99999954455447,1,31.0,104.27865052223206,2
767,graph_20_16,9,9,18,21,18.999999999999947,2,16.999999999999947,3.302828550338745,2
768,graph_20_17,9,9,18,22,16.0,2,14.0,2.4954144954681396,2
769,graph_20_18,9,9,18,23,22.000000000000043,3,19.00000000000007,5.874606132507324,2
770,graph_20_19,9,9,17,29,23.0,0,23.0,11.477933883666992,2
771,graph_20_20,9,9,17,24,22.99999999999966,0,22.999999999999908,10.84377908706665,2
772,graph_20_21,9,9,17,24,31.999996705006744,5,26.999998112647255,93.67121005058289,2
773,graph_20_22,9,9,19,25,19.99999999999936,2,17.99999999999936,4.808836460113525,2
774,graph_20_23,9,9,20,24,14.999999999999996,1,14.0,3.7062230110168457,2
775,graph_20_24,9,9,17,26,34.0,4,30.0,76.75308752059937,2
776,graph_20_25,9,9,19,28,14.000000000000002,0,14.0,2.070740222930908,2
777,graph_20_26,9,9,20,24,17.999999999999712,2,15.999999999999714,4.089176416397095,2
778,graph_20_27,9,9,20,24,18.999999999999723,0,18.99999999999986,6.987988471984863,2
779,graph_20_28,9,9,18,25,22.99999999999997,2,20.99999999999997,5.377518177032471,2
780,graph_20_29,9,9,18,25,24.999999999999396,1,23.999999999999396,6.560283899307251,2
781,graph_20_30,9,9,19,24,19.0,0,19.0,3.656585454940796,2
782,graph_20_31,9,9,17,23,33.00000000000006,4,29.000000000000068,54.43098521232605,2
783,graph_20_32,9,9,17,26,32.99999999999946,7,25.99999999999946,20.472686290740967,2
784,graph_20_33,9,9,17,24,28.999999999999837,4,24.999999999999943,12.42505693435669,2
785,graph_20_34,9,9,16,25,21.99999999999982,0,22.000000000000064,5.340868711471558,2
786,graph_20_35,9,9,19,30,20.000000000000025,1,19.000000000000025,6.283130645751953,2
787,graph_20_36,9,9,18,31,25.000000000000004,4,21.000000000000007,10.599963188171387,2
788,graph_20_37,9,9,18,24,32.00000000000005,4,28.000000000000046,65.67035627365112,2
789,graph_20_38,9,9,19,34,22.0,1,21.0,12.005239486694336,2
790,graph_20_39,9,9,18,24,22.999999999999755,2,20.999999999999755,7.280788421630859,2
791,graph_20_40,9,9,16,31,38.0,5,33.0,87.37997460365295,2
792,graph_20_41,9,9,20,27,20.000000000000043,0,20.00000000000006,6.31073784828186,2
793,graph_20_42,9,9,18,28,27.99999999999957,1,26.999999999999574,11.810459852218628,2
794,graph_20_43,9,9,20,25,32.0,6,25.99999999999997,24.1122784614563,2
795,graph_20_44,9,9,19,25,29.00000000000031,6,23.0000000000005,5.8943376541137695,2
796,graph_20_45,9,9,18,30,29.000000000000075,3,26.000000000000085,54.99844288825989,2
797,graph_20_46,9,9,17,30,24.999999999999773,3,21.999999999999776,9.933014154434204,2
798,graph_20_47,9,9,19,24,25.999999363636306,4,22.0,15.412895441055298,2
799,graph_20_48,9,9,18,30,22.99999999999976,2,20.99999999999976,12.467646598815918,2
800,graph_20_49,9,9,19,23,38.0,10,28.0,14.228559255599976,2
801,graph_20_50,9,9,20,31,37.99999999999865,3,35.00000000000079,300.77418422698975,9
802,graph_20_51,9,9,19,25,25.999999019762853,2,24.000000000000007,22.911296606063843,2
803,graph_20_52,9,9,19,26,25.00000000000016,3,22.00000000000016,9.995812892913818,2
804,graph_20_53,9,9,18,22,32.000000000000014,5,27.000000000000085,16.826216459274292,2
805,graph_20_54,9,9,19,28,28.0,4,24.000000000000128,27.425535678863525,2
806,graph_20_55,9,9,19,27,25.999999999998998,2,23.999999999998998,13.210754871368408,2
807,graph_20_56,9,9,19,27,34.00000000000012,2,32.000000000000156,146.86143612861633,2
808,graph_20_57,9,9,18,24,35.0,1,34.0,169.72816514968872,2
809,graph_20_58,9,9,20,30,33.00000000000023,4,29.00000000000024,45.339462995529175,2
810,graph_20_59,9,9,19,29,47.99999999999998,5,43.00000000000002,300.5514793395996,9
811,graph_20_60,9,9,19,29,31.999999999999588,1,30.999999999999588,75.129723072052,2
812,graph_20_61,9,9,20,23,27.99999999999949,5,22.999999999999957,9.010228157043457,2
813,graph_20_62,9,9,16,28,42.0,5,37.0,38.56054902076721,2
814,graph_20_63,9,9,19,33,29.00000000000007,3,26.000000000000085,57.71154236793518,2
815,graph_20_64,9,9,19,28,24.999999999999975,3,22.00000000000004,8.314105749130249,2
816,graph_20_65,9,9,19,25,31.0,6,25.0,25.643331289291382,2
817,graph_20_66,9,9,18,25,30.999999999999126,4,26.999999999999126,20.91579532623291,2
818,graph_20_67,9,9,19,28,21.999999999999872,2,20.000000000000135,3.518777847290039,2
819,graph_20_68,9,9,19,31,31.000000000000195,2,29.000000000000377,89.64924502372742,2
820,graph_20_69,9,9,18,23,44.0,11,33.00000000000001,86.7611825466156,2
821,graph_20_70,9,9,19,29,25.999998470587844,2,23.999998470588604,30.105907440185547,2
822,graph_20_71,9,9,18,33,34.99999999999998,3,31.99999999999998,57.07286477088928,2
823,graph_20_72,9,9,19,26,32.00000000000012,5,27.00000000000024,21.435769081115723,2
824,graph_20_73,9,9,20,30,42.00000000000012,5,37.00000000000012,131.44027066230774,2
825,graph_20_74,9,9,20,22,44.99999999999971,15,30.0,13.130656957626343,2
826,graph_20_75,9,9,17,40,37.999999999999986,7,31.0,86.82158160209656,2
827,graph_20_76,9,9,17,25,48.0000000000003,7,41.000000000000455,253.6253855228424,2
828,graph_20_77,9,9,19,23,45.0,10,35.0,71.8170838356018,2
829,graph_20_78,9,9,19,29,33.99999917460326,5,29.000000000000163,97.45139932632446,2
830,graph_20_79,9,9,20,29,28.99999999999926,4,24.99999999999926,21.341752529144287,2
831,graph_20_80,9,9,19,32,27.0,3,24.0,21.82783532142639,2
832,graph_20_81,9,9,18,22,32.0,6,26.0,10.7781662940979,2
833,graph_20_82,9,9,18,28,36.99999999999961,4,33.00000000000058,34.97551441192627,2
834,graph_20_83,9,9,19,24,36.99999999999854,7,29.99999999999951,30.720736742019653,2
835,graph_20_84,9,9,19,31,43.0,2,41.0,300.48426365852356,9
836,graph_20_85,9,9,20,25,33.00000000000004,7,26.00000000000005,24.472792387008667,2
837,graph_20_86,9,9,18,34,33.0,3,30.0,47.35035681724548,2
838,graph_20_87,9,9,19,28,37.0,5,32.00000000000001,31.21743154525757,2
839,graph_20_88,9,9,19,31,40.99999999999866,4,36.99999999999866,300.4418408870697,9
840,graph_20_89,9,9,19,28,29.0,4,25.0,21.961875438690186,2
841,graph_20_90,9,9,19,28,47.0,8,39.0,202.9937608242035,2
842,graph_20_91,9,9,18,31,42.99999999999933,8,34.99999999999977,131.42128610610962,2
843,graph_20_92,9,9,20,31,38.0,6,32.0,155.47452545166016,2
844,graph_20_93,9,9,20,34,31.0,5,26.0,65.49188685417175,2
845,graph_20_94,9,9,18,28,52.00000000000001,11,41.00000000000001,300.48315024375916,9
846,graph_20_95,9,9,20,32,30.0,3,27.0,48.58713936805725,2
847,graph_20_96,9,9,16,29,47.0,8,39.0,187.22323179244995,2
848,graph_20_97,9,9,19,37,45.0,7,38.0,300.2037353515625,9
849,graph_20_98,9,9,19,29,44.0,10,34.00000000000001,157.57702255249023,2
850,graph_20_99,9,9,19,26,35.00000000000009,3,32.0000000000003,18.1469144821167,2
851,graph_20_100,9,9,20,31,27.0,1,26.0,24.057185411453247,2
852,graph_20_101,9,9,19,32,40.99999999999915,6,35.00000000000055,71.41210055351257,2
853,graph_20_102,9,9,17,31,55.999999559830734,8,48.000000088889074,300.6537265777588,9
854,graph_20_103,9,9,20,35,34.99999999999944,4,30.99999999999944,79.68232893943787,2
855,graph_20_104,9,9,19,34,28.999999999999872,2,26.99999999999987,23.498907327651978,2
856,graph_20_105,9,9,20,40,34.00000000000007,2,32.00000000000008,96.6703290939331,2
857,graph_20_106,9,9,18,31,54.0000000000001,9,45.000000000000156,122.19358325004578,2
858,graph_20_107,9,9,18,34,54.999999999999964,8,47.0,300.30994510650635,9
859,graph_20_108,9,9,18,25,46.0,14,32.0,10.031573057174683,2
860,graph_20_109,9,9,18,36,54.000000000000114,6,48.00000000000015,300.22899198532104,9
861,graph_20_110,9,9,19,36,43.000000000000185,6,37.00000000000051,300.4495928287506,9
862,graph_20_111,9,9,19,24,39.00000000000004,6,33.000000000000064,28.527550220489502,2
863,graph_20_112,9,9,17,34,46.00000000000001,6,40.0,213.24763751029968,2
864,graph_20_113,9,9,19,35,58.99999899999948,5,54.00000025000066,300.44392919540405,9
865,graph_20_114,9,9,20,27,37.0,6,31.0,56.3223032951355,2
866,graph_20_115,9,9,18,34,58.000000000000206,8,50.00000000000017,300.37450551986694,9
867,graph_20_116,9,9,20,25,43.0,8,35.0,70.13653087615967,2
868,graph_20_117,9,9,20,28,35.99999999999994,4,32.0,61.05737853050232,2
869,graph_20_118,9,9,19,28,39.0,5,34.0,78.23776650428772,2
870,graph_20_119,9,9,18,48,37.000000000000114,2,35.00000000000024,136.34678959846497,2
871,graph_20_120,9,9,19,23,54.0,7,47.0,300.2737786769867,9
872,graph_20_121,9,9,17,32,41.0,6,35.000000000000114,83.54393768310547,2
873,graph_20_122,9,9,19,36,34.0,3,31.0,28.024630069732666,2
874,graph_20_123,9,9,20,36,44.0,6,38.0,246.73404574394226,2
875,graph_20_124,9,9,20,30,33.99999999999926,6,28.000000000000554,11.98634147644043,2
876,graph_20_125,9,9,20,32,49.99998999999949,8,41.99999800000009,300.44058299064636,9
877,graph_20_126,9,9,20,37,38.99999974999999,2,36.99999974999999,178.55766439437866,2
878,graph_20_127,9,9,19,29,41.99999911197101,9,33.00000000000038,62.985328912734985,2
879,graph_20_128,9,9,20,29,38.00000000000005,8,30.00000000000011,46.74886202812195,2
880,graph_20_129,9,9,18,26,51.99999730000034,12,39.99999820000042,67.57258629798889,2
881,graph_20_130,9,9,20,35,35.00000000000003,3,32.000000000000036,61.262089252471924,2
882,graph_20_131,9,9,20,47,31.000000000000007,2,29.000000000000014,43.26399207115173,2
883,graph_20_132,9,9,19,31,48.0,6,42.0,158.60722184181213,2
884,graph_20_133,9,9,19,34,45.0,7,38.0,45.447726011276245,2
885,graph_20_134,9,9,19,35,40.99999730000005,6,34.99999730000005,110.03169298171997,2
886,graph_20_135,9,9,20,30,53.00000000000024,15,38.00000000000054,90.01420068740845,2
887,graph_20_136,9,9,19,26,75.9999999999962,21,54.99999999999855,300.26396131515503,9
888,graph_20_137,9,9,18,32,43.0,3,40.0,227.5666241645813,2
889,graph_20_138,9,9,19,36,39.000000000000085,5,34.00000000000035,102.35619568824768,2
890,graph_20_139,9,9,19,43,56.99999925347934,8,49.00000025000068,300.20390224456787,9
891,graph_20_140,9,9,18,37,52.00000000000074,9,43.00000000000077,300.4642426967621,9
892,graph_20_141,9,9,18,42,42.99999999999994,4,39.0,191.7995092868805,2
893,graph_20_142,9,9,20,42,44.0,9,35.00000000000013,83.92776536941528,2
894,graph_20_143,9,9,19,35,47.99999999999946,8,40.000000000000455,218.15234088897705,2
895,graph_20_144,9,9,19,39,58.00000000000001,10,48.000000000000014,300.2299120426178,9
896,graph_20_145,9,9,19,32,44.99999999999861,3,41.999999999998614,68.50864434242249,2
897,graph_20_146,9,9,19,47,50.000000000000014,6,44.00000000000001,279.00739574432373,2
898,graph_20_147,9,9,19,32,78.0000000000002,21,57.00000000000021,300.1914064884186,9
899,graph_20_148,9,9,19,35,54.99999999307178,6,48.99999849999884,300.35977602005005,9
900,graph_20_149,9,9,20,29,60.00000000000032,19,41.00000000000025,144.15050959587097,2
901,graph_20_150,9,9,19,27,54.999999750373405,15,40.00000000000002,57.445279359817505,2
902,graph_20_151,9,9,19,36,57.00000000000004,10,47.00000000000006,263.4037010669708,2
903,graph_20_152,9,9,20,48,52.99999999999999,8,45.0,300.26730847358704,9
904,graph_20_153,9,9,20,41,52.999999999999794,9,44.000000000000334,300.2479658126831,9
905,graph_20_154,9,9,20,31,43.00000000000005,8,35.00000000000012,127.08341836929321,2
906,graph_20_155,9,9,20,31,58.99999999999977,13,45.99999999999992,300.4685037136078,9
907,graph_20_156,9,9,20,35,46.99999999999888,5,41.99999999999944,198.10959887504578,2
908,graph_20_157,9,9,20,36,51.0,11,40.0,197.09560871124268,2
909,graph_20_158,9,9,20,39,58.99999999999999,11,48.0,300.3082900047302,9
910,graph_20_159,9,9,19,33,66.99999999999986,16,50.9999999999999,300.53100657463074,9
911,graph_20_160,9,9,20,30,34.99999999999999,3,32.0,23.116743326187134,2
912,graph_20_161,9,9,18,32,49.999999906666346,5,44.99999997166652,108.60897755622864,2
913,graph_20_162,9,9,20,32,50.99999999999915,11,39.99999999999988,55.690321922302246,2
914,graph_20_163,9,9,20,46,66.0,9,57.0,300.1792733669281,9
915,graph_20_164,9,9,19,35,59.0,13,46.0,205.29418778419495,2
916,graph_20_165,9,9,19,32,47.99999999999824,4,43.99999999999824,101.04936218261719,2
917,graph_20_166,9,9,19,36,65.99999950095749,7,59.000000000000476,300.22430777549744,9
918,graph_20_167,9,9,20,36,62.00000000000004,11,51.000000000000085,300.3568215370178,9
919,graph_20_168,9,9,20,43,68.00000000000038,7,61.00000000000041,300.2477970123291,9
920,graph_20_169,9,9,19,35,55.99999999999996,14,42.00000000000002,132.49729895591736,2
921,graph_20_170,9,9,20,38,67.00000000000006,9,58.0000000000001,300.35821652412415,9
922,graph_20_171,9,9,18,27,95.99999966166655,33,62.99999977333332,300.28321051597595,9
923,graph_20_172,9,9,19,29,70.00000000000004,18,52.00000000000008,300.4116225242615,9
924,graph_20_173,9,9,19,50,54.99999111456383,9,45.99999734140026,300.33757638931274,9
925,graph_20_174,9,9,19,32,83.00000000000023,18,65.00000000000016,300.30380845069885,9
926,graph_20_175,9,9,19,35,82.0000000000002,21,61.00000000000037,300.249892950058,9
927,graph_20_176,9,9,19,39,85.00000000000072,20,65.00000000000108,300.08978748321533,9
928,graph_20_177,9,9,20,41,78.99998918968971,10,68.99999769214551,300.38601064682007,9
929,graph_20_178,9,9,19,43,77.99999603422252,11,67.00000099210706,300.2228786945343,9
930,graph_20_179,9,9,19,45,80.00000000000033,17,63.00000000000046,300.379638671875,9
931,graph_20_180,9,9,19,38,84.00000000000003,19,65.00000000000006,300.10004568099976,9
932,graph_20_181,9,9,19,44,114.0,27,87.0,300.25203490257263,9
933,graph_20_182,9,9,20,29,82.99999999999943,26,57.00000000000003,121.2435839176178,2
934,graph_20_183,9,9,20,35,80.0,19,61.0,300.5069544315338,9
935,graph_20_184,9,9,20,36,81.0,22,59.0,300.2490954399109,9
936,graph_20_185,9,9,20,42,98.0,25,73.0,300.3642716407776,9
937,graph_20_186,9,9,20,44,80.99999999999866,24,57.00000000000168,300.23824644088745,9
938,graph_20_187,9,9,20,48,95.00000000000037,20,75.00000000000044,300.28845381736755,9
939,graph_20_188,9,9,20,48,92.99999953999075,23,70.00000020000127,300.35760521888733,9
940,graph_20_189,9,9,20,49,92.99999999999987,22,71.00000000000026,300.2295072078705,9
941,graph_20_190,9,9,20,44,99.00000000000068,14,85.00000000000077,300.212354183197,9
942,graph_20_191,9,9,20,43,77.99999357333023,15,62.999997243333794,300.4197151660919,9
943,graph_20_192,9,9,20,49,88.00000000000003,14,74.00000000000003,300.2064163684845,9
944,graph_20_193,9,9,19,66,92.0,14,78.00000000000017,300.2654848098755,9
945,graph_20_194,9,9,20,41,80.0,18,62.0,300.3412125110626,9
946,graph_20_195,9,9,20,49,91.00000000000037,14,77.0000000000004,300.2956244945526,9
947,graph_20_196,9,9,20,58,93.99999989483211,19,75.00000000000001,300.2773427963257,9
948,graph_20_197,9,9,20,53,76.00000000000026,9,67.00000000000048,300.3290514945984,9
949,graph_20_198,9,9,20,58,89.99999955555555,21,69.00000000000007,300.3100550174713,9
950,graph_20_199,9,9,20,60,98.99999916666562,17,81.9999998333334,300.4465572834015,9
951,graph_20_200,9,9,19,37,87.99999999999994,20,67.99999999999993,300.0969338417053,9
952,graph_20_201,9,9,19,46,92.0000000000002,15,77.00000000000034,300.34569931030273,9
953,graph_20_202,9,9,20,39,137.00000000000028,32,105.0000000000002,300.3786015510559,9
954,graph_20_203,9,9,18,42,127.99999965786289,43,85.00000103125053,300.3109347820282,9
955,graph_20_204,9,9,20,50,128.99999999998863,26,102.99999999999778,300.2472448348999,9
956,graph_20_205,9,9,20,48,106.0000000000004,23,83.00000000000045,300.2396125793457,9
957,graph_20_206,9,9,20,40,122.00000000000004,31,91.00000000000001,300.44041776657104,9
958,graph_20_207,9,9,19,63,111.0000000000001,15,96.00000000000024,300.12728238105774,9
959,graph_20_208,9,9,19,46,129.000000000001,31,98.00000000000122,300.4003555774689,9
960,graph_20_209,9,9,19,49,124.0,32,92.0,300.290650844574,9
961,graph_20_210,9,9,20,52,136.00000000000028,25,111.00000000000031,300.25599551200867,9
962,graph_20_211,9,9,20,45,174.0000000000006,38,136.0000000000006,300.3380846977234,9
963,graph_20_212,9,9,20,52,120.00000000000003,26,94.00000000000006,300.4103629589081,9
964,graph_20_213,9,9,20,47,131.00000000000054,33,98.00000000000074,300.3652536869049,9
965,graph_20_214,9,9,20,53,134.99999950123362,23,111.99999999999818,300.3156065940857,9
966,graph_20_215,9,9,20,50,119.00000000000003,25,94.00000000000004,300.3361098766327,9
967,graph_20_216,9,9,20,47,131.00000000000003,27,104.00000000000004,300.2802493572235,9
968,graph_20_217,9,9,20,53,164.99999999999955,34,130.99999999999955,300.25981426239014,9
969,graph_20_218,9,9,20,69,150.00000000000037,21,129.00000000000057,300.3632462024689,9
970,graph_20_219,9,9,20,60,134.00000000000023,25,109.00000000000038,300.19788217544556,9
971,graph_20_220,9,9,20,54,158.99999999999966,27,132.00000000000009,300.2527422904968,9
972,graph_20_221,9,9,20,48,173.00000000000003,50,123.00000000000003,300.27094435691833,9
973,graph_20_222,9,9,20,54,166.99999999999994,47,119.99999999999997,300.343346118927,9
974,graph_20_223,9,9,20,61,196.0000000000009,44,152.00000000000085,300.20044589042664,9
975,graph_20_224,9,9,20,68,159.00000000000028,33,126.00000000000031,300.2136981487274,9
976,graph_20_225,9,9,20,101,195.00000000000117,44,151.0000000000028,300.41673040390015,9
977,graph_20_226,9,9,20,93,147.99999999999807,20,127.9999999999998,300.29122376441956,9
978,graph_20_227,9,9,20,73,228.9999999999985,54,174.99999999999915,300.3879451751709,9
979,graph_20_228,9,9,20,71,231.0,41,190.0,300.2503173351288,9
980,graph_20_229,9,9,20,96,174.99999907546646,36,139.0,300.3223202228546,9
981,graph_20_230,9,9,20,58,204.0,54,150.0,300.28859782218933,9
982,graph_20_231,9,9,20,78,163.00000000000009,28,135.00000000000017,300.2369821071625,9
983,graph_20_232,9,9,20,86,224.99999999999994,45,179.99999999999994,300.2883415222168,9
984,graph_20_233,9,9,20,63,243.00000000000023,59,184.0000000000003,300.5099320411682,9
985,graph_20_234,9,9,20,60,210.00000000000043,55,155.00000000000048,300.59300112724304,9
986,graph_20_235,9,9,20,85,245.0,69,176.0,300.42783188819885,9
987,graph_20_236,9,9,20,72,233.9999999999992,51,183.00000000000153,300.2714104652405,9
988,graph_20_237,9,9,20,85,204.00000000000006,59,145.0000000000001,300.2252345085144,9
989,graph_20_238,9,9,20,83,230.9999999999992,51,180.0000000000003,300.3859512805939,9
990,graph_20_239,9,9,20,97,243.00000000000003,60,183.00000000000014,300.4655520915985,9
991,graph_20_240,9,9,20,77,269.0000000000019,68,201.00000000000227,300.1969168186188,9
992,graph_20_241,9,9,20,85,280.0,55,225.0,300.3678045272827,9
993,graph_20_242,9,9,20,99,290.0000000000007,57,233.00000000000136,300.36551547050476,9
994,graph_20_243,9,9,20,66,300.99999999999994,98,202.99999999999994,300.4101002216339,9
995,graph_20_244,9,9,20,94,261.999999999968,59,202.99999999998346,300.279825925827,9
996,graph_20_245,9,9,20,102,319.0,78,241.0,300.28536891937256,9
997,graph_20_246,9,9,20,132,302.9999999999925,67,235.99999999999392,300.37263655662537,9
998,graph_20_247,9,9,20,115,364.9999999999925,83,281.9999999999963,300.60743498802185,9
999,graph_20_248,9,9,20,107,325.0000000000026,74,251.00000000000318,300.2859044075012,9
