0,Rome-Lib/graficon12nodi/grafo2359.12,12,16,1,47,60,123,120,3,0.01,0.0052,1,0.006
1,Rome-Lib/graficon13nodi/grafo361.13,13,19,0,37,43,99,86,0,0.003,0.0019,1,0.003
2,Rome-Lib/graficon10nodi/grafo265.10,10,12,1,15,17,44,34,1,0.002,0.0009,1,0.002
3,north/g.17.12.graphml,17,17,0,92,1,110,2,0,0.005,0.0038,0,0.003
4,Rome-Lib/graficon15nodi/grafo1883.15,15,17,0,40,43,100,86,0,0.003,0.0021,1,0.003
5,Rome-Lib/graficon14nodi/grafo843.14,14,15,0,32,16,63,32,0,0.001,0.0011,0,0.002
6,north/g.13.83.graphml,13,13,0,6,3,22,6,0,0.0,0.0002,0,0.001
7,Rome-Lib/graficon11nodi/grafo1131.11,11,13,0,22,18,53,36,0,0.001,0.0008,0,0.002
8,Rome-Lib/graficon13nodi/grafo2313.13,13,18,0,16,15,49,30,0,0.001,0.0006,0,0.001
9,Rome-Lib/graficon15nodi/grafo585.15,15,19,0,38,34,91,68,0,0.002,0.0018,1,0.003
10,Rome-Lib/graficon12nodi/grafo2651.12,12,12,1,11,12,35,24,2,0.003,0.0008,1,0.001
11,north/g.12.123.graphml,12,12,0,9,2,23,4,0,0.001,0.0002,0,0.0
12,Rome-Lib/graficon16nodi/grafo2142.16,16,17,0,23,20,60,40,0,0.001,0.0008,0,0.001
13,north/g.16.62.graphml,16,16,0,91,0,107,0,0,0.004,0.0036,0,0.002
14,Rome-Lib/graficon10nodi/grafo869.10,10,12,0,6,3,21,6,0,0.001,0.0002,0,0.0
15,Rome-Lib/graficon12nodi/grafo906.12,12,12,0,5,2,19,4,0,0.001,0.0001,0,0.0
16,Rome-Lib/graficon13nodi/grafo559.13,13,19,0,18,16,53,32,0,0.001,0.0007,0,0.001
17,north/g.11.61.graphml,11,12,0,31,5,48,10,0,0.002,0.001,0,0.001
18,north/g.15.49.graphml,15,16,0,16,11,43,22,0,0.001,0.0005,0,0.001
19,Rome-Lib/graficon12nodi/grafo2458.12,12,17,0,22,22,61,44,1,0.003,0.0012,1,0.002
20,Rome-Lib/graficon17nodi/grafo2615.17,17,17,0,9,6,32,12,0,0.001,0.0003,0,0.001
21,Rome-Lib/graficon15nodi/grafo735.15,15,15,0,14,12,41,24,0,0.001,0.0005,0,0.001
22,Rome-Lib/graficon11nodi/grafo2946.11,11,13,0,8,7,28,14,0,0.001,0.0003,0,0.001
23,north/g.11.28.graphml,11,13,0,16,8,37,16,0,0.001,0.0005,0,0.001
24,north/g.11.55.graphml,11,13,0,14,4,31,8,0,0.001,0.0004,0,0.001
25,Rome-Lib/graficon15nodi/grafo2783.15,15,19,0,28,25,72,50,1,0.005,0.0022,1,0.002
26,north/g.13.12.graphml,13,15,0,20,16,51,32,0,0.002,0.0007,0,0.002
27,north/g.11.36.graphml,11,12,0,4,2,18,4,0,0.0,0.0001,0,0.001
28,Rome-Lib/graficon14nodi/grafo2733.14,14,16,0,34,39,89,78,1,0.007,0.0032,1,0.003
29,north/g.10.45.graphml,10,10,0,5,2,17,4,0,0.001,0.0001,0,0.0
30,Rome-Lib/graficon17nodi/grafo274.17,17,19,0,15,11,45,22,0,0.001,0.0005,0,0.002
31,Rome-Lib/graficon12nodi/grafo766.12,12,17,0,12,9,38,18,0,0.001,0.0004,0,0.001
32,north/g.16.79.graphml,16,16,0,28,7,51,14,0,0.001,0.001,0,0.002
33,north/g.13.41.graphml,13,13,0,10,3,26,6,0,0.001,0.0002,0,0.001
34,Rome-Lib/graficon12nodi/grafo867.12,12,12,0,5,2,19,4,0,0.0,0.0001,0,0.001
35,north/g.15.47.graphml,15,16,0,33,5,54,10,0,0.002,0.001,0,0.001
36,Rome-Lib/graficon13nodi/grafo431.13,13,19,0,31,28,78,56,0,0.002,0.0012,0,0.003
37,north/g.10.15.graphml,10,10,0,10,8,28,16,0,0.001,0.0003,0,0.001
38,north/g.12.101.graphml,12,16,0,23,21,60,42,0,0.001,0.001,1,0.002
39,north/g.14.36.graphml,14,15,0,19,16,50,32,0,0.001,0.0007,0,0.001
40,north/g.10.74.graphml,10,12,0,14,14,40,28,1,0.003,0.001,1,0.002
41,north/g.14.15.graphml,14,14,0,26,8,48,16,0,0.001,0.0009,0,0.002
42,Rome-Lib/graficon11nodi/grafo1005.11,11,12,0,9,3,24,6,0,0.001,0.0002,0,0.001
43,north/g.11.21.graphml,11,11,0,36,0,47,0,0,0.002,0.0011,0,0.001
44,north/g.16.60.graphml,16,16,55,57,110,183,220,55,0.014,0.0101,1,0.008
45,north/g.16.59.graphml,16,16,1,79,24,119,48,1,0.008,0.0057,1,0.004
46,Rome-Lib/graficon12nodi/grafo352.12,12,14,1,13,12,39,24,1,0.003,0.0008,1,0.001
47,Rome-Lib/graficon12nodi/grafo269.12,12,14,0,11,10,35,20,0,0.001,0.0004,0,0.001
48,north/g.15.6.graphml,15,17,0,17,17,51,34,0,0.002,0.0006,0,0.002
49,north/g.10.83.graphml,10,14,1,18,30,62,60,3,0.005,0.0018,1,0.002
50,Rome-Lib/graficon14nodi/grafo371.14,14,14,0,15,11,40,22,0,0.002,0.0005,0,0.001
51,north/g.18.24.graphml,18,23,2,43,51,117,102,4,0.01,0.0051,1,0.005
52,north/g.16.5.graphml,16,22,0,64,52,138,104,1,0.013,0.008,1,0.005
53,Rome-Lib/graficon18nodi/grafo339.18,18,21,0,31,28,80,56,0,0.003,0.0014,1,0.003
54,Rome-Lib/graficon11nodi/grafo2129.11,11,25,0,55,66,146,132,2,0.012,0.0071,1,0.006
55,north/g.12.22.graphml,12,27,0,51,71,149,142,5,0.014,0.0073,1,0.006
56,Rome-Lib/graficon14nodi/grafo811.14,14,26,0,75,89,190,178,0,0.006,0.0045,1,0.006
57,north/g.11.46.graphml,11,22,0,29,21,72,42,0,0.003,0.0012,1,0.002
58,Rome-Lib/graficon16nodi/grafo2856.16,16,20,0,19,16,55,32,0,0.001,0.0007,0,0.002
59,Rome-Lib/graficon18nodi/grafo1891.18,18,22,0,22,17,61,34,1,0.003,0.0011,1,0.002
60,north/g.23.67.graphml,23,24,0,24,1,49,2,0,0.002,0.0006,0,0.001
61,Rome-Lib/graficon15nodi/grafo2626.15,15,25,1,45,71,141,142,3,0.011,0.0065,1,0.005
62,Rome-Lib/graficon12nodi/grafo1722.12,12,24,2,66,95,185,190,5,0.016,0.0101,1,0.007
63,Rome-Lib/graficon12nodi/grafo519.12,12,20,1,32,38,90,76,2,0.008,0.003,1,0.003
64,north/g.19.21.graphml,19,29,0,59,57,145,114,1,0.009,0.0047,1,0.004
65,north/g.20.48.graphml,20,20,8,30,80,130,160,16,0.025,0.0124,1,0.005
66,Rome-Lib/graficon14nodi/grafo2621.14,14,29,0,73,73,175,146,1,0.014,0.0076,1,0.005
67,Rome-Lib/graficon17nodi/grafo2782.17,17,24,0,67,79,170,158,1,0.014,0.0089,1,0.006
68,Rome-Lib/graficon16nodi/grafo864.16,16,29,0,62,56,147,112,0,0.004,0.0029,1,0.004
69,north/g.13.102.graphml,13,20,0,12,8,40,16,0,0.001,0.0004,0,0.001
70,Rome-Lib/graficon13nodi/grafo2485.13,13,25,0,31,30,86,60,0,0.002,0.0014,1,0.002
71,north/g.23.44.graphml,23,23,0,231,0,254,0,0,0.013,0.0116,0,0.006
72,Rome-Lib/graficon13nodi/grafo671.13,13,20,0,12,7,39,14,0,0.001,0.0003,0,0.001
73,Rome-Lib/graficon13nodi/grafo1688.13,13,21,0,44,44,109,88,1,0.008,0.004,1,0.004
74,north/g.22.39.graphml,22,28,0,89,78,195,156,0,0.007,0.0054,1,0.006
75,Rome-Lib/graficon17nodi/grafo264.17,17,23,1,46,55,124,110,2,0.012,0.0058,1,0.004
76,Rome-Lib/graficon15nodi/grafo1829.15,15,25,0,38,43,106,86,2,0.01,0.0046,1,0.003
77,Rome-Lib/graficon15nodi/grafo2280.15,15,22,0,28,22,72,44,0,0.003,0.0012,1,0.002
78,Rome-Lib/graficon16nodi/grafo981.16,16,21,1,45,55,121,110,2,0.01,0.0049,1,0.004
79,Rome-Lib/graficon19nodi/grafo409.19,19,25,0,75,91,191,182,2,0.016,0.0105,1,0.007
80,north/g.20.4.graphml,20,22,0,48,52,122,104,0,0.003,0.0025,1,0.003
81,Rome-Lib/graficon14nodi/grafo315.14,14,22,0,38,41,101,82,0,0.003,0.0018,1,0.003
82,Rome-Lib/graficon20nodi/grafo940.20,20,23,0,45,56,124,112,1,0.008,0.0041,1,0.004
83,north/g.23.69.graphml,23,24,0,24,1,49,2,0,0.002,0.0006,0,0.001
84,Rome-Lib/graficon14nodi/grafo741.14,14,20,0,26,25,71,50,1,0.004,0.0016,1,0.002
85,Rome-Lib/graficon17nodi/grafo2222.17,17,22,0,30,31,83,62,0,0.003,0.0014,1,0.002
86,north/g.21.40.graphml,21,26,0,38,21,85,42,0,0.002,0.0013,0,0.002
87,north/g.24.37.graphml,24,27,0,64,18,109,36,0,0.003,0.0021,0,0.003
88,Rome-Lib/graficon20nodi/grafo508.20,20,23,0,44,55,122,110,1,0.008,0.0043,1,0.004
89,Rome-Lib/graficon12nodi/grafo2144.12,12,28,1,64,76,168,152,3,0.015,0.0086,1,0.005
90,north/g.18.28.graphml,18,25,0,47,36,108,72,0,0.003,0.0021,1,0.004
91,north/g.19.24.graphml,19,25,0,14,8,47,16,0,0.001,0.0004,0,0.001
92,Rome-Lib/graficon15nodi/grafo2740.15,15,21,0,64,79,164,158,5,0.016,0.0098,1,0.005
93,north/g.13.105.graphml,13,20,0,12,9,41,18,0,0.002,0.0004,0,0.001
94,Rome-Lib/graficon14nodi/grafo2910.14,14,22,0,43,46,111,92,1,0.007,0.0036,1,0.003
95,Rome-Lib/graficon19nodi/grafo601.19,19,27,0,70,93,190,186,2,0.02,0.0113,1,0.006
96,Rome-Lib/graficon15nodi/grafo396.15,15,20,0,30,26,76,52,1,0.005,0.0016,1,0.002
97,Rome-Lib/graficon21nodi/grafo2906.21,21,24,0,39,43,106,86,2,0.011,0.0043,1,0.004
98,north/g.23.40.graphml,23,26,3,44,50,120,100,6,0.011,0.005,1,0.004
99,Rome-Lib/graficon17nodi/grafo2835.17,17,29,0,68,74,171,148,0,0.006,0.004,1,0.005
100,Rome-Lib/graficon19nodi/grafo1622.19,19,21,0,28,25,74,50,0,0.004,0.0012,1,0.002
101,Rome-Lib/graficon21nodi/grafo158.21,21,29,0,64,76,169,152,1,0.012,0.0065,1,0.006
102,Rome-Lib/graficon16nodi/grafo2885.16,16,22,0,35,34,91,68,1,0.007,0.0029,1,0.003
103,north/g.19.12.graphml,19,23,1,40,22,85,44,1,0.006,0.0028,1,0.003
104,Rome-Lib/graficon20nodi/grafo2564.20,20,27,0,40,41,108,82,0,0.002,0.0016,0,0.003
105,Rome-Lib/graficon11nodi/grafo1822.11,11,24,0,59,72,155,144,1,0.013,0.0078,1,0.005
106,Rome-Lib/graficon14nodi/grafo592.14,14,20,0,19,15,54,30,0,0.002,0.0007,0,0.001
107,Rome-Lib/graficon14nodi/grafo326.14,14,21,0,49,45,115,90,1,0.009,0.0043,1,0.003
108,north/g.12.31.graphml,12,20,1,30,47,97,94,6,0.01,0.0041,1,0.004
109,north/g.30.6.graphml,30,34,0,77,73,184,146,1,0.015,0.008,1,0.006
110,Rome-Lib/graficon29nodi/grafo636.29,29,32,0,89,91,212,182,1,0.022,0.0124,1,0.007
111,Rome-Lib/graficon19nodi/grafo1660.19,19,34,0,57,60,151,120,2,0.013,0.0073,1,0.005
112,north/g.10.90.graphml,10,31,0,63,50,144,100,0,0.003,0.0024,0,0.004
113,Rome-Lib/graficon18nodi/grafo2768.18,18,35,0,78,94,207,188,2,0.019,0.0143,1,0.006
114,Rome-Lib/graficon31nodi/grafo2172.31,31,39,0,132,114,285,228,0,0.008,0.0072,1,0.009
115,Rome-Lib/graficon28nodi/grafo1243.28,28,30,0,84,85,199,170,0,0.005,0.0049,1,0.006
116,Rome-Lib/graficon27nodi/grafo1232.27,27,33,0,143,170,346,340,7,0.05,0.039,1,0.011
117,Rome-Lib/graficon24nodi/grafo2330.24,24,30,0,61,46,137,92,0,0.004,0.003,1,0.004
118,Rome-Lib/graficon28nodi/grafo1281.28,28,35,0,107,96,238,192,1,0.025,0.0164,1,0.008
119,north/g.25.7.graphml,25,37,0,93,84,214,168,1,0.017,0.0105,1,0.006
120,Rome-Lib/graficon20nodi/grafo2202.20,20,31,0,93,107,231,214,2,0.017,0.0131,1,0.008
121,north/g.20.41.graphml,20,32,6,94,99,225,198,8,0.015,0.0102,1,0.007
122,Rome-Lib/graficon33nodi/grafo11483.33,33,39,0,102,127,268,254,2,0.021,0.0173,1,0.008
123,north/g.13.84.graphml,13,33,0,42,44,119,88,0,0.003,0.0017,0,0.003
124,Rome-Lib/graficon24nodi/grafo1343.24,24,34,0,94,67,195,134,0,0.006,0.005,1,0.005
125,Rome-Lib/graficon28nodi/grafo2058.28,28,38,0,56,49,143,98,0,0.004,0.0026,1,0.004
126,Rome-Lib/graficon33nodi/grafo11601.33,33,37,0,55,50,142,100,0,0.005,0.0022,0,0.004
127,north/g.14.27.graphml,14,37,0,97,122,256,244,6,0.031,0.0211,1,0.008
128,north/g.24.6.graphml,24,30,0,91,92,213,184,0,0.009,0.0068,1,0.007
129,Rome-Lib/graficon17nodi/grafo446.17,17,30,0,92,91,213,182,2,0.019,0.0148,1,0.007
130,Rome-Lib/graficon24nodi/grafo2341.24,24,34,0,82,98,214,196,1,0.018,0.0123,1,0.007
131,Rome-Lib/graficon19nodi/grafo1823.19,19,37,0,68,75,180,150,2,0.014,0.0096,1,0.005
132,north/g.19.11.graphml,19,33,0,82,87,202,174,1,0.018,0.012,1,0.006
133,Rome-Lib/graficon20nodi/grafo535.20,20,30,0,100,107,237,214,2,0.022,0.0163,1,0.008
134,Rome-Lib/graficon23nodi/grafo622.23,23,33,0,69,64,166,128,1,0.015,0.008,1,0.005
135,Rome-Lib/graficon28nodi/grafo1194.28,28,33,0,66,50,149,100,0,0.005,0.0031,1,0.004
136,Rome-Lib/graficon30nodi/grafo1237.30,30,39,0,85,95,219,190,1,0.018,0.0132,1,0.007
137,north/g.23.12.graphml,23,33,0,80,79,192,158,1,0.013,0.0089,1,0.006
138,Rome-Lib/graficon18nodi/grafo1936.18,18,37,0,113,125,275,250,1,0.025,0.0206,1,0.009
139,Rome-Lib/graficon20nodi/grafo1007.20,20,30,0,55,58,143,116,0,0.004,0.0026,1,0.005
140,north/g.25.26.graphml,25,37,0,104,183,324,366,16,0.084,0.0643,1,0.011
141,north/g.20.28.graphml,20,35,0,66,66,167,132,0,0.004,0.0031,0,0.005
142,north/g.14.25.graphml,14,36,0,89,110,235,220,6,0.025,0.0166,1,0.008
143,Rome-Lib/graficon27nodi/grafo1373.27,27,38,0,94,90,222,180,1,0.016,0.0103,1,0.008
144,Rome-Lib/graficon30nodi/grafo160.30,30,39,0,125,93,257,186,2,0.02,0.0128,1,0.009
145,Rome-Lib/graficon17nodi/grafo775.17,17,35,0,98,87,220,174,1,0.017,0.0138,1,0.007
146,Rome-Lib/graficon19nodi/grafo1882.19,19,34,0,42,43,119,86,1,0.008,0.0037,1,0.004
147,Rome-Lib/graficon21nodi/grafo2176.21,21,34,0,83,96,213,192,2,0.017,0.0128,1,0.008
148,Rome-Lib/graficon27nodi/grafo1195.27,27,32,0,133,148,313,296,2,0.027,0.0222,1,0.013
149,Rome-Lib/graficon21nodi/grafo606.21,21,35,0,85,102,222,204,3,0.023,0.0161,1,0.009
150,Rome-Lib/graficon21nodi/grafo2833.21,21,30,0,64,70,164,140,1,0.011,0.0062,1,0.006
151,north/g.25.34.graphml,25,43,1,166,301,510,602,18,0.074,0.0725,1,0.021
152,DAGmar/graphs/1.6/uniform_n20_e32_i2.graphml,20,41,0,267,416,724,832,23,0.686,1.1062,179,0.029
153,Rome-Lib/graficon34nodi/grafo11510.34,34,43,0,44,28,115,56,0,0.004,0.0015,0,0.003
154,Rome-Lib/graficon34nodi/grafo10086.34,34,43,0,129,163,335,326,1,0.028,0.0248,1,0.011
155,north/g.24.3.graphml,24,42,0,87,89,218,178,0,0.006,0.005,1,0.006
156,Rome-Lib/graficon26nodi/grafo2961.26,26,45,0,99,104,248,208,0,0.006,0.0055,1,0.007
157,Rome-Lib/graficon29nodi/grafo580.29,29,41,0,233,259,533,518,12,0.089,0.0864,1,0.017
158,Rome-Lib/graficon27nodi/grafo1997.27,27,40,0,73,70,183,140,0,0.006,0.0039,1,0.005
159,Rome-Lib/graficon35nodi/grafo6642.35,35,49,0,160,189,398,378,5,0.039,0.0393,1,0.012
160,Rome-Lib/graficon35nodi/grafo5574.35,35,43,0,75,74,192,148,1,0.015,0.0097,1,0.006
161,north/g.32.5.graphml,32,40,0,9,4,53,8,0,0.001,0.0002,0,0.0
162,Rome-Lib/graficon31nodi/grafo1362.31,31,45,0,175,185,405,370,1,0.042,0.0447,1,0.013
163,Rome-Lib/graficon29nodi/grafo1352.29,29,40,0,85,76,201,152,2,0.015,0.0097,1,0.007
164,Rome-Lib/graficon34nodi/grafo5800.34,34,48,0,172,191,411,382,2,0.051,0.0427,1,0.016
165,north/g.24.30.graphml,24,44,0,77,69,190,138,1,0.013,0.0069,1,0.006
166,Rome-Lib/graficon35nodi/grafo11320.35,35,45,1,111,136,292,272,4,0.032,0.0223,1,0.009
167,north/g.31.36.graphml,31,46,0,129,205,380,410,14,0.095,0.0753,1,0.013
168,north/g.31.28.graphml,31,46,0,96,72,214,144,0,0.007,0.0049,1,0.006
169,Rome-Lib/graficon24nodi/grafo2770.24,24,40,1,105,129,274,258,4,0.023,0.0184,1,0.009
170,Rome-Lib/graficon28nodi/grafo728.28,28,44,0,155,166,365,332,3,0.032,0.0313,1,0.011
171,north/g.32.27.graphml,32,41,0,135,29,205,58,0,0.006,0.0052,0,0.005
172,north/g.31.34.graphml,31,48,1,130,164,342,328,17,0.045,0.0361,1,0.011
173,Rome-Lib/graficon30nodi/grafo172.30,30,48,0,101,99,248,198,1,0.023,0.016,1,0.008
174,north/g.21.33.graphml,21,43,0,122,157,322,314,6,0.038,0.0283,1,0.011
175,Rome-Lib/graficon29nodi/grafo1573.29,29,44,1,152,168,364,336,1,0.038,0.0287,1,0.012
176,Rome-Lib/graficon35nodi/grafo7473.35,35,48,0,146,163,357,326,1,0.031,0.0271,1,0.011
177,Rome-Lib/graficon33nodi/grafo6121.33,33,49,0,153,173,375,346,3,0.039,0.0368,1,0.012
178,Rome-Lib/graficon27nodi/grafo1208.27,27,47,0,144,162,353,324,4,0.031,0.0281,1,0.011
179,Rome-Lib/graficon28nodi/grafo1283.28,28,42,0,185,213,440,426,6,0.046,0.0422,1,0.014
180,Rome-Lib/graficon33nodi/grafo9888.33,33,46,0,151,157,354,314,1,0.035,0.032,1,0.011
181,Rome-Lib/graficon31nodi/grafo10056.31,31,46,0,109,120,275,240,0,0.008,0.0065,1,0.009
182,Rome-Lib/graficon33nodi/grafo5770.33,33,44,0,128,142,314,284,1,0.022,0.0175,1,0.01
183,north/g.16.82.graphml,16,49,0,105,120,274,240,0,0.007,0.0063,1,0.009
184,north/g.16.95.graphml,16,44,0,95,105,244,210,0,0.007,0.0055,1,0.007
185,Rome-Lib/graficon25nodi/grafo1251.25,25,40,0,78,62,180,124,0,0.005,0.0036,1,0.005
186,north/g.24.8.graphml,24,44,0,98,97,239,194,0,0.007,0.0054,1,0.007
187,Rome-Lib/graficon33nodi/grafo5247.33,33,46,0,63,57,166,114,0,0.004,0.0029,1,0.006
188,north/g.35.25.graphml,35,40,0,122,71,233,142,0,0.01,0.0081,1,0.007
189,north/g.40.21.graphml,40,41,0,243,8,292,16,0,0.011,0.0102,0,0.007
190,Rome-Lib/graficon24nodi/grafo1696.24,24,42,0,102,89,233,178,1,0.015,0.01,1,0.008
191,Rome-Lib/graficon34nodi/grafo11168.34,34,43,0,151,175,369,350,1,0.036,0.0355,1,0.012
192,north/g.15.23.graphml,15,48,0,183,233,464,466,10,0.094,0.0831,1,0.015
193,Rome-Lib/graficon40nodi/grafo7422.40,40,59,0,171,222,452,444,9,0.062,0.0509,1,0.015
194,Rome-Lib/graficon34nodi/grafo1868.34,34,58,0,149,154,361,308,0,0.013,0.0108,1,0.011
195,north/g.28.30.graphml,28,50,0,113,104,267,208,1,0.013,0.0084,1,0.009
196,Rome-Lib/graficon35nodi/grafo2424.35,35,55,0,197,199,451,398,1,0.048,0.0431,1,0.048
197,Rome-Lib/graficon37nodi/grafo3604.37,37,54,0,268,411,733,822,18,0.142,0.1576,1,0.025
198,Rome-Lib/graficon35nodi/grafo5937.35,35,58,0,162,165,385,330,2,0.04,0.0389,1,0.013
199,Rome-Lib/graficon34nodi/grafo5470.34,34,54,0,93,82,229,164,0,0.008,0.0046,1,0.007
200,Rome-Lib/graficon33nodi/grafo1174.33,33,53,0,197,230,480,460,4,0.069,0.057,1,0.016
201,Rome-Lib/graficon37nodi/grafo6917.37,37,54,0,303,323,680,646,6,0.107,0.1096,1,0.022
202,Rome-Lib/graficon36nodi/grafo2465.36,36,58,0,249,285,592,570,5,0.076,0.0815,1,0.019
203,Rome-Lib/graficon32nodi/grafo5543.32,32,52,0,154,159,365,318,1,0.032,0.026,1,0.012
204,Rome-Lib/graficon24nodi/grafo915.24,24,55,0,227,258,540,516,3,0.089,0.0798,1,0.017
205,north/g.58.7.graphml,58,58,0,1059,582,1699,1164,0,0.109,0.145,1,0.053
206,Rome-Lib/graficon24nodi/grafo1966.24,24,58,0,208,231,497,462,2,0.06,0.0623,1,0.015
207,Rome-Lib/graficon32nodi/grafo2463.32,32,57,0,227,260,544,520,5,0.059,0.0686,1,0.018
208,north/g.38.3.graphml,38,52,0,187,181,420,362,3,0.026,0.0202,1,0.013
209,Rome-Lib/graficon37nodi/grafo5193.37,37,57,1,145,178,380,356,7,0.063,0.0486,1,0.011
210,Rome-Lib/graficon36nodi/grafo6220.36,36,52,0,191,227,470,454,4,0.052,0.0464,1,0.016
211,Rome-Lib/graficon27nodi/grafo1578.27,27,58,0,127,123,308,246,0,0.008,0.0073,1,0.009
212,Rome-Lib/graficon22nodi/grafo1052.22,22,53,0,204,258,515,516,9,0.055,0.0608,1,0.016
213,Rome-Lib/graficon33nodi/grafo3356.33,33,56,0,209,237,502,474,5,0.061,0.0703,1,0.016
214,Rome-Lib/graficon35nodi/grafo11548.35,35,55,1,272,390,717,780,19,0.122,0.1376,1,0.024
215,north/g.30.3.graphml,30,57,0,270,339,666,678,6,0.069,0.0771,1,0.022
216,Rome-Lib/graficon40nodi/grafo4073.40,40,51,0,265,274,590,548,2,0.06,0.05,1,0.019
217,Rome-Lib/graficon14nodi/grafo1000.14,14,56,0,143,138,337,276,0,0.01,0.009,1,0.01
218,north/g.31.2.graphml,31,51,0,143,156,350,312,2,0.029,0.0252,1,0.011
219,north/g.42.9.graphml,42,50,0,182,140,372,280,1,0.022,0.0174,1,0.011
220,Rome-Lib/graficon25nodi/grafo1743.25,25,53,1,169,189,411,378,4,0.037,0.0344,1,0.013
221,north/g.32.1.graphml,32,53,0,224,192,469,384,5,0.055,0.045,1,0.016
222,Rome-Lib/graficon36nodi/grafo5612.36,36,53,0,189,207,449,414,3,0.037,0.0357,1,0.014
223,Rome-Lib/graficon25nodi/grafo2483.25,25,51,1,177,215,443,430,7,0.047,0.0466,1,0.014
224,Rome-Lib/graficon35nodi/grafo5419.35,35,50,0,151,173,374,346,2,0.041,0.0333,1,0.012
225,Rome-Lib/graficon39nodi/grafo3679.39,39,56,0,221,239,516,478,5,0.107,0.1012,1,0.02
226,Rome-Lib/graficon41nodi/grafo5397.41,41,55,0,152,159,366,318,2,0.031,0.0268,1,0.01
227,Rome-Lib/graficon33nodi/grafo5127.33,33,54,0,174,206,434,412,3,0.039,0.0383,1,0.013
228,Rome-Lib/graficon34nodi/grafo1990.34,34,50,0,193,220,463,440,5,0.054,0.0608,1,0.015
229,Rome-Lib/graficon34nodi/grafo5917.34,34,58,0,132,160,350,320,2,0.031,0.0287,1,0.011
230,Rome-Lib/graficon35nodi/grafo3866.35,35,58,0,194,242,494,484,7,0.076,0.0706,1,0.016
231,Rome-Lib/graficon40nodi/grafo5346.40,40,52,0,203,225,480,450,6,0.083,0.0834,1,0.015
232,Rome-Lib/graficon36nodi/grafo10395.36,36,53,0,216,268,537,536,7,0.057,0.0626,1,0.017
233,Rome-Lib/graficon32nodi/grafo9902.32,32,58,0,185,194,437,388,0,0.011,0.0115,1,0.013
234,Rome-Lib/graficon41nodi/grafo3197.41,41,65,0,332,410,807,820,12,0.145,0.1569,1,0.027
235,Rome-Lib/graficon39nodi/grafo6797.39,39,68,1,329,488,885,976,26,0.658,0.6139,1,0.034
236,Rome-Lib/graficon40nodi/grafo3263.40,40,60,0,340,477,877,954,11,0.139,0.1454,1,0.029
237,Rome-Lib/graficon44nodi/grafo3831.44,44,67,0,351,398,816,796,8,0.133,0.1453,1,0.027
238,Rome-Lib/graficon33nodi/grafo11401.33,33,64,0,158,170,392,340,3,0.036,0.0369,1,0.014
239,north/g.61.39.graphml,61,65,0,563,193,821,386,0,0.047,0.05,1,0.029
240,north/g.57.23.graphml,57,65,0,672,620,1357,1240,0,0.033,0.0423,0,0.052
241,Rome-Lib/graficon37nodi/grafo7710.37,37,60,0,192,241,493,482,6,0.075,0.0589,1,0.018
242,Rome-Lib/graficon36nodi/grafo5935.36,36,61,0,175,192,428,384,3,0.038,0.0365,1,0.013
243,Rome-Lib/graficon33nodi/grafo11292.33,33,67,0,252,307,626,614,8,0.074,0.0894,1,0.02
244,DAGmar/graphs/2.6/uniform_n20_e52_i3.graphml,20,60,3,587,1214,1861,2428,130,10.421,12.4253,1,0.067
245,Rome-Lib/graficon34nodi/grafo5991.34,34,60,0,194,216,470,432,2,0.074,0.0644,1,0.014
246,north/g.44.21.graphml,44,68,0,314,119,501,238,0,0.016,0.0165,0,0.014
247,Rome-Lib/graficon37nodi/grafo2099.37,37,69,0,174,163,406,326,0,0.012,0.011,1,0.012
248,north/g.69.4.graphml,69,69,0,693,22,784,44,0,0.04,0.0423,0,0.019
249,Rome-Lib/graficon38nodi/grafo6729.38,38,60,0,272,403,735,806,25,0.346,0.3422,1,0.026
250,Rome-Lib/graficon35nodi/grafo3483.35,35,61,0,170,207,438,414,4,0.04,0.0383,1,0.013
251,Rome-Lib/graficon39nodi/grafo6473.39,39,68,0,325,409,802,818,10,0.224,0.2482,1,0.027
252,Rome-Lib/graficon36nodi/grafo5288.36,36,60,0,219,250,529,500,3,0.078,0.085,1,0.017
253,Rome-Lib/graficon39nodi/grafo5733.39,39,62,0,303,411,776,822,13,0.196,0.2212,1,0.054
254,Rome-Lib/graficon45nodi/grafo1590.45,45,63,0,151,130,344,260,2,0.03,0.0258,1,0.01
255,Rome-Lib/graficon40nodi/grafo7114.40,40,67,0,327,388,782,776,7,0.115,0.1311,1,0.025
256,Rome-Lib/graficon37nodi/grafo2398.37,37,64,0,261,325,650,650,10,0.088,0.1058,1,0.021
257,Rome-Lib/graficon33nodi/grafo2654.33,33,64,0,328,454,846,908,14,0.107,0.1435,1,0.028
258,Rome-Lib/graficon43nodi/grafo1522.43,43,65,0,305,365,735,730,6,0.098,0.1149,1,0.025
259,Rome-Lib/graficon44nodi/grafo6266.44,44,68,0,394,577,1039,1154,23,1.218,2.0352,208,0.035
260,Rome-Lib/graficon39nodi/grafo6465.39,39,68,0,153,158,379,316,3,0.035,0.0313,1,0.011
261,north/g.55.0.graphml,55,62,0,337,371,770,742,18,0.113,0.1337,1,0.025
262,Rome-Lib/graficon38nodi/grafo10455.38,38,67,0,134,130,331,260,1,0.03,0.0244,1,0.01
263,Rome-Lib/graficon41nodi/grafo7577.41,41,64,0,277,384,725,768,13,0.105,0.117,1,0.024
264,Rome-Lib/graficon36nodi/grafo6170.36,36,69,0,185,198,452,396,1,0.043,0.0441,1,0.014
265,north/g.25.18.graphml,25,67,2,292,366,725,732,13,0.072,0.086,1,0.024
266,north/g.38.4.graphml,38,62,0,169,163,394,326,3,0.033,0.0301,1,0.012
267,Rome-Lib/graficon38nodi/grafo3259.38,38,63,0,166,168,397,336,2,0.032,0.0258,1,0.015
268,north/g.62.7.graphml,62,67,0,693,290,1050,580,1,0.1,0.1121,1,0.038
269,Rome-Lib/graficon37nodi/grafo11450.37,37,67,0,227,258,552,516,3,0.056,0.0589,1,0.023
270,Rome-Lib/graficon37nodi/grafo5262.37,37,69,0,242,265,576,530,4,0.08,0.1045,1,0.022
271,Rome-Lib/graficon42nodi/grafo2322.42,42,69,0,291,343,703,686,9,0.305,0.2474,1,0.029
272,Rome-Lib/graficon45nodi/grafo6484.45,45,63,0,226,245,534,490,3,0.068,0.077,1,0.016
273,Rome-Lib/graficon34nodi/grafo5724.34,34,60,0,147,150,357,300,0,0.009,0.0083,1,0.011
274,Rome-Lib/graficon38nodi/grafo3033.38,38,63,0,165,201,429,402,1,0.035,0.0347,1,0.014
275,Rome-Lib/graficon36nodi/grafo3742.36,36,63,0,289,371,723,742,6,0.089,0.1133,1,0.024
276,Rome-Lib/graficon34nodi/grafo1540.34,34,70,0,294,330,694,660,2,0.097,0.1214,1,0.022
277,Rome-Lib/graficon44nodi/grafo3592.44,44,71,0,326,442,839,884,20,0.13,0.1501,1,0.028
278,Rome-Lib/graficon38nodi/grafo10027.38,38,74,0,319,380,773,760,9,0.2,0.206,1,0.031
279,Rome-Lib/graficon44nodi/grafo7494.44,44,74,0,338,467,879,934,16,0.268,0.2749,1,0.035
280,Rome-Lib/graficon43nodi/grafo5666.43,43,70,0,318,395,783,790,11,0.105,0.1413,1,0.026
281,Rome-Lib/graficon41nodi/grafo7635.41,41,71,0,407,549,1027,1098,21,0.801,0.804,1,0.034
282,Rome-Lib/graficon39nodi/grafo11552.39,39,71,0,288,314,673,628,4,0.099,0.0897,1,0.021
283,Rome-Lib/graficon46nodi/grafo6074.46,46,76,0,446,584,1106,1168,20,0.492,0.5339,1,0.035
284,north/g.24.34.graphml,24,79,3,310,360,749,720,10,0.089,0.1061,1,0.028
285,Rome-Lib/graficon44nodi/grafo7503.44,44,74,0,389,497,960,994,15,0.268,0.3,1,0.039
286,Rome-Lib/graficon34nodi/grafo9965.34,34,72,0,326,409,807,818,11,0.11,0.1394,1,0.032
287,Rome-Lib/graficon40nodi/grafo10071.40,40,72,0,289,344,705,688,6,0.127,0.1148,1,0.026
288,Rome-Lib/graficon40nodi/grafo11028.40,40,76,1,363,430,869,860,8,0.135,0.1448,1,0.036
289,Rome-Lib/graficon38nodi/grafo5819.38,38,74,0,389,477,940,954,8,0.128,0.1681,1,0.03
290,Rome-Lib/graficon30nodi/grafo3011.30,30,76,1,314,350,740,700,4,0.098,0.1241,1,0.023
291,Rome-Lib/graficon48nodi/grafo5890.48,48,75,0,479,643,1197,1286,15,0.218,0.2748,1,0.039
292,Rome-Lib/graficon45nodi/grafo6400.45,45,75,0,287,356,718,712,9,0.125,0.1656,1,0.022
293,Rome-Lib/graficon56nodi/grafo5979.56,56,72,0,522,648,1242,1296,21,0.333,0.3651,1,0.042
294,north/g.68.4.graphml,68,78,0,618,173,869,346,0,0.044,0.049,1,0.029
295,Rome-Lib/graficon42nodi/grafo3548.42,42,75,0,303,323,701,646,3,0.087,0.0999,1,0.028
296,Rome-Lib/graficon47nodi/grafo7112.47,47,74,0,327,433,834,866,8,0.105,0.1394,1,0.065
297,Rome-Lib/graficon38nodi/grafo3870.38,38,73,1,338,449,860,898,12,0.206,0.2022,1,0.034
298,Rome-Lib/graficon53nodi/grafo5490.53,53,77,0,340,374,791,748,6,0.096,0.1258,1,0.025
299,Rome-Lib/graficon38nodi/grafo6644.38,38,73,0,294,363,730,726,7,0.098,0.116,1,0.029
300,Rome-Lib/graficon46nodi/grafo7234.46,46,78,0,502,700,1280,1400,26,1.417,1.5091,1,0.053
301,Rome-Lib/graficon36nodi/grafo2207.36,36,75,0,424,549,1048,1098,18,0.175,0.2113,1,0.035
302,Rome-Lib/graficon42nodi/grafo7717.42,42,70,2,278,310,658,620,3,0.077,0.0974,1,0.021
303,Rome-Lib/graficon42nodi/grafo3959.42,42,76,0,240,262,578,524,2,0.061,0.0719,1,0.018
304,Rome-Lib/graficon38nodi/grafo10188.38,38,74,1,253,294,621,588,10,0.168,0.1532,1,0.019
305,Rome-Lib/graficon33nodi/grafo1711.33,33,77,0,404,465,946,930,9,0.276,0.2771,1,0.031
306,Rome-Lib/graficon39nodi/grafo6476.39,39,73,0,211,268,552,536,14,0.099,0.0888,1,0.021
307,Rome-Lib/graficon39nodi/grafo2864.39,39,71,0,427,649,1147,1298,31,1.111,1.2584,1,0.046
308,Rome-Lib/graficon38nodi/grafo3700.38,38,71,0,210,234,515,468,3,0.078,0.0707,1,0.017
309,north/g.24.35.graphml,24,79,3,310,349,738,698,8,0.069,0.078,1,0.023
310,Rome-Lib/graficon22nodi/grafo146.22,22,73,0,225,234,532,468,4,0.108,0.1012,1,0.017
311,north/g.23.90.graphml,23,72,0,204,211,487,422,9,0.077,0.0662,1,0.015
312,Rome-Lib/graficon38nodi/grafo7683.38,38,74,1,413,597,1084,1194,29,0.354,0.4122,1,0.045
313,Rome-Lib/graficon47nodi/grafo3232.47,47,77,0,257,281,615,562,4,0.08,0.0734,1,0.023
314,Rome-Lib/graficon43nodi/grafo2096.43,43,70,1,334,483,887,966,16,0.114,0.1411,1,0.029
315,Rome-Lib/graficon30nodi/grafo1810.30,30,73,0,276,318,667,636,4,0.1,0.1307,1,0.026
316,Rome-Lib/graficon38nodi/grafo1157.38,38,73,0,215,238,526,476,5,0.051,0.0596,1,0.018
317,north/g.77.0.graphml,77,78,0,802,156,1036,312,0,0.055,0.0634,1,0.033
318,Rome-Lib/graficon44nodi/grafo5791.44,44,82,0,634,831,1547,1662,22,0.275,0.3711,1,0.062
319,Rome-Lib/graficon37nodi/grafo2954.37,37,81,0,252,312,645,624,6,0.086,0.1006,1,0.019
320,Rome-Lib/graficon37nodi/grafo11467.37,37,88,0,253,295,636,590,2,0.084,0.1025,1,0.02
321,Rome-Lib/graficon48nodi/grafo6461.48,48,87,0,489,525,1101,1050,8,0.144,0.1972,1,0.036
322,Rome-Lib/graficon44nodi/grafo3154.44,44,85,0,444,535,1064,1070,8,0.265,0.2557,1,0.034
323,Rome-Lib/graficon55nodi/grafo4918.55,55,82,0,339,389,810,778,8,0.455,0.6028,25,0.026
324,Rome-Lib/graficon36nodi/grafo3293.36,36,87,0,316,352,755,704,2,0.078,0.0914,1,0.024
325,Rome-Lib/graficon52nodi/grafo1222.52,52,86,0,267,254,607,508,2,0.071,0.061,1,0.022
326,Rome-Lib/graficon40nodi/grafo7432.40,40,80,0,261,277,618,554,4,0.115,0.115,1,0.024
327,north/g.48.8.graphml,48,83,0,230,268,581,536,0,0.021,0.0194,1,0.021
328,Rome-Lib/graficon41nodi/grafo7686.41,41,85,0,441,560,1086,1120,17,0.346,0.3775,1,0.043
329,Rome-Lib/graficon34nodi/grafo9976.34,34,83,0,284,308,675,616,2,0.064,0.0778,1,0.02
330,Rome-Lib/graficon51nodi/grafo4768.51,51,86,0,329,345,760,690,3,0.095,0.1177,1,0.023
331,Rome-Lib/graficon49nodi/grafo1187.49,49,81,0,371,475,927,950,14,0.552,0.7177,39,0.032
332,north/g.38.9.graphml,38,82,0,283,269,634,538,3,0.062,0.0711,1,0.018
333,Rome-Lib/graficon38nodi/grafo6590.38,38,88,0,359,396,843,792,5,0.241,0.243,1,0.026
334,Rome-Lib/graficon37nodi/grafo3129.37,37,87,0,438,444,969,888,4,0.108,0.1136,1,0.031
335,Rome-Lib/graficon54nodi/grafo3980.54,54,87,1,554,712,1353,1424,32,3.764,8.4621,313,0.045
336,DAGmar/graphs/5.6/uniform_n20_e112_i3.graphml,20,80,141,1357,4616,6053,9232,1118,60.054,83.951,1,0.29
337,Rome-Lib/graficon51nodi/grafo4956.51,51,88,0,415,477,980,954,4,0.11,0.1062,1,0.031
338,Rome-Lib/graficon37nodi/grafo5570.37,37,80,1,335,404,819,808,8,0.107,0.1313,1,0.026
339,Rome-Lib/graficon42nodi/grafo7583.42,42,86,0,407,504,997,1008,15,1.19,1.7234,102,0.032
340,north/g.40.17.graphml,40,85,0,154,164,403,328,0,0.01,0.0088,1,0.012
341,north/g.42.1.graphml,42,82,1,498,527,1107,1054,13,0.164,0.2077,1,0.035
342,Rome-Lib/graficon54nodi/grafo3850.54,54,87,0,391,534,1012,1068,18,0.29,0.3191,1,0.034
343,Rome-Lib/graficon43nodi/grafo6886.43,43,85,0,482,640,1207,1280,25,0.429,0.456,1,0.039
344,Rome-Lib/graficon43nodi/grafo7040.43,43,83,0,363,392,838,784,3,0.121,0.1125,1,0.027
345,Rome-Lib/graficon56nodi/grafo5156.56,56,84,1,478,628,1190,1256,21,2.199,4.0765,365,0.039
346,north/g.43.6.graphml,43,85,0,287,322,694,644,0,0.027,0.0277,1,0.021
347,Rome-Lib/graficon36nodi/grafo5184.36,36,80,0,254,305,639,610,11,0.2,0.1973,1,0.02
348,Rome-Lib/graficon40nodi/grafo3941.40,40,81,0,323,356,760,712,5,0.099,0.129,1,0.024
349,Rome-Lib/graficon37nodi/grafo2612.37,37,81,0,522,673,1276,1346,25,0.185,0.2465,1,0.042
350,Rome-Lib/graficon44nodi/grafo3593.44,44,82,0,460,600,1142,1200,15,0.218,0.2447,1,0.038
351,Rome-Lib/graficon52nodi/grafo3455.52,52,87,0,443,540,1070,1080,14,0.642,0.6731,1,0.035
352,Rome-Lib/graficon42nodi/grafo3206.42,42,81,0,419,504,1004,1008,11,0.176,0.2268,1,0.033
353,Rome-Lib/graficon46nodi/grafo7760.46,46,83,0,452,550,1085,1100,6,0.248,0.3349,1,0.036
354,DAGmar/graphs/5.6/uniform_n20_e112_i9.graphml,20,96,127,1831,4939,6866,9878,1076,60.015,82.0781,1,0.286
355,Rome-Lib/graficon44nodi/grafo6352.44,44,98,0,527,681,1306,1362,14,0.485,0.5398,1,0.042
356,Rome-Lib/graficon69nodi/grafo8265.69,69,94,0,548,685,1327,1370,14,0.67,0.719,1,0.044
357,north/g.88.0.graphml,88,99,0,1007,281,1387,562,4,0.203,0.2003,1,0.038
358,Rome-Lib/graficon53nodi/grafo3550.53,53,91,1,473,480,1044,960,4,0.149,0.2121,1,0.035
359,Rome-Lib/graficon44nodi/grafo6675.44,44,90,0,463,620,1173,1240,24,1.239,1.4026,1,0.038
360,Rome-Lib/graficon37nodi/grafo11625.37,37,92,0,291,350,733,700,6,0.085,0.1073,1,0.023
361,north/g.44.5.graphml,44,92,15,461,224,777,448,15,0.051,0.0471,1,0.021
362,Rome-Lib/graficon45nodi/grafo6552.45,45,94,0,354,392,840,784,2,0.13,0.1372,1,0.026
363,Rome-Lib/graficon63nodi/grafo4532.63,63,99,0,420,477,996,954,7,0.153,0.2079,1,0.032
364,Rome-Lib/graficon57nodi/grafo3841.57,57,93,0,728,1040,1861,2080,37,1.884,2.0462,1,0.077
365,north/g.48.24.graphml,48,92,0,263,231,586,462,0,0.019,0.0186,1,0.017
366,Rome-Lib/graficon44nodi/grafo6945.44,44,93,0,640,774,1507,1548,18,0.647,0.7715,1,0.049
367,Rome-Lib/graficon44nodi/grafo7591.44,44,95,0,689,931,1715,1862,26,1.233,1.4097,1,0.059
368,Rome-Lib/graficon40nodi/grafo5919.40,40,96,0,542,664,1302,1328,17,0.313,0.4037,1,0.042
369,Rome-Lib/graficon61nodi/grafo8418.61,61,97,0,588,807,1492,1614,24,0.486,0.5787,1,0.05
370,DAGmar/graphs/4.6/uniform_n20_e92_i6.graphml,20,94,31,1687,3966,5747,7932,815,60.02,78.3116,1,0.24
371,Rome-Lib/graficon37nodi/grafo3716.37,37,92,0,477,597,1166,1194,12,0.186,0.2542,1,0.038
372,Rome-Lib/graficon54nodi/grafo6981.54,54,96,0,689,983,1768,1966,42,60.022,119.7495,2081,0.063
373,Rome-Lib/graficon41nodi/grafo6198.41,41,97,0,596,756,1449,1512,18,0.538,0.65,1,0.049
374,Rome-Lib/graficon43nodi/grafo7636.43,43,99,0,604,709,1412,1418,18,0.354,0.4649,1,0.047
375,Rome-Lib/graficon55nodi/grafo4760.55,55,97,0,675,857,1629,1714,25,3.712,6.5031,212,0.054
376,Rome-Lib/graficon37nodi/grafo6217.37,37,94,0,469,607,1170,1214,17,0.678,0.7062,1,0.039
377,Rome-Lib/graficon42nodi/grafo10756.42,42,93,0,393,467,953,934,10,0.259,0.2955,1,0.031
378,Rome-Lib/graficon38nodi/grafo6655.38,38,93,0,518,607,1218,1214,10,0.196,0.2543,1,0.039
379,Rome-Lib/graficon48nodi/grafo6924.48,48,93,0,413,512,1018,1024,13,0.958,1.263,79,0.033
380,Rome-Lib/graficon50nodi/grafo4580.50,50,99,1,442,548,1089,1096,14,0.146,0.1911,1,0.035
381,Rome-Lib/graficon46nodi/grafo5338.46,46,94,0,502,649,1245,1298,16,0.47,0.5469,1,0.073
382,Rome-Lib/graficon56nodi/grafo4780.56,56,94,0,457,554,1105,1108,9,0.311,0.3425,1,0.036
383,north/g.40.13.graphml,40,91,0,151,159,401,318,0,0.012,0.0103,1,0.011
384,Rome-Lib/graficon46nodi/grafo6615.46,46,90,0,488,673,1251,1346,21,0.517,0.5846,1,0.041
385,north/g.84.2.graphml,84,94,0,1202,237,1533,474,0,0.143,0.179,1,0.041
386,Rome-Lib/graficon45nodi/grafo7604.45,45,105,0,622,757,1484,1514,17,0.762,0.8356,1,0.048
387,Rome-Lib/graficon39nodi/grafo5571.39,39,105,0,589,735,1429,1470,14,0.508,0.5851,1,0.046
388,Rome-Lib/graficon43nodi/grafo7020.43,43,107,0,690,827,1624,1654,24,3.348,3.7818,1,0.053
389,Rome-Lib/graficon48nodi/grafo2250.48,48,109,1,398,455,962,910,3,0.111,0.0987,1,0.031
390,Rome-Lib/graficon52nodi/grafo3442.52,52,107,0,741,998,1846,1996,24,0.997,1.2314,1,0.061
391,Rome-Lib/graficon60nodi/grafo5027.60,60,103,1,755,1128,1986,2256,61,60.037,106.5058,2318,0.067
392,Rome-Lib/graficon54nodi/grafo3630.54,54,105,0,645,765,1515,1530,16,0.672,0.8105,1,0.05
393,Rome-Lib/graficon57nodi/grafo4177.57,57,107,0,822,1027,1956,2054,19,0.965,1.2022,1,0.065
394,Rome-Lib/graficon55nodi/grafo5960.55,55,108,0,934,1226,2268,2452,55,1.522,2.1391,1,0.075
395,Rome-Lib/graficon61nodi/grafo3556.61,61,107,0,592,700,1399,1400,6,0.216,0.3016,1,0.045
396,Rome-Lib/graficon71nodi/grafo9653.71,71,103,0,542,609,1254,1218,2,0.175,0.245,1,0.04
397,Rome-Lib/graficon64nodi/grafo4368.64,64,103,0,694,898,1695,1796,24,3.328,5.9384,167,0.088
398,Rome-Lib/graficon42nodi/grafo7443.42,42,101,0,349,387,837,774,7,0.151,0.1584,1,0.031
399,north/g.37.19.graphml,37,109,0,250,296,655,592,6,0.076,0.0602,1,0.02
400,north/g.94.0.graphml,94,101,0,715,104,920,208,0,0.056,0.0517,1,0.023
401,Rome-Lib/graficon60nodi/grafo1192.60,60,106,1,689,931,1726,1862,34,47.857,114.5592,3862,0.059
402,Rome-Lib/graficon61nodi/grafo3257.61,61,102,0,918,1274,2294,2548,40,60.027,102.2225,1843,0.077
403,Rome-Lib/graficon59nodi/grafo6718.59,59,103,0,609,763,1475,1526,12,0.43,0.4928,1,0.048
404,north/g.100.3.graphml,100,101,0,1222,889,2212,1778,5,0.36,0.4342,1,0.067
405,Rome-Lib/graficon45nodi/grafo6438.45,45,105,0,528,633,1266,1266,9,0.379,0.4235,1,0.041
406,Rome-Lib/graficon41nodi/grafo7575.41,41,108,0,488,586,1182,1172,12,0.42,0.4809,1,0.038
407,Rome-Lib/graficon44nodi/grafo6563.44,44,103,0,501,639,1243,1278,21,0.454,0.596,1,0.04
408,Rome-Lib/graficon40nodi/grafo6920.40,40,102,0,518,632,1252,1264,14,0.241,0.3705,1,0.041
409,Rome-Lib/graficon46nodi/grafo6782.46,46,105,0,687,970,1762,1940,35,0.783,1.0836,1,0.059
410,Rome-Lib/graficon55nodi/grafo3517.55,55,100,1,550,665,1315,1330,17,1.74,3.2506,145,0.042
411,Rome-Lib/graficon57nodi/grafo7289.57,57,100,0,541,668,1309,1336,18,0.768,0.7921,1,0.043
412,Rome-Lib/graficon44nodi/grafo3331.44,44,103,0,619,778,1500,1556,22,0.308,0.4214,1,0.048
413,Rome-Lib/graficon58nodi/grafo1501.58,58,108,0,359,429,896,858,5,0.118,0.1616,1,0.034
414,Rome-Lib/graficon64nodi/grafo9467.64,64,117,0,547,611,1275,1222,8,0.278,0.3784,1,0.04
415,Rome-Lib/graficon65nodi/grafo4377.65,65,113,0,805,989,1907,1978,19,2.567,4.0573,105,0.062
416,north/g.17.10.graphml,17,111,0,1055,1462,2628,2924,95,3.138,3.6842,1,0.121
417,Rome-Lib/graficon47nodi/grafo1186.47,47,113,0,511,592,1216,1184,11,1.586,2.6625,176,0.038
418,north/g.49.5.graphml,49,115,0,704,745,1564,1490,1,0.237,0.3498,1,0.05
419,Rome-Lib/graficon60nodi/grafo4229.60,60,113,0,688,918,1719,1836,25,0.762,0.9489,1,0.057
420,Rome-Lib/graficon44nodi/grafo5326.44,44,112,0,769,1009,1890,2018,23,0.789,0.9707,1,0.064
421,Rome-Lib/graficon62nodi/grafo6110.62,62,116,0,958,1213,2287,2426,29,1.523,2.0918,1,0.078
422,Rome-Lib/graficon56nodi/grafo4062.56,56,118,0,1118,1653,2889,3306,57,60.186,113.9561,1302,0.099
423,Rome-Lib/graficon35nodi/grafo5852.35,35,112,0,494,589,1195,1178,7,0.415,0.4622,1,0.039
424,DAGmar/graphs/1.6/uniform_n40_e64_i2.graphml,40,118,0,1469,1933,3520,3866,82,60.019,134.1481,519,0.12
425,Rome-Lib/graficon70nodi/grafo4755.70,70,114,0,946,1275,2335,2550,35,1.589,2.2962,1,0.119
426,Rome-Lib/graficon64nodi/grafo9057.64,64,114,0,720,1012,1846,2024,32,4.068,7.7444,139,0.062
427,Rome-Lib/graficon51nodi/grafo4862.51,51,111,0,483,596,1190,1192,10,0.201,0.2582,1,0.038
428,Rome-Lib/graficon67nodi/grafo7507.67,67,117,1,951,1181,2249,2362,17,0.644,0.9587,1,0.075
429,Rome-Lib/graficon68nodi/grafo6622.68,68,115,0,450,495,1060,990,4,0.259,0.2221,1,0.033
430,north/g.47.25.graphml,47,118,1,626,632,1376,1264,3,0.209,0.2366,1,0.043
431,Rome-Lib/graficon52nodi/grafo7115.52,52,113,0,568,656,1337,1312,7,0.218,0.3004,1,0.042
432,Rome-Lib/graficon56nodi/grafo4256.56,56,117,1,847,1052,2016,2104,13,0.555,0.7375,1,0.066
433,Rome-Lib/graficon37nodi/grafo10564.37,37,115,0,484,528,1127,1056,4,0.22,0.2293,1,0.036
434,Rome-Lib/graficon75nodi/grafo8056.75,75,116,0,767,899,1782,1798,15,1.878,2.0096,1,0.059
435,Rome-Lib/graficon48nodi/grafo7490.48,48,115,0,524,665,1304,1330,18,0.76,0.7787,1,0.051
436,north/g.47.6.graphml,47,116,0,149,155,420,310,0,0.01,0.0084,1,0.011
437,Rome-Lib/graficon42nodi/grafo5463.42,42,117,0,814,1027,1958,2054,28,0.559,0.7136,1,0.063
438,Rome-Lib/graficon58nodi/grafo4723.58,58,118,0,539,613,1270,1226,5,0.216,0.2875,1,0.04
439,Rome-Lib/graficon64nodi/grafo4987.64,64,116,0,700,812,1628,1624,14,1.362,1.5355,1,0.052
440,north/g.42.23.graphml,42,116,3,952,881,1949,1762,25,0.34,0.43,1,0.09
441,Rome-Lib/graficon64nodi/grafo9633.64,64,122,0,859,1182,2163,2364,39,12.299,21.8175,456,0.072
442,north/g.44.15.graphml,44,122,0,227,251,600,502,2,0.039,0.0332,1,0.02
443,Rome-Lib/graficon43nodi/grafo5443.43,43,122,0,680,812,1614,1624,16,0.807,1.0,1,0.052
444,Rome-Lib/graficon60nodi/grafo4138.60,60,129,0,1017,1355,2501,2710,40,7.829,9.2464,1,0.084
445,north/g.69.0.graphml,69,123,0,351,314,788,628,0,0.026,0.024,1,0.025
446,Rome-Lib/graficon66nodi/grafo8998.66,66,127,0,1382,2161,3670,4322,129,60.018,133.3517,417,0.129
447,Rome-Lib/graficon65nodi/grafo4121.65,65,120,0,810,1047,1977,2094,31,25.652,64.3943,1384,0.064
448,Rome-Lib/graficon67nodi/grafo9571.67,67,127,0,767,871,1765,1742,13,1.368,1.5473,1,0.056
449,Rome-Lib/graficon60nodi/grafo8931.60,60,121,0,834,1078,2033,2156,24,1.157,1.7037,1,0.067
450,Rome-Lib/graficon44nodi/grafo5440.44,44,124,0,704,784,1612,1568,11,3.64,8.7269,389,0.082
451,Rome-Lib/graficon53nodi/grafo6773.53,53,120,0,796,1009,1925,2018,23,3.173,3.8988,7,0.064
452,Rome-Lib/graficon37nodi/grafo5796.37,37,120,0,852,1019,1991,2038,19,1.031,1.2274,1,0.065
453,DAGmar/graphs/1.6/uniform_n40_e64_i8.graphml,40,128,0,1693,2295,4116,4590,68,26.607,27.4085,1,0.139
454,Rome-Lib/graficon61nodi/grafo1396.61,61,126,0,556,681,1363,1362,11,0.278,0.3079,1,0.044
455,Rome-Lib/graficon69nodi/grafo9667.69,69,126,0,938,1213,2277,2426,25,3.197,4.7978,38,0.076
456,Rome-Lib/graficon48nodi/grafo3559.48,48,124,0,981,1241,2346,2482,35,0.875,1.0993,1,0.079
457,Rome-Lib/graficon60nodi/grafo4876.60,60,127,0,705,853,1685,1706,23,3.143,3.3431,1,0.084
458,Rome-Lib/graficon58nodi/grafo4842.58,58,124,0,941,1258,2323,2516,41,6.696,7.6046,1,0.078
459,Rome-Lib/graficon65nodi/grafo4828.65,65,125,0,927,1219,2271,2438,23,1.95,2.2648,1,0.075
460,Rome-Lib/graficon78nodi/grafo9752.78,78,129,0,1072,1383,2584,2766,23,4.146,4.6589,1,0.088
461,Rome-Lib/graficon47nodi/grafo5797.47,47,128,0,715,859,1702,1718,12,0.3,0.4459,1,0.056
462,Rome-Lib/graficon71nodi/grafo9125.71,71,121,0,755,890,1766,1780,11,0.631,0.7783,1,0.058
463,Rome-Lib/graficon54nodi/grafo5088.54,54,122,0,762,955,1839,1910,26,1.047,1.1782,1,0.06
464,Rome-Lib/graficon67nodi/grafo5107.67,67,129,0,850,1028,2007,2056,15,0.272,0.3359,1,0.067
465,Rome-Lib/graficon54nodi/grafo1545.54,54,134,0,846,1014,1994,2028,17,0.791,1.0917,1,0.096
466,Rome-Lib/graficon60nodi/grafo4575.60,60,132,0,746,944,1822,1888,26,7.956,17.361,536,0.061
467,Rome-Lib/graficon57nodi/grafo5853.57,57,130,0,1109,1398,2637,2796,35,2.352,3.1216,1,0.087
468,Rome-Lib/graficon59nodi/grafo4596.59,59,137,0,890,1211,2238,2422,35,5.114,5.5153,1,0.075
469,Rome-Lib/graficon60nodi/grafo4508.60,60,133,0,624,727,1484,1454,14,0.747,0.9104,1,0.048
470,Rome-Lib/graficon53nodi/grafo6221.53,53,137,0,541,600,1278,1200,8,0.425,0.5608,1,0.04
471,Rome-Lib/graficon59nodi/grafo4464.59,59,137,0,790,950,1877,1900,17,0.802,1.1033,1,0.062
472,Rome-Lib/graficon67nodi/grafo9688.67,67,132,0,983,1193,2308,2386,22,1.942,2.396,1,0.075
473,Rome-Lib/graficon74nodi/grafo8509.74,74,131,1,893,1081,2105,2162,10,1.158,1.3913,1,0.07
474,Rome-Lib/graficon59nodi/grafo3674.59,59,139,0,1210,1695,3044,3390,58,60.039,127.8151,1360,0.102
475,Rome-Lib/graficon43nodi/grafo3913.43,43,133,0,725,931,1789,1862,32,52.513,137.9871,3243,0.087
476,Rome-Lib/graficon71nodi/grafo9173.71,71,134,1,1302,1888,3324,3776,73,60.013,137.5207,685,0.116
477,Rome-Lib/graficon43nodi/grafo7430.43,43,136,0,1001,1324,2461,2648,47,13.712,14.5226,1,0.081
478,Rome-Lib/graficon59nodi/grafo6695.59,59,130,0,833,1067,2030,2134,33,44.673,108.6562,2263,0.066
479,Rome-Lib/graficon57nodi/grafo4134.57,57,130,0,1001,1372,2503,2744,35,6.561,11.4549,272,0.086
480,Rome-Lib/graficon56nodi/grafo4880.56,56,138,1,762,893,1793,1786,12,0.757,0.8683,1,0.058
481,Rome-Lib/graficon70nodi/grafo9649.70,70,133,0,921,1068,2122,2136,12,0.64,0.7682,1,0.069
482,Rome-Lib/graficon72nodi/grafo9808.72,72,136,0,1108,1412,2656,2824,32,6.786,6.8216,1,0.088
483,Rome-Lib/graficon58nodi/grafo3215.58,58,130,0,771,954,1855,1908,19,2.351,2.3808,1,0.061
484,Rome-Lib/graficon56nodi/grafo3427.56,56,131,0,1147,1554,2832,3108,48,10.462,10.2778,1,0.155
485,Rome-Lib/graficon66nodi/grafo9283.66,66,135,1,869,1162,2166,2324,40,60.026,134.4355,2921,0.074
486,Rome-Lib/graficon42nodi/grafo5165.42,42,130,0,598,684,1412,1368,10,0.36,0.4013,1,0.046
487,Rome-Lib/graficon60nodi/grafo8525.60,60,145,1,1246,1612,3003,3224,41,60.014,144.564,779,0.1
488,Rome-Lib/graficon65nodi/grafo4417.65,65,148,1,1303,1718,3169,3436,55,60.014,138.6074,698,0.108
489,Rome-Lib/graficon70nodi/grafo9739.70,70,144,0,619,709,1472,1418,11,0.796,0.8868,1,0.047
490,Rome-Lib/graficon59nodi/grafo5214.59,59,144,0,1036,1272,2452,2544,27,33.895,78.2125,1396,0.111
491,Rome-Lib/graficon59nodi/grafo7660.59,59,140,0,1179,1517,2836,3034,31,4.153,4.2287,1,0.11
492,Rome-Lib/graficon50nodi/grafo6264.50,50,144,0,1029,1268,2441,2536,30,4.242,5.1825,1,0.087
493,Rome-Lib/graficon53nodi/grafo3973.53,53,148,0,896,1011,2055,2022,15,1.128,1.3725,1,0.067
494,Rome-Lib/graficon64nodi/grafo4384.64,64,140,0,1189,1560,2889,3120,57,60.016,148.3869,1112,0.094
495,Rome-Lib/graficon46nodi/grafo5705.46,46,146,0,960,1181,2287,2362,26,1.814,2.2141,1,0.078
496,Rome-Lib/graficon60nodi/grafo4082.60,60,144,0,1033,1269,2446,2538,38,1.544,2.1689,1,0.08
497,Rome-Lib/graficon68nodi/grafo9165.68,68,142,0,1180,1532,2854,3064,36,5.283,5.5114,1,0.122
498,Rome-Lib/graficon89nodi/grafo8947.89,89,143,1,1449,1996,3588,3992,52,60.094,127.0842,1034,0.134
499,Rome-Lib/graficon63nodi/grafo9424.63,63,141,0,1037,1270,2448,2540,33,8.597,13.6158,145,0.081
500,Rome-Lib/graficon58nodi/grafo6452.58,58,148,0,844,1054,2046,2108,25,3.049,3.1777,1,0.066
501,Rome-Lib/graficon36nodi/grafo3182.36,36,147,1,945,1110,2202,2220,25,0.468,0.7999,1,0.077
502,north/g.23.86.graphml,23,146,9,1177,1701,3024,3402,61,60.055,137.232,1384,0.107
503,Rome-Lib/graficon75nodi/grafo8517.75,75,142,0,1280,1656,3078,3312,27,3.693,4.1098,1,0.128
504,Rome-Lib/graficon66nodi/grafo9148.66,66,143,1,1029,1295,2467,2590,24,1.925,2.3979,1,0.081
505,Rome-Lib/graficon62nodi/grafo4653.62,62,148,0,1411,2019,3578,4038,66,28.939,29.7096,1,0.126
506,Rome-Lib/graficon60nodi/grafo5082.60,60,140,0,913,1167,2220,2334,30,7.34,11.2138,134,0.073
507,Rome-Lib/graficon67nodi/grafo9106.67,67,145,1,668,827,1640,1654,22,4.995,9.8903,173,0.053
508,Rome-Lib/graficon75nodi/grafo8622.75,75,154,0,1292,1546,2992,3092,28,60.081,108.0319,1650,0.099
509,Rome-Lib/graficon64nodi/grafo9420.64,64,155,0,947,1195,2297,2390,23,2.379,2.8101,1,0.076
510,Rome-Lib/graficon59nodi/grafo4445.59,59,157,1,894,1106,2157,2212,29,3.968,7.1048,25,0.071
511,Rome-Lib/graficon67nodi/grafo1235.67,67,153,0,837,1060,2050,2120,24,0.971,1.2677,1,0.068
512,Rome-Lib/graficon63nodi/grafo4681.63,63,158,0,1020,1187,2365,2374,15,1.643,2.0382,1,0.077
513,Rome-Lib/graficon82nodi/grafo8627.82,82,154,0,1545,1992,3691,3984,59,60.02,134.1091,942,0.123
514,Rome-Lib/graficon49nodi/grafo7332.49,49,153,0,1540,2219,3912,4438,90,60.015,77.0656,93,0.132
515,Rome-Lib/graficon63nodi/grafo4793.63,63,151,0,1201,1414,2766,2828,25,0.838,1.3694,1,0.12
516,Rome-Lib/graficon67nodi/grafo9748.67,67,150,1,1485,2126,3761,4252,62,60.014,130.9636,740,0.129
517,Rome-Lib/graficon74nodi/grafo4523.74,74,151,0,1080,1307,2538,2614,25,5.965,8.7223,108,0.084
518,Rome-Lib/graficon96nodi/grafo10776.96,96,154,0,1319,1698,3171,3396,34,37.167,84.8783,1290,0.124
519,Rome-Lib/graficon51nodi/grafo3717.51,51,154,0,986,1151,2291,2302,20,1.835,2.2813,1,0.075
520,Rome-Lib/graficon79nodi/grafo4759.79,79,157,0,1557,2129,3843,4258,55,60.015,132.1643,286,0.158
521,Rome-Lib/graficon78nodi/grafo8454.78,78,158,0,1302,1564,3024,3128,34,30.859,55.9391,632,0.099
522,Rome-Lib/graficon45nodi/grafo5161.45,45,155,0,1255,1564,2974,3128,40,2.982,3.8436,1,0.097
523,Rome-Lib/graficon62nodi/grafo4215.62,62,155,0,1159,1445,2759,2890,39,44.036,116.851,500,0.091
524,Rome-Lib/graficon91nodi/grafo8787.91,91,169,0,1732,2321,4222,4642,64,60.02,128.5506,513,0.143
525,north/g.93.0.graphml,93,166,0,990,345,1501,690,0,0.078,0.0787,1,0.04
526,Rome-Lib/graficon70nodi/grafo8356.70,70,166,1,1754,2450,4370,4900,77,60.006,82.4379,44,0.177
527,Rome-Lib/graficon62nodi/grafo6413.62,62,164,0,1583,2072,3819,4144,53,6.748,6.696,1,0.142
528,Rome-Lib/graficon53nodi/grafo3297.53,53,166,0,1110,1325,2601,2650,25,1.611,2.2095,1,0.085
529,Rome-Lib/graficon70nodi/grafo9474.70,70,165,0,943,1128,2236,2256,18,2.556,2.6924,1,0.073
530,Rome-Lib/graficon70nodi/grafo7874.70,70,161,0,1604,2254,4019,4508,70,12.691,14.6064,1,0.165
531,Rome-Lib/graficon75nodi/grafo6681.75,75,169,1,1446,1927,3542,3854,65,60.014,125.4101,690,0.139
532,Rome-Lib/graficon66nodi/grafo4973.66,66,167,0,1385,1797,3349,3594,39,41.301,82.7681,1133,0.11
533,Rome-Lib/graficon78nodi/grafo8329.78,78,163,0,1089,1357,2609,2714,31,10.309,15.6273,306,0.085
534,Rome-Lib/graficon61nodi/grafo5281.61,61,162,0,1258,1628,3048,3256,43,11.541,11.2688,1,0.102
535,Rome-Lib/graficon59nodi/grafo3867.59,59,163,0,1236,1534,2933,3068,42,25.612,38.3331,238,0.123
536,Rome-Lib/graficon76nodi/grafo9718.76,76,167,0,1034,1175,2376,2350,13,2.402,2.7713,1,0.075
537,Rome-Lib/graficon81nodi/grafo8271.81,81,166,0,1478,2017,3661,4034,66,60.013,119.1705,319,0.138
538,Rome-Lib/graficon61nodi/grafo8136.61,61,162,0,1258,1628,3048,3256,43,11.746,11.2688,1,0.105
539,Rome-Lib/graficon64nodi/grafo9437.64,64,161,1,931,1072,2164,2144,10,2.226,2.3833,1,0.07
540,Rome-Lib/graficon53nodi/grafo3590.53,53,164,0,1147,1405,2716,2810,36,30.584,60.3751,763,0.089
541,Rome-Lib/graficon64nodi/grafo9504.64,64,166,0,1296,1615,3077,3230,33,8.402,8.4745,1,0.13
542,Rome-Lib/graficon67nodi/grafo9515.67,67,170,0,1199,1399,2768,2798,27,5.553,5.7621,1,0.089
543,Rome-Lib/graficon80nodi/grafo5577.80,80,176,2,1946,2408,4530,4816,45,60.012,129.6254,693,0.164
544,Rome-Lib/graficon92nodi/grafo8904.92,92,177,0,2228,2960,5365,5920,178,60.015,61.8852,1,0.18
545,Rome-Lib/graficon77nodi/grafo4317.77,77,179,0,1348,1662,3189,3324,33,4.387,4.3842,1,0.134
546,Rome-Lib/graficon93nodi/grafo11289.93,93,177,0,1333,1657,3167,3314,40,17.863,24.5653,43,0.106
547,Rome-Lib/graficon68nodi/grafo4135.68,68,177,0,1820,2299,4296,4598,60,60.085,100.8899,25,0.15
548,Rome-Lib/graficon95nodi/grafo10595.95,95,172,0,1532,2023,3727,4046,75,60.02,140.7879,479,0.125
549,Rome-Lib/graficon75nodi/grafo4870.75,75,170,0,1245,1583,2998,3166,38,22.876,46.6625,693,0.101
550,Rome-Lib/graficon76nodi/grafo8374.76,76,173,0,1242,1533,2948,3066,31,8.344,8.1129,1,0.125
551,Rome-Lib/graficon83nodi/grafo9201.83,83,172,0,1767,2276,4215,4552,57,60.019,116.6836,736,0.144
552,Rome-Lib/graficon67nodi/grafo9108.67,67,174,0,1765,2354,4293,4708,88,60.014,56.7416,1,0.142
553,Rome-Lib/graficon82nodi/grafo5005.82,82,171,0,1366,1623,3160,3246,39,25.727,44.0332,407,0.104
554,Rome-Lib/graficon57nodi/grafo3409.57,57,170,0,1238,1595,3003,3190,43,28.055,63.6648,463,0.127
555,Rome-Lib/graficon82nodi/grafo7773.82,82,177,0,1677,2187,4041,4374,53,60.029,125.8846,413,0.136
556,Rome-Lib/graficon71nodi/grafo4643.71,71,171,1,1213,1490,2874,2980,18,3.345,3.999,1,0.107
557,Rome-Lib/graficon90nodi/grafo7524.90,90,178,0,1621,1950,3749,3900,42,60.022,131.0118,952,0.126
558,Rome-Lib/graficon81nodi/grafo6711.81,81,175,0,1032,1226,2433,2452,25,53.89,122.953,1907,0.081
559,Rome-Lib/graficon74nodi/grafo9574.74,74,173,0,1572,2149,3894,4298,90,60.013,107.169,314,0.162
560,Rome-Lib/graficon63nodi/grafo4495.63,63,182,0,1501,1961,3644,3922,48,22.875,21.0662,1,0.123
561,Rome-Lib/graficon74nodi/grafo1197.74,74,184,0,1403,1730,3317,3460,46,60.014,132.131,653,0.112
562,Rome-Lib/graficon68nodi/grafo9677.68,68,186,0,1540,1931,3657,3862,84,20.776,18.5278,1,0.122
