Index,Data,combo_idx,Nodes,TotalNodes,ObjVal,Crossings,EdgeLength,Runtime,Status
1,graph_5_0,9,5,6,5.0,0,5.0,0.02929544448852539,2
2,graph_5_1,9,5,5,4.0,1,3.0,0.013683795928955078,2
3,graph_5_2,9,5,5,3.0,1,2.0,0.0027618408203125,2
4,graph_5_3,9,5,7,3.9999999999999947,0,3.9999999999999947,0.025577306747436523,2
5,graph_5_4,9,5,8,7.999999999999945,0,8.000000000000018,0.029050827026367188,2
6,graph_5_5,9,5,7,3.0,0,3.0,0.021336793899536133,2
7,graph_5_6,9,5,6,3.0,0,3.0,0.02245354652404785,2
8,graph_5_7,9,5,6,4.999999999999888,0,4.999999999999888,0.022336244583129883,2
9,graph_5_8,9,5,6,2.0,0,2.0,0.001733541488647461,2
10,graph_5_9,9,5,6,3.0,0,3.0,0.022977828979492188,2
11,graph_5_10,9,5,6,5.999999999999989,0,5.999999999999989,0.028366804122924805,2
12,graph_5_11,9,5,6,3.9999999999999876,0,3.9999999999999876,0.021944046020507812,2
13,graph_5_12,9,5,6,6.0,0,6.0,0.024282455444335938,2
14,graph_5_13,9,5,7,6.0,0,6.0,0.025714397430419922,2
15,graph_5_14,9,5,8,10.0,0,10.0,0.03294682502746582,2
16,graph_5_15,9,5,7,3.999999999999994,0,3.999999999999994,0.021524906158447266,2
17,graph_5_16,9,5,7,3.9999999999999885,0,3.999999999999989,0.02348160743713379,2
18,graph_5_17,9,5,7,3.999999999999994,0,3.999999999999994,0.022859573364257812,2
19,graph_5_18,9,5,6,3.999999999999994,0,3.999999999999994,0.022406816482543945,2
20,graph_5_19,9,5,8,4.999999999999988,0,4.999999999999994,0.025993824005126953,2
21,graph_5_20,9,5,8,3.999999999999991,0,3.999999999999991,0.022562026977539062,2
22,graph_5_21,9,5,7,5.999999999999963,0,5.999999999999963,0.02605271339416504,2
23,graph_5_22,9,5,7,6.0,0,6.0,0.028047561645507812,2
24,graph_5_23,9,5,7,4.99999999999997,0,5.000000000000009,0.027251720428466797,2
25,graph_5_24,9,5,8,8.000000000000002,0,8.000000000000002,0.03154611587524414,2
26,graph_5_25,9,5,6,4.0,0,4.0,0.022782325744628906,2
27,graph_5_26,9,5,8,4.0,0,4.0,0.0257720947265625,2
28,graph_5_27,9,5,6,7.0,1,6.0,0.026222705841064453,2
29,graph_5_28,9,5,6,5.0,1,4.0,0.021571636199951172,2
30,graph_5_29,9,5,8,5.999999999999977,0,5.9999999999999885,0.028489112854003906,2
31,graph_5_30,9,5,7,7.0,1,6.0,0.02947521209716797,2
32,graph_5_31,9,5,11,7.0,1,6.0,0.0335080623626709,2
33,graph_5_32,9,5,8,4.0,0,4.0,0.020344972610473633,2
34,graph_5_33,9,5,8,5.0,0,5.0,0.013015270233154297,2
35,graph_5_34,9,5,10,7.999999999999972,0,7.999999999999972,0.031688690185546875,2
36,graph_5_35,9,5,8,8.99999999999999,1,7.999999999999993,0.031109094619750977,2
37,graph_5_36,9,5,10,4.9999999999999964,0,5.0000000000000036,0.028811931610107422,2
38,graph_5_37,9,5,7,4.999999999999988,0,4.9999999999999885,0.01013803482055664,2
39,graph_5_38,9,5,9,4.999999999999994,0,4.9999999999999964,0.02517104148864746,2
40,graph_5_39,9,5,9,6.999999999999957,0,6.999999999999957,0.034040212631225586,2
41,graph_5_40,9,5,8,5.0,0,5.0,0.023884296417236328,2
42,graph_5_41,9,5,10,6.999999999999961,0,6.999999999999961,0.036200523376464844,2
43,graph_5_42,9,5,8,5.0,0,5.0,0.012278079986572266,2
44,graph_5_43,9,5,8,12.999999999999988,1,11.999999999999993,0.0492403507232666,2
45,graph_5_44,9,5,8,8.999999999999936,1,7.999999999999968,0.0339503288269043,2
46,graph_5_45,9,5,10,7.999999999999975,0,7.999999999999975,0.037949562072753906,2
47,graph_5_46,9,5,9,10.0,0,10.0,0.04378914833068848,2
48,graph_5_47,9,5,8,5.0,0,5.0,0.025129318237304688,2
49,graph_5_48,9,5,10,6.999999999999957,0,6.999999999999972,0.03548836708068848,2
50,graph_5_49,9,5,9,5.9999999999999645,0,5.9999999999999645,0.02521967887878418,2
51,graph_5_50,9,5,11,13.0,2,11.0,0.05960726737976074,2
52,graph_5_51,9,5,10,14.0,1,13.000000000000002,1.3864645957946777,2
53,graph_5_52,9,5,7,8.99999999999996,1,7.999999999999959,0.02712225914001465,2
54,graph_5_53,9,5,12,11.0,0,11.0,0.055130958557128906,2
55,graph_5_54,9,5,13,11.999999999999858,1,10.999999999999858,1.393477201461792,2
56,graph_5_55,9,5,10,15.999999999999847,0,15.999999999999847,1.510883092880249,2
57,graph_5_56,9,5,12,12.999999999999998,0,13.0,1.4901721477508545,2
58,graph_5_57,9,5,12,8.99999999999999,0,8.99999999999999,0.04249930381774902,2
59,graph_5_58,9,5,8,6.0,0,6.0,0.025494098663330078,2
60,graph_5_59,9,5,10,11.0,0,11.0,0.0764462947845459,2
61,graph_5_60,9,5,10,8.99999999999994,0,8.99999999999994,0.04729270935058594,2
62,graph_5_61,9,5,10,8.999999999999973,0,8.999999999999975,0.035204172134399414,2
63,graph_5_62,9,5,9,9.999999999999993,1,8.999999999999993,0.03218531608581543,2
64,graph_5_63,9,5,7,8.999999999999973,1,7.999999999999973,0.02935934066772461,2
65,graph_5_64,9,5,11,10.0,1,9.0,0.03950095176696777,2
66,graph_5_65,9,5,10,19.000000000000007,0,19.000000000000007,1.7560346126556396,2
67,graph_5_66,9,5,10,9.999999999999993,1,8.999999999999991,0.03749704360961914,2
68,graph_5_67,9,5,12,9.0,1,8.0,0.03750491142272949,2
69,graph_5_68,9,5,9,16.0,3,13.0,0.06440138816833496,2
70,graph_5_69,9,5,10,7.999999999999992,1,6.999999999999993,0.0307462215423584,2
71,graph_5_70,9,5,7,9.0,1,8.0,0.03951406478881836,2
72,graph_5_71,9,5,14,11.99999999999974,0,11.99999999999974,1.4042668342590332,2
73,graph_5_72,9,5,10,9.999999999999991,0,10.000000000000014,0.03913259506225586,2
74,graph_5_73,9,5,13,9.99999999999998,0,10.000000000000014,0.03562307357788086,2
75,graph_5_74,9,5,13,10.999999999999961,1,9.999999999999968,0.052236080169677734,2
76,graph_5_75,9,5,14,16.999999999999996,0,17.0,1.8320720195770264,2
77,graph_5_76,9,5,13,14.0,0,14.0,0.06959199905395508,2
78,graph_5_77,9,5,12,9.999999999999979,1,9.000000000000007,0.06545305252075195,2
79,graph_5_78,9,5,13,12.0,0,12.0,0.056708574295043945,2
80,graph_5_79,9,5,12,9.999999999999986,1,8.999999999999986,0.05987358093261719,2
81,graph_5_80,9,5,12,13.0,1,12.0,0.06256294250488281,2
82,graph_5_81,9,5,14,19.999999999999908,0,19.999999999999908,1.9940376281738281,2
83,graph_5_82,9,5,13,9.999999999999973,0,10.000000000000014,0.05110740661621094,2
84,graph_5_83,9,5,12,17.0,1,16.0,1.5395443439483643,2
85,graph_5_84,9,5,14,16.999999999999957,1,15.999999999999964,0.1450939178466797,2
86,graph_5_85,9,5,13,9.999999999999961,0,9.999999999999961,0.05629086494445801,2
87,graph_5_86,9,5,13,10.999999999999979,1,9.999999999999979,0.04480242729187012,2
88,graph_5_87,9,5,10,14.0,0,14.0,0.0630488395690918,2
89,graph_5_88,9,5,12,19.999999999999872,3,16.99999999999987,1.459998369216919,2
90,graph_5_89,9,5,13,8.999999999999963,0,8.999999999999963,0.04018115997314453,2
91,graph_5_90,9,5,15,24.999999999999908,1,23.999999999999908,2.416822910308838,2
92,graph_5_91,9,5,15,18.999999999999908,1,17.999999999999908,1.6444544792175293,2
93,graph_5_92,9,5,15,19.0,1,18.0,1.69242525100708,2
94,graph_5_93,9,5,15,18.99999999999972,1,17.99999999999972,1.7434968948364258,2
95,graph_5_94,9,5,15,21.0,1,20.0,1.777637004852295,2
96,graph_5_95,9,5,15,17.999999999999886,2,15.999999999999888,1.5906920433044434,2
97,graph_5_96,9,5,15,14.999999999999881,1,13.999999999999881,1.6203835010528564,2
98,graph_5_97,9,5,15,14.999999999999991,1,13.999999999999993,1.3964571952819824,2
99,graph_5_98,9,5,15,14.999999999999845,1,13.999999999999845,0.07553863525390625,2
100,graph_5_99,9,5,15,15.999999999999932,2,13.999999999999932,1.480600357055664,2
101,graph_6_0,9,6,8,4.0,0,4.0,0.028690338134765625,2
102,graph_6_1,9,6,7,3.0000000000000004,0,3.000000000000001,0.024388551712036133,2
103,graph_6_2,9,6,7,4.999999999999998,0,5.0,0.027321815490722656,2
104,graph_6_3,9,6,7,5.0,1,4.0,0.02657294273376465,2
105,graph_6_4,9,5,8,5.999999999999929,0,5.999999999999929,0.02714395523071289,2
106,graph_6_5,9,6,7,2.999999999999997,0,3.0,0.02366924285888672,2
107,graph_6_6,9,6,7,3.9999999999999867,0,4.0,0.025220632553100586,2
108,graph_6_7,9,6,6,3.999999999999994,1,2.999999999999997,0.020787477493286133,2
109,graph_6_8,9,6,7,2.0,0,2.0,0.002237081527709961,2
110,graph_6_9,9,6,8,3.999999999999994,0,3.999999999999994,0.013792753219604492,2
111,graph_6_10,9,6,7,6.0,1,5.0,0.026404380798339844,2
112,graph_6_11,9,6,9,3.999999999999994,0,3.999999999999997,0.023711442947387695,2
113,graph_6_12,9,6,11,12.0,0,12.0,1.4388740062713623,2
114,graph_6_13,9,6,11,6.0,0,6.0,0.033951520919799805,2
115,graph_6_14,9,6,7,4.0,0,4.0,0.0223543643951416,2
116,graph_6_15,9,6,8,3.0,0,3.0,0.008905649185180664,2
117,graph_6_16,9,6,8,7.0,1,6.0,0.043305158615112305,2
118,graph_6_17,9,6,9,7.0,1,6.0,0.03340411186218262,2
119,graph_6_18,9,6,8,5.0,0,5.0,0.02556014060974121,2
120,graph_6_19,9,6,10,4.999999999999991,0,4.999999999999991,0.024763822555541992,2
121,graph_6_20,9,6,9,4.0,0,4.0,0.026873111724853516,2
122,graph_6_21,9,6,8,5.0,0,5.0,0.039647579193115234,2
123,graph_6_22,9,6,7,5.999999999999963,0,5.999999999999963,0.030223608016967773,2
124,graph_6_23,9,6,8,6.000000000000002,0,6.000000000000002,0.03753209114074707,2
125,graph_6_24,9,6,9,6.0,0,6.0,0.04223060607910156,2
126,graph_6_25,9,6,12,13.0,1,12.0,0.10003304481506348,2
127,graph_6_26,9,6,15,8.999999999999947,1,7.999999999999947,0.13033771514892578,2
128,graph_6_27,9,6,9,5.999999999999957,0,5.999999999999957,0.030503034591674805,2
129,graph_6_28,9,6,8,7.9999999999999645,1,6.9999999999999645,0.029248952865600586,2
130,graph_6_29,9,6,10,4.999999999999989,0,4.999999999999989,0.02523660659790039,2
131,graph_6_30,9,6,12,7.999999999999959,0,7.999999999999959,0.03624892234802246,2
132,graph_6_31,9,6,10,7.999999999999984,1,6.999999999999984,0.032318830490112305,2
133,graph_6_32,9,6,10,7.999999999999952,0,7.999999999999952,0.04397869110107422,2
134,graph_6_33,9,6,9,12.0,1,11.0,0.04684185981750488,2
135,graph_6_34,9,6,9,10.0,1,9.0,0.05471968650817871,2
136,graph_6_35,9,6,8,8.0,0,8.0,0.03264451026916504,2
137,graph_6_36,9,6,11,10.999999999999927,0,10.999999999999929,0.05207943916320801,2
138,graph_6_37,9,6,10,7.0,1,6.0,0.030471086502075195,2
139,graph_6_38,9,6,10,6.9999999999999645,0,7.0,0.03275871276855469,2
140,graph_6_39,9,6,10,8.999999999999972,0,8.999999999999972,0.04205918312072754,2
141,graph_6_40,9,6,7,10.0,1,9.0,0.03864645957946777,2
142,graph_6_41,9,6,9,7.999999999999961,0,7.999999999999961,0.02807164192199707,2
143,graph_6_42,9,6,9,13.0,1,12.0,0.04338383674621582,2
144,graph_6_43,9,6,11,12.999999999999948,1,11.999999999999948,0.057166337966918945,2
145,graph_6_44,9,6,12,16.0,1,15.0,0.07379364967346191,2
146,graph_6_45,9,6,10,16.999999999999947,1,15.99999999999995,1.433748483657837,2
147,graph_6_46,9,6,10,11.0,0,11.0,0.0421900749206543,2
148,graph_6_47,9,6,10,12.999999999999925,2,10.999999999999925,0.07534646987915039,2
149,graph_6_48,9,6,12,10.0,1,9.0,0.05325484275817871,2
150,graph_6_49,9,6,12,11.0,1,10.0,1.3656742572784424,2
151,graph_6_50,9,6,10,9.999999999999904,1,8.999999999999968,0.04411911964416504,2
152,graph_6_51,9,6,15,9.999999999999977,1,8.999999999999986,0.09856915473937988,2
153,graph_6_52,9,6,10,15.999999999999915,0,15.999999999999915,1.5492868423461914,2
154,graph_6_53,9,6,10,13.999999999999936,0,13.999999999999936,0.07287764549255371,2
155,graph_6_54,9,6,8,8.0,1,7.0,0.031606435775756836,2
156,graph_6_55,9,6,10,11.999999999999893,1,10.999999999999895,0.04313468933105469,2
157,graph_6_56,9,6,12,12.99999999999982,1,11.99999999999982,0.0825955867767334,2
158,graph_6_57,9,6,8,10.999999999999837,1,9.999999999999837,0.04530453681945801,2
159,graph_6_58,9,6,13,15.0,1,14.0,0.07328295707702637,2
160,graph_6_59,9,6,11,17.0,1,16.0,0.06926369667053223,2
161,graph_6_60,9,6,11,13.99999999999984,1,12.99999999999984,1.4298663139343262,2
162,graph_6_61,9,6,17,17.999999999999872,0,17.999999999999872,1.5970582962036133,2
163,graph_6_62,9,6,12,19.99999999999992,3,16.99999999999992,1.7613067626953125,2
164,graph_6_63,9,6,12,9.999999999999972,1,8.999999999999986,0.04076957702636719,2
165,graph_6_64,9,6,12,12.999999999999972,2,10.999999999999972,0.058087825775146484,2
166,graph_6_65,9,6,11,15.0,0,15.0,0.06962990760803223,2
167,graph_6_66,9,6,13,13.0,0,13.0,0.05638527870178223,2
168,graph_6_67,9,6,14,12.0,0,12.0,0.08610129356384277,2
169,graph_6_68,9,6,13,13.999999999999847,1,12.999999999999847,1.550492763519287,2
170,graph_6_69,9,6,13,18.0,2,16.0,1.5690674781799316,2
171,graph_6_70,9,6,12,17.0,2,15.0,1.5450124740600586,2
172,graph_6_71,9,6,11,12.999999999999938,0,12.999999999999938,1.3548693656921387,2
173,graph_6_72,9,6,13,21.99999999999984,1,20.99999999999984,1.8234591484069824,2
174,graph_6_73,9,6,12,8.999999999999961,0,8.999999999999961,0.0389096736907959,2
175,graph_6_74,9,6,14,13.999999999999842,2,11.999999999999842,1.4568901062011719,2
176,graph_6_75,9,6,10,11.999999999999984,1,10.999999999999984,0.06211447715759277,2
177,graph_6_76,9,6,21,20.999999999999957,2,19.0,2.068490505218506,2
178,graph_6_77,9,6,13,16.99999999999995,1,15.99999999999995,1.6499769687652588,2
179,graph_6_78,9,6,14,16.99999999999988,2,14.999999999999881,1.5467886924743652,2
180,graph_6_79,9,6,13,15.999999999999847,0,15.999999999999847,1.5711584091186523,2
181,graph_6_80,9,6,14,24.999999999999893,5,19.999999999999893,2.1294116973876953,2
182,graph_6_81,9,6,18,21.999999999999996,0,22.0,2.5849010944366455,2
183,graph_6_82,9,6,13,16.99999999999984,1,15.99999999999984,1.6937854290008545,2
184,graph_6_83,9,6,17,12.999999999999993,0,12.999999999999993,1.5423238277435303,2
185,graph_6_84,9,6,18,22.999999999999737,2,20.999999999999826,2.2918460369110107,2
186,graph_6_85,9,6,16,20.0,3,17.0,2.029334545135498,2
187,graph_6_86,9,6,11,19.9999999999998,1,18.9999999999998,0.07709789276123047,2
188,graph_6_87,9,6,12,13.0,0,13.0,0.0792090892791748,2
189,graph_6_88,9,6,10,15.0,3,12.0,0.061869144439697266,2
190,graph_6_89,9,6,18,13.999999999999979,0,13.999999999999979,1.6759178638458252,2
191,graph_6_90,9,6,21,18.999999999999616,2,16.999999999999872,2.5404224395751953,2
192,graph_6_91,9,6,15,14.999999999999964,2,12.999999999999964,1.5714309215545654,2
193,graph_6_92,9,6,20,18.999999999999837,1,18.00000000000008,1.8424072265625,2
194,graph_6_93,9,6,17,20.999999999999837,2,18.999999999999837,2.6200034618377686,2
195,graph_6_94,9,6,18,21.0,3,18.000000000000004,2.7454872131347656,2
196,graph_6_95,9,6,19,16.99999999999979,1,15.999999999999897,1.6271963119506836,2
197,graph_6_96,9,6,23,19.99999999999988,1,19.00000000000012,2.1688740253448486,2
198,graph_6_97,9,6,15,18.99999999999997,3,15.999999999999972,1.6746723651885986,2
199,graph_6_98,9,6,19,22.99999999999983,1,21.999999999999833,2.213317632675171,2
200,graph_6_99,9,6,15,21.0,1,20.0,2.2200074195861816,2
201,graph_7_0,9,7,11,14.0,0,14.0,1.3920328617095947,2
202,graph_7_1,9,7,8,3.0,0,3.0,0.023644685745239258,2
203,graph_7_2,9,7,9,5.0,0,5.000000000000001,0.02525615692138672,2
204,graph_7_3,9,7,9,5.999999999999956,0,5.999999999999956,0.02871251106262207,2
205,graph_7_4,9,7,10,4.0,0,4.0,0.026121854782104492,2
206,graph_7_5,9,7,8,4.0,0,4.0,0.02720022201538086,2
207,graph_7_6,9,7,11,5.999999999999994,0,6.0,0.031218290328979492,2
208,graph_7_7,9,7,8,6.99999999999998,1,5.99999999999998,0.027112722396850586,2
209,graph_7_8,9,7,10,10.0,0,10.0,0.047133684158325195,2
210,graph_7_9,9,7,9,5.999999999999991,0,5.999999999999991,0.024979829788208008,2
211,graph_7_10,9,7,10,5.0,0,5.0,0.030232667922973633,2
212,graph_7_11,9,7,9,5.999999999999975,0,5.999999999999988,0.0320131778717041,2
213,graph_7_12,9,7,9,8.000000000000005,0,8.000000000000005,0.043421030044555664,2
214,graph_7_13,9,7,12,5.999999999999999,0,6.000000000000005,0.032468318939208984,2
215,graph_7_14,9,7,12,6.999999999999986,1,5.999999999999986,0.025116443634033203,2
216,graph_7_15,9,7,9,5.999999999999963,0,5.999999999999963,0.0294034481048584,2
217,graph_7_16,9,7,9,10.999999999999964,0,10.999999999999964,0.07336783409118652,2
218,graph_7_17,9,7,10,4.999999999999991,0,4.999999999999996,0.026845932006835938,2
219,graph_7_18,9,7,10,9.0,0,9.0,0.03570866584777832,2
220,graph_7_19,9,7,10,6.0,0,6.0,0.03189539909362793,2
221,graph_7_20,9,7,8,8.0,1,7.0,0.035944461822509766,2
222,graph_7_21,9,7,8,5.999999999999966,0,5.999999999999966,0.02866983413696289,2
223,graph_7_22,9,7,10,6.999999999999886,0,6.999999999999886,0.03474307060241699,2
224,graph_7_23,9,7,11,12.999999999999883,2,10.999999999999883,1.4781444072723389,2
225,graph_7_24,9,7,10,6.999999999999975,0,6.999999999999975,0.02896595001220703,2
226,graph_7_25,9,7,9,6.9999999999999005,0,6.9999999999999005,0.033499717712402344,2
227,graph_7_26,9,7,12,7.999999999999991,0,7.999999999999996,0.03657269477844238,2
228,graph_7_27,9,7,11,8.0,0,8.0,0.05019497871398926,2
229,graph_7_28,9,7,12,12.999999999999991,0,13.0,0.08126664161682129,2
230,graph_7_29,9,7,13,9.99999999999995,1,8.99999999999995,0.06429672241210938,2
231,graph_7_30,9,7,11,10.999999999999986,0,10.999999999999986,0.0735471248626709,2
232,graph_7_31,9,7,11,11.999999999999998,2,9.999999999999998,0.043709754943847656,2
233,graph_7_32,9,7,9,7.999999999999911,0,7.999999999999911,0.0430448055267334,2
234,graph_7_33,9,7,12,10.0,1,9.0,0.04834342002868652,2
235,graph_7_34,9,7,10,9.999999999999941,2,7.999999999999941,0.04197382926940918,2
236,graph_7_35,9,7,10,10.0,1,9.0,0.04234433174133301,2
237,graph_7_36,9,7,10,15.0,2,13.0,1.3970637321472168,2
238,graph_7_37,9,7,13,8.999999999999982,0,8.999999999999982,0.02668166160583496,2
239,graph_7_38,9,7,11,10.0,0,10.0,0.07121920585632324,2
240,graph_7_39,9,7,16,12.0,0,12.000000000000004,1.5235750675201416,2
241,graph_7_40,9,7,14,9.999999999999952,1,8.999999999999984,0.052820444107055664,2
242,graph_7_41,9,7,14,15.99999999999987,4,11.999999999999957,1.5020906925201416,2
243,graph_7_42,9,7,12,11.0,1,10.0,0.07080221176147461,2
244,graph_7_43,9,7,11,8.0,0,8.000000000000002,0.032485008239746094,2
245,graph_7_44,9,7,9,14.0,2,12.0,0.05102038383483887,2
246,graph_7_45,9,7,11,9.999999999999973,1,8.999999999999973,0.05785942077636719,2
247,graph_7_46,9,7,11,11.999999999999893,1,10.999999999999893,0.053342342376708984,2
248,graph_7_47,9,7,10,8.999999999999986,1,7.999999999999986,0.035491943359375,2
249,graph_7_48,9,7,14,15.000000000000007,0,15.000000000000094,1.486219882965088,2
250,graph_7_49,9,7,12,10.0,0,10.0,0.0541231632232666,2
251,graph_7_50,9,7,13,10.999999999999908,0,10.999999999999908,1.4167819023132324,2
252,graph_7_51,9,7,12,9.999999999999993,1,8.999999999999996,0.04095888137817383,2
253,graph_7_52,9,7,12,11.999999999999904,1,10.999999999999904,0.06594514846801758,2
254,graph_7_53,9,7,14,14.99999999999983,0,14.99999999999983,1.9132139682769775,2
255,graph_7_54,9,7,15,13.999999999999973,1,12.999999999999972,1.5913341045379639,2
256,graph_7_55,9,7,12,12.999999999999988,1,11.99999999999999,0.06338381767272949,2
257,graph_7_56,9,7,13,18.999999999999886,1,17.99999999999989,2.165419101715088,2
258,graph_7_57,9,7,12,13.999999999999828,1,12.999999999999915,1.3716917037963867,2
259,graph_7_58,9,7,12,17.999999999999996,2,15.999999999999996,1.702042818069458,2
260,graph_7_59,9,7,16,14.999999999999993,1,14.000000000000009,1.5147039890289307,2
261,graph_7_60,9,7,11,25.0,1,24.0,1.75156569480896,2
262,graph_7_61,9,7,12,17.99999999999991,2,15.999999999999925,1.5353457927703857,2
263,graph_7_62,9,7,14,15.999999999999872,1,14.999999999999872,1.5487258434295654,2
264,graph_7_63,9,7,14,19.9999999999998,3,16.9999999999998,1.6212759017944336,2
265,graph_7_64,9,7,13,17.999999999999922,1,16.999999999999922,2.132519245147705,2
266,graph_7_65,9,7,17,28.0,2,26.0,3.3852012157440186,2
267,graph_7_66,9,7,15,20.0,2,18.0,1.7792582511901855,2
268,graph_7_67,9,7,17,18.999999999999805,0,18.9999999999998,1.9097280502319336,2
269,graph_7_68,9,7,17,17.99999999999982,1,16.99999999999982,1.6228220462799072,2
270,graph_7_69,9,7,19,31.0,4,27.0,2.8934690952301025,2
271,graph_7_70,9,7,11,20.99999999999996,2,18.99999999999996,1.4028284549713135,2
272,graph_7_71,9,7,16,18.0,2,16.0,1.6029858589172363,2
273,graph_7_72,9,7,15,17.0,3,14.0,1.5464131832122803,2
274,graph_7_73,9,7,18,21.99999999999995,2,19.999999999999943,2.2192065715789795,2
275,graph_7_74,9,7,14,18.999999999999886,2,16.999999999999886,1.753077745437622,2
276,graph_7_75,9,7,16,21.999999999999616,0,22.000000000000007,2.4665379524230957,2
277,graph_7_76,9,7,16,15.999999999999943,0,15.999999999999972,1.4428510665893555,2
278,graph_7_77,9,7,13,15.999999999999947,0,15.999999999999947,1.4919323921203613,2
279,graph_7_78,9,7,13,21.0,4,17.0,1.772343635559082,2
280,graph_7_79,9,7,15,16.0,1,15.0,1.6145472526550293,2
281,graph_7_80,9,7,18,20.999999999999595,2,18.999999999999595,1.6615424156188965,2
282,graph_7_81,9,7,16,31.999999999998643,1,30.99999999999905,3.0456833839416504,2
283,graph_7_82,9,7,19,20.999999999999844,2,18.999999999999844,2.3812081813812256,2
284,graph_7_83,9,7,16,17.999999999999893,1,16.99999999999993,1.6929664611816406,2
285,graph_7_84,9,7,14,14.999999999999964,1,13.999999999999964,1.4225685596466064,2
286,graph_7_85,9,7,16,21.999999999999872,3,18.999999999999872,1.5954697132110596,2
287,graph_7_86,9,7,18,21.999999999999925,2,19.999999999999968,2.4000637531280518,2
288,graph_7_87,9,7,20,19.99999999999984,1,18.999999999999968,2.5384998321533203,2
289,graph_7_88,9,7,17,19.999999999999815,1,18.99999999999984,1.805516242980957,2
290,graph_7_89,9,7,22,25.9999999999998,4,22.00000000000007,3.0469210147857666,2
291,graph_7_90,9,7,14,22.999999999999915,2,20.999999999999915,1.6651077270507812,2
292,graph_7_91,9,7,18,18.99999999999983,1,17.999999999999865,1.7750585079193115,2
293,graph_7_92,9,7,17,20.99999999999992,2,18.999999999999943,2.32953143119812,2
294,graph_7_93,9,7,20,25.999999999999815,3,22.999999999999815,2.4145474433898926,2
295,graph_7_94,9,7,14,29.0,8,21.0,2.124110698699951,2
296,graph_7_95,9,7,20,16.99999999999993,1,15.99999999999993,1.7905924320220947,2
297,graph_7_96,9,7,18,24.0,4,20.0,2.3494269847869873,2
298,graph_7_97,9,7,30,21.999999999999755,2,19.99999999999993,2.5904579162597656,2
299,graph_7_98,9,7,16,26.99999999999988,2,24.999999999999908,1.9929511547088623,2
300,graph_7_99,9,7,25,27.99999999999953,3,25.000000000000092,4.570387125015259,2
301,graph_8_0,9,8,11,5.999999999999968,0,5.999999999999984,0.03071737289428711,2
302,graph_8_1,9,8,8,3.999999999999961,0,3.999999999999961,0.027806997299194336,2
303,graph_8_2,9,8,8,6.0,0,6.0,0.04792356491088867,2
304,graph_8_3,9,8,11,7.999999999999993,0,7.999999999999993,0.051496267318725586,2
305,graph_8_4,9,8,8,7.0,1,6.0,0.030378103256225586,2
306,graph_8_5,9,8,8,4.999999999999995,1,4.000000000000004,0.02506422996520996,2
307,graph_8_6,9,7,7,10.0,3,7.0,0.03043055534362793,2
308,graph_8_7,9,8,12,15.0,0,15.0,1.603269338607788,2
309,graph_8_8,9,8,11,6.999999999999979,0,6.999999999999979,1.2735705375671387,2
310,graph_8_9,9,8,11,5.0,0,5.0,0.028881311416625977,2
311,graph_8_10,9,8,9,4.999999999999977,0,4.999999999999983,0.03836488723754883,2
312,graph_8_11,9,8,10,8.0,0,8.0,0.06884455680847168,2
313,graph_8_12,9,8,10,5.0,0,5.0,0.029981613159179688,2
314,graph_8_13,9,8,10,9.0,0,9.0,1.3337199687957764,2
315,graph_8_14,9,8,12,8.0,1,7.0,0.035701751708984375,2
316,graph_8_15,9,7,11,9.0,1,8.0,0.042601585388183594,2
317,graph_8_16,9,8,10,7.999999999999986,1,7.0,0.04115462303161621,2
318,graph_8_17,9,8,10,8.999999999999952,1,7.999999999999952,0.04656195640563965,2
319,graph_8_18,9,8,10,4.999999999999986,0,4.999999999999986,0.02573418617248535,2
320,graph_8_19,9,8,9,7.999999999999979,1,6.999999999999979,0.028746366500854492,2
321,graph_8_20,9,8,9,14.0,1,13.0,0.072540283203125,2
322,graph_8_21,9,8,11,9.999999999999988,0,9.999999999999988,0.06952953338623047,2
323,graph_8_22,9,8,12,10.0,0,10.0,0.055158376693725586,2
324,graph_8_23,9,7,11,17.999999999999996,2,15.999999999999998,1.8338911533355713,2
325,graph_8_24,9,8,9,12.999999999999993,4,8.999999999999993,0.0450437068939209,2
326,graph_8_25,9,8,10,7.999999999999977,1,6.999999999999977,0.0361638069152832,2
327,graph_8_26,9,8,12,6.999999999999979,0,6.999999999999979,0.036153554916381836,2
328,graph_8_27,9,8,12,10.999999999999964,0,10.999999999999964,0.0629124641418457,2
329,graph_8_28,9,8,11,11.999999999999858,1,10.999999999999858,1.37857985496521,2
330,graph_8_29,9,8,12,9.0,1,8.0,0.04305696487426758,2
331,graph_8_30,9,8,11,13.999999999999941,4,9.999999999999941,0.06002020835876465,2
332,graph_8_31,9,8,12,21.0,4,17.0,1.777608871459961,2
333,graph_8_32,9,8,16,11.99999999999999,1,10.99999999999999,1.5257596969604492,2
334,graph_8_33,9,8,12,11.0,0,11.0,1.365112066268921,2
335,graph_8_34,9,8,12,13.99999999999983,0,13.99999999999983,1.5203852653503418,2
336,graph_8_35,9,8,10,17.999999999999616,3,14.999999999999616,1.5418791770935059,2
337,graph_8_36,9,8,11,12.999999999999996,0,13.00000000000006,0.03996872901916504,2
338,graph_8_37,9,8,11,20.0,3,17.0,2.676441192626953,2
339,graph_8_38,9,8,15,9.99999999999995,0,9.99999999999995,1.4914464950561523,2
340,graph_8_39,9,8,11,14.999999999999904,2,12.999999999999904,0.07280182838439941,2
341,graph_8_40,9,8,11,12.0,3,9.0,0.04044365882873535,2
342,graph_8_41,9,8,14,15.999999999999886,1,14.999999999999915,1.7654774188995361,2
343,graph_8_42,9,8,14,11.000000000000004,0,11.000000000000007,0.06458497047424316,2
344,graph_8_43,9,8,12,9.0,0,9.0,0.03726553916931152,2
345,graph_8_44,9,8,15,16.999999999999897,0,16.999999999999897,1.884516716003418,2
346,graph_8_45,9,8,13,15.99999999999988,2,13.99999999999988,0.07626128196716309,2
347,graph_8_46,9,8,18,14.999999999999666,2,13.0,1.6822710037231445,2
348,graph_8_47,9,8,12,16.999999999999893,4,12.999999999999893,0.04598402976989746,2
349,graph_8_48,9,8,13,21.0,3,18.0,1.913806438446045,2
350,graph_8_49,9,8,21,26.0,2,24.0,3.306366443634033,2
351,graph_8_50,9,8,16,15.99999999999989,1,14.999999999999888,1.5616505146026611,2
352,graph_8_51,9,8,9,13.999999999999918,2,11.999999999999918,0.0470120906829834,2
353,graph_8_52,9,8,26,11.0,0,11.0,0.11830592155456543,2
354,graph_8_53,9,8,19,17.0,1,16.0,2.5573582649230957,2
355,graph_8_54,9,8,16,15.999999999999998,0,15.999999999999998,1.4781692028045654,2
356,graph_8_55,9,8,12,17.0,1,16.0,1.5738327503204346,2
357,graph_8_56,9,8,14,13.0,0,13.0,0.06914663314819336,2
358,graph_8_57,9,8,16,22.999999999999968,2,20.999999999999968,1.732830286026001,2
359,graph_8_58,9,8,16,23.99999999999997,3,20.999999999999982,1.9224045276641846,2
360,graph_8_59,9,8,16,21.999999999999712,4,17.999999999999925,2.0367894172668457,2
361,graph_8_60,9,8,19,15.999999999999837,1,14.99999999999984,2.021979808807373,2
362,graph_8_61,9,8,16,19.0,2,17.0,1.9889163970947266,2
363,graph_8_62,9,8,15,35.000000000000085,3,32.00000000000007,8.3563973903656,2
364,graph_8_63,9,8,16,29.000000000000004,6,23.000000000000004,3.0332584381103516,2
365,graph_8_64,9,8,14,24.0,2,22.0,1.9478881359100342,2
366,graph_8_65,9,8,21,18.999999999999858,2,16.999999999999858,2.6220884323120117,2
367,graph_8_66,9,8,18,14.99999999999994,0,14.99999999999994,1.6425187587738037,2
368,graph_8_67,9,8,15,16.999999999999854,2,14.999999999999854,1.7747395038604736,2
369,graph_8_68,9,8,14,32.0,5,27.0,2.5828356742858887,2
370,graph_8_69,9,8,18,22.99999999999975,2,20.99999999999975,2.2421064376831055,2
371,graph_8_70,9,8,16,26.999999999999794,3,23.999999999999837,3.6557068824768066,2
372,graph_8_71,9,8,18,26.0,3,23.0,3.352989912033081,2
373,graph_8_72,9,8,14,19.99999999999975,2,17.99999999999975,1.5597295761108398,2
374,graph_8_73,9,8,15,15.999999999999956,0,16.0,1.6524784564971924,2
375,graph_8_74,9,8,16,30.0,2,28.0,2.0914363861083984,2
376,graph_8_75,9,8,11,26.0,8,18.0,1.6870818138122559,2
377,graph_8_76,9,8,17,24.0,3,21.0,1.7980191707611084,2
378,graph_8_77,9,8,20,18.999999999999744,1,17.999999999999872,2.0864951610565186,2
379,graph_8_78,9,8,25,26.0,4,22.0,3.8367576599121094,2
380,graph_8_79,9,8,13,26.0,5,21.0,1.9596319198608398,2
381,graph_8_80,9,8,19,24.999999999999744,1,23.999999999999744,2.987971782684326,2
382,graph_8_81,9,8,25,16.999999999999975,1,15.999999999999973,2.0787880420684814,2
383,graph_8_82,9,8,24,27.999999999999446,1,26.999999999999922,3.288703203201294,2
384,graph_8_83,9,8,19,21.999999999999925,2,20.000000000000036,3.3397231101989746,2
385,graph_8_84,9,8,21,27.0,3,24.0,2.2992734909057617,2
386,graph_8_85,9,8,19,28.999999999999638,4,24.999999999999638,3.1983814239501953,2
387,graph_8_86,9,8,16,22.999999999999943,4,18.999999999999943,2.164017915725708,2
388,graph_8_87,9,8,20,32.0,6,26.0,2.771522045135498,2
389,graph_8_88,9,8,22,22.99999999999994,1,22.00000000000012,2.334254264831543,2
390,graph_8_89,9,8,13,28.0,6,22.0,1.9143455028533936,2
391,graph_8_90,9,8,14,20.999999999999766,2,18.999999999999766,1.6225807666778564,2
392,graph_8_91,9,8,18,25.999999999999893,2,24.0,2.120839834213257,2
393,graph_8_92,9,8,38,41.0,3,38.0,38.01400423049927,2
394,graph_8_93,9,8,21,28.999999999999524,3,25.999999999999524,4.003906011581421,2
395,graph_8_94,9,8,32,48.999999999999254,3,45.9999999999995,71.71161079406738,2
396,graph_8_95,9,8,22,38.00000000000001,7,31.000000000000032,4.369147777557373,2
397,graph_8_96,9,8,19,32.0,4,28.0,5.912150144577026,2
398,graph_8_97,9,8,19,29.0,3,26.0,4.471855163574219,2
399,graph_8_98,9,8,12,24.99999999999989,4,20.999999999999893,1.9241254329681396,2
400,graph_8_99,9,8,22,28.999999999999854,4,24.999999999999915,2.7794554233551025,2
401,graph_9_0,9,9,10,9.0,1,8.0,0.03213930130004883,2
402,graph_9_1,9,9,13,9.0,0,9.0,0.043242692947387695,2
403,graph_9_2,9,9,12,5.999999999999945,0,5.999999999999962,0.04047560691833496,2
404,graph_9_3,9,9,11,8.0,1,7.000000000000001,0.03958940505981445,2
405,graph_9_4,9,9,9,6.999999999999963,1,5.999999999999963,0.033594369888305664,2
406,graph_9_5,9,9,9,8.0,1,7.0,0.0364069938659668,2
407,graph_9_6,9,9,11,10.0,2,8.0,0.040643930435180664,2
408,graph_9_7,9,9,11,11.0,0,11.0,1.3667397499084473,2
409,graph_9_8,9,9,12,9.0,0,9.0,0.053832292556762695,2
410,graph_9_9,9,9,10,10.999999999999924,3,7.9999999999999485,0.034775733947753906,2
411,graph_9_10,9,9,10,8.999999999999911,2,6.999999999999911,0.046971797943115234,2
412,graph_9_11,9,9,11,11.000000000000004,0,11.000000000000004,1.4886987209320068,2
413,graph_9_12,9,9,11,7.999999999999988,1,6.999999999999988,0.046985626220703125,2
414,graph_9_13,9,9,10,7.999999999999988,1,6.999999999999988,0.04073596000671387,2
415,graph_9_14,9,9,10,9.999999999999982,2,7.999999999999991,0.03723573684692383,2
416,graph_9_15,9,9,12,7.999999999999972,1,6.999999999999986,0.040611982345581055,2
417,graph_9_16,9,9,11,10.0,0,10.0,0.030147314071655273,2
418,graph_9_17,9,9,19,9.999999999999968,0,9.999999999999968,0.09835457801818848,2
419,graph_9_18,9,9,11,16.99999999999977,2,14.999999999999769,2.3125946521759033,2
420,graph_9_19,9,9,13,11.999999999999918,1,10.999999999999918,1.451230525970459,2
421,graph_9_20,9,9,13,8.999999999999938,0,8.99999999999996,0.055177927017211914,2
422,graph_9_21,9,9,12,10.0,0,10.0,0.058500051498413086,2
423,graph_9_22,9,9,10,8.999999999999996,2,6.9999999999999964,0.036000728607177734,2
424,graph_9_23,9,9,11,7.0,1,6.0,0.03066706657409668,2
425,graph_9_24,9,9,15,12.0,0,12.0,1.6722455024719238,2
426,graph_9_25,9,9,11,17.99999999999998,2,15.999999999999977,0.08606648445129395,2
427,graph_9_26,9,9,16,12.99999999999983,1,11.999999999999943,1.3889524936676025,2
428,graph_9_27,9,9,11,11.999999999999911,2,9.999999999999911,0.05004453659057617,2
429,graph_9_28,9,9,13,22.0,4,18.0,2.370148181915283,2
430,graph_9_29,9,9,12,15.0,2,13.0,1.4707961082458496,2
431,graph_9_30,9,9,13,12.999999999999915,1,11.999999999999915,1.535440444946289,2
432,graph_9_31,9,9,13,12.999999999999929,1,11.999999999999929,1.4921729564666748,2
433,graph_9_32,9,9,13,14.999999999999956,2,12.999999999999956,0.05355691909790039,2
434,graph_9_33,9,9,14,11.99999999999991,0,11.99999999999991,1.4240853786468506,2
435,graph_9_34,9,9,13,11.999999999999947,0,11.999999999999947,1.5782690048217773,2
436,graph_9_35,9,9,13,10.999999999999922,1,9.999999999999922,1.273073434829712,2
437,graph_9_36,9,9,13,11.999999999999979,2,9.999999999999979,0.045340538024902344,2
438,graph_9_37,9,9,14,14.999999999999996,0,14.999999999999998,1.7655229568481445,2
439,graph_9_38,9,9,13,17.999999999999986,3,15.0,1.5546190738677979,2
440,graph_9_39,9,9,16,18.0,1,17.0,2.085181951522827,2
441,graph_9_40,9,9,14,17.99999999999999,4,13.999999999999979,1.4634983539581299,2
442,graph_9_41,9,9,19,15.999999999999838,1,14.999999999999893,2.2389919757843018,2
443,graph_9_42,9,9,15,14.999999999999968,2,12.999999999999968,1.4829308986663818,2
444,graph_9_43,9,9,17,19.999999999999872,1,18.999999999999872,1.6656413078308105,2
445,graph_9_44,9,9,18,16.0,1,15.0,1.887686014175415,2
446,graph_9_45,9,9,19,12.999999999999922,1,11.999999999999922,1.7679812908172607,2
447,graph_9_46,9,9,18,13.999999999999986,0,13.999999999999986,1.6806855201721191,2
448,graph_9_47,9,9,15,16.99999999999997,2,14.999999999999972,1.727609395980835,2
449,graph_9_48,9,9,17,18.0,0,18.0,2.24153208732605,2
450,graph_9_49,9,9,17,12.999999999999961,1,12.0,1.6278457641601562,2
451,graph_9_50,9,9,17,17.0,1,16.0,1.8218188285827637,2
452,graph_9_51,9,9,19,24.999999999999996,3,21.999999999999996,2.56947922706604,2
453,graph_9_52,9,9,18,20.999999999999915,3,17.999999999999915,1.8270821571350098,2
454,graph_9_53,9,8,17,26.0,5,21.000000000000036,2.147428274154663,2
455,graph_9_54,9,9,14,19.999999999999737,3,16.99999999999974,1.488248348236084,2
456,graph_9_55,9,9,15,36.0,9,27.0,4.099387884140015,2
457,graph_9_56,9,9,15,21.0,2,19.0,1.9856321811676025,2
458,graph_9_57,9,9,18,14.999999999999858,1,13.999999999999872,0.13125038146972656,2
459,graph_9_58,9,9,15,18.99999999999978,3,15.99999999999978,1.5480501651763916,2
460,graph_9_59,9,9,14,24.000000000000043,3,21.00000000000009,2.597337007522583,2
461,graph_9_60,9,9,13,15.0,2,12.999999999999986,0.048840999603271484,2
462,graph_9_61,9,9,15,27.9999999305805,5,23.00000001,2.8328261375427246,2
463,graph_9_62,9,9,15,22.99999999999996,3,19.99999999999996,1.649982213973999,2
464,graph_9_63,9,9,22,18.0,4,14.000000000000012,1.7771518230438232,2
465,graph_9_64,9,9,16,34.99999999999878,8,26.999999999998845,2.686030626296997,2
466,graph_9_65,9,9,21,27.0,3,24.000000000000004,2.6342790126800537,2
467,graph_9_66,9,9,23,24.999999499999632,3,22.000000000000327,4.797911882400513,2
468,graph_9_67,9,9,20,31.000000000000128,2,29.00000000000051,4.701447248458862,2
469,graph_9_68,9,9,19,35.0,3,32.0,3.8066225051879883,2
470,graph_9_69,9,9,19,21.0,0,21.0,2.415876626968384,2
471,graph_9_70,9,9,15,20.0,4,16.0,1.5916242599487305,2
472,graph_9_71,9,9,16,29.99999957297871,6,24.0,3.4769644737243652,2
473,graph_9_72,9,9,16,16.99999999999983,1,15.99999999999983,1.6351046562194824,2
474,graph_9_73,9,9,20,31.999999999998956,5,26.99999999999896,3.9682371616363525,2
475,graph_9_74,9,9,19,28.0,4,24.0,3.1031723022460938,2
476,graph_9_75,9,9,21,42.000000000000064,4,38.00000000000007,22.34411311149597,2
477,graph_9_76,9,9,20,38.99999999999919,6,32.99999999999919,4.790516138076782,2
478,graph_9_77,9,9,19,30.999999510202464,4,26.999999632652028,4.010044574737549,2
479,graph_9_78,9,9,20,45.99999999999999,9,37.0,7.441369533538818,2
480,graph_9_79,9,9,21,25.0,0,25.0,3.757920742034912,2
481,graph_9_80,9,9,20,24.0,0,23.999999999999996,3.709031105041504,2
482,graph_9_81,9,9,23,26.999999999999993,2,25.0,2.4864566326141357,2
483,graph_9_82,9,9,15,39.0,7,32.0,2.3964741230010986,2
484,graph_9_83,9,9,25,28.0,1,27.0,3.622929334640503,2
485,graph_9_84,9,9,18,29.99999999999982,3,26.999999999999822,2.0260508060455322,2
486,graph_9_85,9,9,24,39.0,8,31.0,6.051144599914551,2
487,graph_9_86,9,9,21,34.99999999999982,6,28.999999999999847,4.756604909896851,2
488,graph_9_87,9,9,22,31.000000000000046,2,29.00000000000015,3.493170738220215,2
489,graph_9_88,9,9,23,45.0,6,39.0,13.617278337478638,2
490,graph_9_89,9,9,20,41.999999999999226,9,32.99999999999971,3.7289516925811768,2
491,graph_9_90,9,9,25,32.0,4,28.0,4.411355257034302,2
492,graph_9_91,9,9,20,37.0,2,35.0,4.393791437149048,2
493,graph_9_92,9,9,28,36.000000000000036,8,28.000000000000107,5.722245931625366,2
494,graph_9_93,9,9,22,39.99999999999999,8,31.999999999999993,6.678013324737549,2
495,graph_9_94,9,9,24,28.999999999999734,5,23.99999999999973,2.8040943145751953,2
496,graph_9_95,9,9,25,34.999999999999986,5,30.0,6.476052522659302,2
497,graph_9_96,9,9,20,48.999999999999325,4,44.99999999999933,7.1844563484191895,2
498,graph_9_97,9,9,24,51.99999999999975,7,45.000000000000206,21.05610466003418,2
499,graph_9_98,9,9,28,40.999999999999446,3,37.99999999999945,8.972596645355225,2
500,graph_9_99,9,9,32,52.999999999999986,8,44.99999999999999,35.001506328582764,2
501,graph_10_0,9,10,12,5.999999999999984,0,5.999999999999984,0.044779300689697266,2
502,graph_10_1,9,10,11,5.0,0,5.0,0.040551185607910156,2
503,graph_10_2,9,9,11,8.999999999999995,1,7.999999999999995,0.04293560981750488,2
504,graph_10_3,9,10,10,8.0,2,6.0,0.029858827590942383,2
505,graph_10_4,9,10,12,11.0,1,10.0,1.3489489555358887,2
506,graph_10_5,9,10,11,6.999999999999988,0,6.999999999999988,0.039473533630371094,2
507,graph_10_6,9,10,13,9.999999999999948,0,9.999999999999998,1.4580349922180176,2
508,graph_10_7,9,10,14,15.000000000000012,1,14.000000000000021,2.296595335006714,2
509,graph_10_8,9,10,14,10.999999999999979,0,11.000000000000068,1.5143206119537354,2
510,graph_10_9,9,10,10,6.0,0,6.0,0.029618024826049805,2
511,graph_10_10,9,10,12,12.0,1,11.0,0.048004150390625,2
512,graph_10_11,9,9,13,15.999999999999606,4,11.999999999999606,1.561824083328247,2
513,graph_10_12,9,10,14,13.0,0,13.0,0.08323931694030762,2
514,graph_10_13,9,10,13,17.0,4,13.0,1.5237975120544434,2
515,graph_10_14,9,10,16,12.0,1,11.000000000000068,1.5892579555511475,2
516,graph_10_15,9,10,16,28.0,4,24.0,1.8814823627471924,2
517,graph_10_16,9,10,13,13.999999999999913,1,12.999999999999913,1.4945685863494873,2
518,graph_10_17,9,9,12,12.999999999999893,1,11.999999999999893,0.05370664596557617,2
519,graph_10_18,9,10,11,12.999999999999854,3,9.999999999999854,0.06894874572753906,2
520,graph_10_19,9,10,13,10.999999999999911,0,10.999999999999911,0.0902855396270752,2
521,graph_10_20,9,10,14,16.0,1,15.0,2.2705941200256348,2
522,graph_10_21,9,10,12,13.999999999999893,2,11.999999999999947,1.464548110961914,2
523,graph_10_22,9,10,13,15.0,3,12.0,1.72536301612854,2
524,graph_10_23,9,10,15,9.000000000000036,1,8.000000000000071,0.05140113830566406,2
525,graph_10_24,9,10,14,15.0,3,12.000000000000004,0.04265642166137695,2
526,graph_10_25,9,9,13,15.0,1,14.0,1.477698802947998,2
527,graph_10_26,9,10,14,10.999999999999979,1,9.999999999999979,0.05507922172546387,2
528,graph_10_27,9,10,13,15.999999999999979,2,13.999999999999979,0.13029193878173828,2
529,graph_10_28,9,10,15,19.999999999999638,2,17.999999999999673,1.9173510074615479,2
530,graph_10_29,9,10,12,12.999999999999932,2,11.000000000000028,0.06458020210266113,2
531,graph_10_30,9,10,16,14.999999999999917,2,12.999999999999917,1.7553443908691406,2
532,graph_10_31,9,10,13,18.0,5,13.0,1.6712071895599365,2
533,graph_10_32,9,10,13,23.999999999999844,9,14.999999999999844,1.911581039428711,2
534,graph_10_33,9,10,16,15.999999999999995,0,16.000000000000007,1.5736987590789795,2
535,graph_10_34,9,10,14,16.999999999999982,1,15.999999999999982,0.10248446464538574,2
536,graph_10_35,9,10,20,19.0,1,18.0,3.238435745239258,2
537,graph_10_36,9,10,15,16.0,0,16.0,1.688262701034546,2
538,graph_10_37,9,10,13,17.999999999999922,2,15.999999999999925,1.5218920707702637,2
539,graph_10_38,9,10,13,22.0,5,17.0,2.314624786376953,2
540,graph_10_39,9,10,15,24.999999999999993,2,23.0,1.878636360168457,2
541,graph_10_40,9,10,14,23.0,2,20.999999999999996,2.1816821098327637,2
542,graph_10_41,9,10,17,19.0,0,19.0,2.6988773345947266,2
543,graph_10_42,9,10,11,18.999999999999815,4,14.999999999999815,1.4374427795410156,2
544,graph_10_43,9,10,19,22.0,1,21.0,2.9119179248809814,2
545,graph_10_44,9,10,19,24.0,2,22.0,2.7973368167877197,2
546,graph_10_45,9,10,13,17.0,2,15.0,1.6333813667297363,2
547,graph_10_46,9,10,20,16.999999999999986,0,16.99999999999999,2.573047637939453,2
548,graph_10_47,9,10,13,19.0,6,13.0,0.07080984115600586,2
549,graph_10_48,9,10,18,23.999999999999943,2,22.0,2.775423526763916,2
550,graph_10_49,9,10,21,15.999999999999979,1,14.999999999999979,1.7661724090576172,2
551,graph_10_50,9,10,16,16.999999999999886,3,13.999999999999886,0.07703304290771484,2
552,graph_10_51,9,10,15,25.999999999999737,4,21.999999999999737,2.6495485305786133,2
553,graph_10_52,9,10,17,33.0,8,25.0,2.819218158721924,2
554,graph_10_53,9,10,17,19.0,1,18.000000000000053,2.521669626235962,2
555,graph_10_54,9,10,18,24.000000000000114,3,21.000000000000224,2.669522285461426,2
556,graph_10_55,9,10,20,34.0,4,30.000000000000004,3.3680880069732666,2
557,graph_10_56,9,10,18,25.999999999999357,3,22.999999999999357,6.410336971282959,2
558,graph_10_57,9,10,17,38.999999999999446,8,30.999999999999446,3.891794204711914,2
559,graph_10_58,9,10,19,26.999999999999737,3,23.999999999999737,3.014302968978882,2
560,graph_10_59,9,10,15,37.0,12,25.0,3.3061578273773193,2
561,graph_10_60,9,10,22,23.999999999999915,4,19.999999999999915,3.014375925064087,2
562,graph_10_61,9,10,21,28.000000000000014,4,24.000000000000032,8.108813762664795,2
563,graph_10_62,9,10,23,32.99999999999993,3,29.999999999999993,6.701597452163696,2
564,graph_10_63,9,10,18,29.0,4,25.000000000000004,3.488955020904541,2
565,graph_10_64,9,10,19,28.0,2,26.0,2.8587658405303955,2
566,graph_10_65,9,10,24,26.000000000000036,2,24.000000000000036,4.792010068893433,2
567,graph_10_66,9,9,24,31.999999999999883,2,30.00000000000001,5.131277084350586,2
568,graph_10_67,9,10,22,48.0,9,39.00000000000001,15.846683502197266,2
569,graph_10_68,9,9,27,37.00000000000001,3,34.0,5.628525972366333,2
570,graph_10_69,9,10,20,23.99999999999969,2,21.999999999999694,3.247073173522949,2
571,graph_10_70,9,10,20,23.999999500625037,2,22.00000000000015,3.86212420463562,2
572,graph_10_71,9,10,20,31.0,2,29.0,2.932455062866211,2
573,graph_10_72,9,10,24,23.999999999999947,2,21.999999999999982,2.2411293983459473,2
574,graph_10_73,9,10,18,22.999999999999506,2,20.999999999999908,2.0932629108428955,2
575,graph_10_74,9,10,29,46.99999999999704,3,43.99999999999876,28.04455804824829,2
576,graph_10_75,9,10,22,30.999999999999996,3,28.0,4.69102668762207,2
577,graph_10_76,9,10,30,34.0,5,29.000000000000004,6.909061670303345,2
578,graph_10_77,9,10,24,37.000000000000036,6,31.00000000000007,6.2367987632751465,2
579,graph_10_78,9,10,25,41.000000000000455,4,37.00000000000069,25.45302128791809,2
580,graph_10_79,9,10,27,30.0,3,27.0,4.173054933547974,2
581,graph_10_80,9,10,21,44.99999999999993,7,38.00000000000155,4.098726511001587,2
582,graph_10_81,9,10,28,33.0,4,29.0,12.103979587554932,2
583,graph_10_82,9,10,27,33.99999999999984,3,30.99999999999989,7.984237432479858,2
584,graph_10_83,9,10,21,44.000000000000185,10,34.00000000000028,11.274134874343872,2
585,graph_10_84,9,10,18,33.99999999999996,6,27.999999999999954,4.795546531677246,2
586,graph_10_85,9,10,14,41.999999999999964,13,29.000000000000032,2.8855957984924316,2
587,graph_10_86,9,10,31,48.9999999999995,7,42.00000000000051,33.77846670150757,2
588,graph_10_87,9,10,17,48.99999999999953,16,32.99999999999968,3.419860363006592,2
589,graph_10_88,9,10,28,57.0,14,43.00000000000001,40.571356773376465,2
590,graph_10_89,9,10,26,39.0,7,32.0,6.514578580856323,2
591,graph_10_90,9,10,19,58.0,10,48.0,17.7296884059906,2
592,graph_10_91,9,10,22,30.999999999999858,7,24.0,3.453495740890503,2
593,graph_10_92,9,10,34,34.0,3,31.0,8.321430206298828,2
594,graph_10_93,9,10,16,38.0,11,27.0,2.4432809352874756,2
595,graph_10_94,9,10,30,37.000000000000014,4,33.00000000000008,9.853414058685303,2
596,graph_10_95,9,10,23,41.0,9,32.0,6.261322021484375,2
597,graph_10_96,9,10,23,47.99999999999936,3,44.99999999999936,9.328600645065308,2
598,graph_10_97,9,10,35,46.000000000000284,6,40.00000000000027,40.81741523742676,2
599,graph_10_98,9,10,23,37.99999999999988,6,31.99999999999976,9.347819089889526,2
600,graph_10_99,9,10,26,39.99999999999998,9,30.99999999999998,5.6894447803497314,2
601,graph_11_0,9,11,12,7.0,0,7.0,0.03775310516357422,2
602,graph_11_1,9,10,13,9.999999999999806,0,9.999999999999806,0.0759739875793457,2
603,graph_11_2,9,11,13,10.0,2,8.0,0.06430625915527344,2
604,graph_11_3,9,11,13,10.999999999999943,0,11.0,1.381502628326416,2
605,graph_11_4,9,11,14,9.9999999999999,1,8.9999999999999,0.07556033134460449,2
606,graph_11_5,9,11,13,9.0,1,8.000000000000027,0.06745767593383789,2
607,graph_11_6,9,11,13,13.999999999999915,2,11.999999999999915,1.6290569305419922,2
608,graph_11_7,9,11,12,13.0,2,11.0,1.4890053272247314,2
609,graph_11_8,9,11,13,9.999999999999957,1,8.999999999999957,1.265650749206543,2
610,graph_11_9,9,11,15,15.99999999999978,3,12.99999999999978,1.5630979537963867,2
611,graph_11_10,9,11,14,11.0,2,9.0,1.4618549346923828,2
612,graph_11_11,9,11,13,15.99999999999996,2,13.99999999999996,2.295175313949585,2
613,graph_11_12,9,11,16,12.0,1,11.0,1.396636724472046,2
614,graph_11_13,9,11,19,15.0,1,14.0,2.9982972145080566,2
615,graph_11_14,9,11,15,16.0,2,14.0,1.5750234127044678,2
616,graph_11_15,9,11,13,14.999999999999991,2,12.999999999999991,0.06864786148071289,2
617,graph_11_16,9,11,14,10.999999999999812,0,10.999999999999812,1.4724915027618408,2
618,graph_11_17,9,11,14,12.999999999999604,1,11.999999999999869,1.6752536296844482,2
619,graph_11_18,9,11,14,9.0,0,9.0,0.0455477237701416,2
620,graph_11_19,9,11,16,18.999999999999897,4,14.999999999999899,1.9115350246429443,2
621,graph_11_20,9,11,17,19.999999999999858,2,17.999999999999858,1.858555555343628,2
622,graph_11_21,9,11,17,9.99999999999992,0,9.99999999999992,0.0933535099029541,2
623,graph_11_22,9,11,12,21.0,6,15.0,0.05383706092834473,2
624,graph_11_23,9,11,14,17.0,2,15.0,2.0653302669525146,2
625,graph_11_24,9,11,16,13.999999999999929,0,13.999999999999929,1.6982500553131104,2
626,graph_11_25,9,11,19,14.999999183333333,1,13.999999186666665,1.9969704151153564,2
627,graph_11_26,9,11,13,19.0,4,15.0,2.8198413848876953,2
628,graph_11_27,9,11,14,22.0,5,17.0,0.1486341953277588,2
629,graph_11_28,9,11,16,16.0,2,14.0,1.5407817363739014,2
630,graph_11_29,9,11,16,16.99999999999988,3,13.99999999999988,1.8021399974822998,2
631,graph_11_30,9,11,17,15.0,2,13.0,1.5401053428649902,2
632,graph_11_31,9,11,15,22.999999999999886,5,17.999999999999886,1.6338319778442383,2
633,graph_11_32,9,11,15,21.0,1,20.0,2.4562487602233887,2
634,graph_11_33,9,11,20,24.999999999999243,0,24.999999999999275,3.6903698444366455,2
635,graph_11_34,9,11,16,19.0,0,19.000000000000096,3.198781967163086,2
636,graph_11_35,9,11,18,19.999999999999964,4,15.999999999999966,1.873436450958252,2
637,graph_11_36,9,11,16,28.99999914285725,3,26.00000000000007,6.047842979431152,2
638,graph_11_37,9,11,17,27.999999999999993,5,22.999999999999993,3.6560001373291016,2
639,graph_11_38,9,11,15,24.999999999999996,7,17.999999999999996,2.153153657913208,2
640,graph_11_39,9,11,17,20.99999999999998,2,18.99999999999998,1.7889809608459473,2
641,graph_11_40,9,11,21,28.0,3,25.0,2.638077974319458,2
642,graph_11_41,9,11,18,18.99999999999974,3,15.99999999999974,2.4989705085754395,2
643,graph_11_42,9,11,18,23.99999999999958,3,20.999999999999673,2.166351556777954,2
644,graph_11_43,9,11,21,28.999999999999996,4,24.999999999999996,3.457599639892578,2
645,graph_11_44,9,11,24,19.99999999999986,1,19.000000000000448,4.809706687927246,2
646,graph_11_45,9,11,17,24.99999999999999,3,22.0,1.9511823654174805,2
647,graph_11_46,9,11,18,23.999999999999915,4,19.99999999999993,2.2918596267700195,2
648,graph_11_47,9,11,16,31.0,9,22.0,2.609450340270996,2
649,graph_11_48,9,11,18,20.0,2,18.00000000000024,1.8049814701080322,2
650,graph_11_49,9,11,16,26.999999999999993,6,20.999999999999993,2.2155425548553467,2
651,graph_11_50,9,11,24,24.000000000000007,2,22.000000000000004,2.6543171405792236,2
652,graph_11_51,9,11,24,19.999999999999876,1,18.999999999999975,2.698835611343384,2
653,graph_11_52,9,11,12,29.0,8,21.0,1.6919164657592773,2
654,graph_11_53,9,11,20,22.0,3,19.0,2.9094114303588867,2
655,graph_11_54,9,11,18,23.999999833560263,4,20.000000166666794,2.730412483215332,2
656,graph_11_55,9,11,25,18.99999999999988,2,16.99999999999994,2.8303825855255127,2
657,graph_11_56,9,11,16,50.99999999999999,13,37.99999999999999,11.290298700332642,2
658,graph_11_57,9,11,22,35.0,2,33.0,15.232187986373901,2
659,graph_11_58,9,11,18,34.99999999999925,3,31.999999999999247,3.429283857345581,2
660,graph_11_59,9,11,22,38.0,7,31.0,9.641026496887207,2
661,graph_11_60,9,11,21,34.999999999999545,3,31.999999999999563,5.926089286804199,2
662,graph_11_61,9,11,20,47.0,6,41.0,18.409189224243164,2
663,graph_11_62,9,11,23,35.0,3,31.999999999999996,5.5909295082092285,2
664,graph_11_63,9,11,18,27.99999999999993,6,21.99999999999993,3.235260248184204,2
665,graph_11_64,9,11,22,46.0,8,38.00000000000001,6.429764270782471,2
666,graph_11_65,9,11,19,35.0,9,26.0,2.876556158065796,2
667,graph_11_66,9,11,18,31.999999999999865,3,28.999999999999865,2.694190502166748,2
668,graph_11_67,9,11,39,48.0,2,46.0,218.1835174560547,2
669,graph_11_68,9,11,26,28.99999999999963,4,24.999999999999723,2.493882656097412,2
670,graph_11_69,9,11,23,64.0,10,54.0,250.97384238243103,2
671,graph_11_70,9,11,19,41.00000000000006,9,32.00000000000006,5.872057914733887,2
672,graph_11_71,9,11,33,47.99999966728019,6,42.00000000000351,73.31428933143616,2
673,graph_11_72,9,11,26,50.0,8,42.0,28.384990453720093,2
674,graph_11_73,9,11,26,46.000000000000114,7,39.000000000000114,16.068207263946533,2
675,graph_11_74,9,11,26,31.9999999999998,6,25.9999999999998,7.99194598197937,2
676,graph_11_75,9,11,20,44.0,9,35.0,4.00536847114563,2
677,graph_11_76,9,11,28,36.0,7,29.0,10.686875581741333,2
678,graph_11_77,9,11,24,42.9999995007332,7,36.00000050000001,29.681925773620605,2
679,graph_11_78,9,11,19,49.0,11,38.0,5.573497533798218,2
680,graph_11_79,9,11,33,45.999999999999886,4,41.99999999999997,80.7801399230957,2
681,graph_11_80,9,11,21,46.99999999999998,10,36.99999999999998,4.8257246017456055,2
682,graph_11_81,9,11,25,49.99999999999949,10,39.99999999999975,14.970518589019775,2
683,graph_11_82,9,11,27,56.00000000000004,10,46.00000000000004,156.81819128990173,2
684,graph_11_83,9,11,26,49.0,10,39.0,19.84419822692871,2
685,graph_11_84,9,11,23,40.999999999999076,7,33.99999999999926,12.945993423461914,2
686,graph_11_85,9,11,25,56.0,12,44.00000000000001,82.43563556671143,2
687,graph_11_86,9,11,24,46.99999999999868,8,38.99999999999926,9.572205305099487,2
688,graph_11_87,9,11,26,60.0,14,46.0,63.77040243148804,2
689,graph_11_88,9,11,28,45.0,8,37.0,10.940996885299683,2
690,graph_11_89,9,11,32,60.0,10,50.0,85.83291149139404,2
691,graph_11_90,9,11,29,44.00000000000002,9,35.000000000000085,17.635137796401978,2
692,graph_11_91,9,11,30,53.0,11,42.0,11.787899017333984,2
693,graph_11_92,9,11,25,65.99999387505508,16,49.99999633319733,172.77875065803528,2
694,graph_11_93,9,11,27,53.999999999999034,5,49.00000000000146,43.674943685531616,2
695,graph_11_94,9,11,24,34.0,3,31.0,8.783046960830688,2
696,graph_11_95,9,11,29,60.000000000000014,9,51.00000000000001,147.02555918693542,2
697,graph_11_96,9,11,22,61.99999999999994,14,48.0,5.166069507598877,2
698,graph_11_97,9,11,42,82.99999999999997,16,66.99999999999997,139.1709544658661,2
699,graph_11_98,9,11,25,52.0,4,48.0,37.746235609054565,2
700,graph_11_99,9,11,32,50.0,10,40.0,10.481464385986328,2
701,graph_12_0,9,12,19,13.99999999999963,0,13.99999999999963,1.7102687358856201,2
702,graph_12_1,9,12,16,26.000000000000455,3,23.000000000000497,2.2651209831237793,2
703,graph_12_2,9,12,12,6.0,0,6.0,0.04338502883911133,2
704,graph_12_3,9,12,13,7.999999999999982,2,5.999999999999982,0.046231746673583984,2
705,graph_12_4,9,12,16,7.999999999999918,0,7.999999999999918,0.04566144943237305,2
706,graph_12_5,9,12,15,9.0,0,9.0,1.262230396270752,2
707,graph_12_6,9,12,15,12.000000000000004,0,12.000000000000004,1.372530460357666,2
708,graph_12_7,9,12,14,18.0,5,13.000000000000004,1.6319072246551514,2
709,graph_12_8,9,12,14,10.0,1,9.0,0.057628631591796875,2
710,graph_12_9,9,12,17,13.0,0,13.000000000000004,1.6221299171447754,2
711,graph_12_10,9,12,16,11.999999999999801,0,12.0,1.550445318222046,2
712,graph_12_11,9,12,13,12.999999999999998,0,13.0,2.524172306060791,2
713,graph_12_12,9,12,16,13.0,1,12.0,1.6972880363464355,2
714,graph_12_13,9,12,16,15.0,1,14.0,2.187912702560425,2
715,graph_12_14,9,12,23,16.99999999999997,0,17.000000000000014,2.188495635986328,2
716,graph_12_15,9,12,18,20.99999999999986,0,21.000000000000025,3.314568281173706,2
717,graph_12_16,9,12,16,21.0,3,18.0,2.4801528453826904,2
718,graph_12_17,9,12,24,15.999999999999723,1,14.999999999999723,2.637477159500122,2
719,graph_12_18,9,12,16,12.99999999999994,0,12.99999999999994,2.0025951862335205,2
720,graph_12_19,9,12,17,19.999999999999996,2,18.0,2.044131278991699,2
721,graph_12_20,9,12,17,19.999999999999996,2,17.999999999999996,2.26364803314209,2
722,graph_12_21,9,12,20,18.0,1,17.0,2.7185122966766357,2
723,graph_12_22,9,12,16,23.999999999999957,5,18.999999999999957,2.1768674850463867,2
724,graph_12_23,9,11,15,16.99999999999975,1,15.999999999999876,1.6304223537445068,2
725,graph_12_24,9,12,19,22.999999999999634,4,18.999999999999634,3.0483999252319336,2
726,graph_12_25,9,12,15,25.9999999999999,7,18.9999999999999,1.5987181663513184,2
727,graph_12_26,9,12,17,17.0,1,16.0,1.992673635482788,2
728,graph_12_27,9,12,23,17.999999999999936,2,15.999999999999938,1.7971107959747314,2
729,graph_12_28,9,12,17,22.0,5,17.0,1.977769374847412,2
730,graph_12_29,9,12,17,22.0,1,21.0,2.0178892612457275,2
731,graph_12_30,9,12,17,17.999999999999893,1,16.999999999999893,2.155709743499756,2
732,graph_12_31,9,12,18,37.99999925000019,2,35.99999925000019,9.493359088897705,2
733,graph_12_32,9,12,22,19.999999999999808,0,19.999999999999996,2.2307393550872803,2
734,graph_12_33,9,12,27,25.99999979888937,2,23.999999818889297,4.975620985031128,2
735,graph_12_34,9,12,17,24.999999999999673,2,22.999999999999645,2.405550241470337,2
736,graph_12_35,9,12,19,20.00000000000004,1,19.000000000000032,4.804957151412964,2
737,graph_12_36,9,12,17,20.0,2,18.0,2.1754517555236816,2
738,graph_12_37,9,12,19,30.0,3,27.0,3.548391342163086,2
739,graph_12_38,9,12,17,31.999999999999996,8,23.999999999999996,2.9254305362701416,2
740,graph_12_39,9,12,23,29.0,3,26.0,9.246936798095703,2
741,graph_12_40,9,12,18,31.999999999999986,7,24.999999999999986,2.8783645629882812,2
742,graph_12_41,9,12,18,22.999999999999826,2,20.99999999999983,2.4681687355041504,2
743,graph_12_42,9,12,22,23.0,3,20.0,3.689598560333252,2
744,graph_12_43,9,12,22,24.99999999999995,6,18.999999999999975,2.488203287124634,2
745,graph_12_44,9,12,18,23.999999999999908,4,19.999999999999908,2.385063648223877,2
746,graph_12_45,9,12,19,17.999999999999822,2,15.999999999999822,2.4831504821777344,2
747,graph_12_46,9,12,17,32.99999999999956,7,25.999999999999112,4.355321645736694,2
748,graph_12_47,9,12,26,38.00000000000002,2,36.000000000000036,17.37194585800171,2
749,graph_12_48,9,12,22,30.0,8,22.0,2.4403860569000244,2
750,graph_12_49,9,12,24,39.00000000000001,3,36.000000000000014,21.434886693954468,2
751,graph_12_50,9,12,17,17.9999999999998,3,14.999999999999805,1.679868459701538,2
752,graph_12_51,9,12,33,25.999999999999755,1,24.99999999999976,5.191177845001221,2
753,graph_12_52,9,11,20,36.000000000000036,6,30.00000000000006,8.062187671661377,2
754,graph_12_53,9,12,19,33.0,4,28.999999999999996,4.663574695587158,2
755,graph_12_54,9,12,19,25.0,2,23.0,2.2876884937286377,2
756,graph_12_55,9,12,23,32.99999941666674,1,31.999999513889236,8.210826635360718,2
757,graph_12_56,9,12,22,37.0,4,33.0,28.708102226257324,2
758,graph_12_57,9,12,24,42.999999999999034,4,38.9999999999997,5.467327117919922,2
759,graph_12_58,9,12,27,43.0,3,40.0,27.20560908317566,2
760,graph_12_59,9,12,16,35.999999999999986,7,28.999999999999986,2.752530813217163,2
761,graph_12_60,9,12,22,33.99999999999952,7,26.999999999999762,6.170310020446777,2
762,graph_12_61,9,12,26,49.00000000000011,8,41.00000000000012,17.225754499435425,2
763,graph_12_62,9,12,18,55.99999999999729,14,41.9999999999973,5.55081582069397,2
764,graph_12_63,9,12,24,40.0,6,34.0,9.412405967712402,2
765,graph_12_64,9,12,16,42.00000000000014,11,31.000000000000203,2.3958253860473633,2
766,graph_12_65,9,12,23,25.9999999999999,3,22.999999999999922,3.019059181213379,2
767,graph_12_66,9,12,22,32.0,4,28.0,4.808779716491699,2
768,graph_12_67,9,12,21,48.00000000000022,10,38.00000000000025,17.375070810317993,2
769,graph_12_68,9,12,28,40.99999972352303,7,34.00000000000013,11.762831687927246,2
770,graph_12_69,9,12,20,54.99999999999989,15,40.00000000000008,6.379362106323242,2
771,graph_12_70,9,12,29,42.0,9,33.0,10.147239446640015,2
772,graph_12_71,9,12,28,35.0,4,31.0,12.90978717803955,2
773,graph_12_72,9,12,25,58.0,7,51.0,39.00019383430481,2
774,graph_12_73,9,12,28,38.0,6,32.0,6.661617755889893,2
775,graph_12_74,9,12,28,44.0,2,42.0,23.1741144657135,2
776,graph_12_75,9,12,21,51.0,11,40.0,15.32262659072876,2
777,graph_12_76,9,12,32,62.99999999999999,8,55.0,73.68020534515381,2
778,graph_12_77,9,12,24,37.0,8,29.0,7.560646295547485,2
779,graph_12_78,9,12,28,46.00000000000001,7,39.0,26.065863370895386,2
780,graph_12_79,9,12,27,35.99999999999961,6,29.99999999999961,8.035038232803345,2
781,graph_12_80,9,12,27,59.0,13,46.0,29.447611808776855,2
782,graph_12_81,9,12,29,65.99999999998454,9,56.99999999998484,216.22671699523926,2
783,graph_12_82,9,12,38,60.99999999999998,10,50.99999999999998,139.93239784240723,2
784,graph_12_83,9,12,33,53.00000000000009,8,45.00000000000009,15.565410375595093,2
785,graph_12_84,9,12,24,57.0,16,41.00000000000001,12.927410364151001,2
786,graph_12_85,9,12,27,43.0,10,33.0,55.33780288696289,2
787,graph_12_86,9,12,33,78.00000000000048,12,66.00000000000057,300.4524767398834,9
788,graph_12_87,9,11,43,54.0,5,49.0,300.19079327583313,9
789,graph_12_88,9,12,28,69.0,11,58.0,51.90432929992676,2
790,graph_12_89,9,12,37,67.00000000000001,12,55.0000000000003,300.2813239097595,9
791,graph_12_90,9,12,35,55.000000000000206,10,45.00000000000035,36.99747061729431,2
792,graph_12_91,9,12,30,50.999999999999844,8,42.99999999999986,27.181919813156128,2
793,graph_12_92,9,12,31,43.0,7,36.0,10.043209552764893,2
794,graph_12_93,9,12,31,72.0,12,60.0,124.63132643699646,2
795,graph_12_94,9,12,26,76.99999999999496,17,59.99999999999908,194.15393686294556,2
796,graph_12_95,9,12,33,66.99999999999862,14,52.999999999999645,70.51990866661072,2
797,graph_12_96,9,12,27,45.000000000000114,7,38.000000000000256,13.68570876121521,2
798,graph_12_97,9,12,29,63.0,10,53.0,24.46426558494568,2
799,graph_12_98,9,12,26,68.99999844381075,12,56.99999967108908,69.2180666923523,2
800,graph_12_99,9,12,22,64.0,9,55.0,300.2412931919098,9
801,graph_13_0,9,13,14,11.99999999999999,2,9.99999999999999,0.05661582946777344,2
802,graph_13_1,9,13,19,11.000000000000004,0,11.000000000000004,1.8759613037109375,2
803,graph_13_2,9,13,16,5.999999999999982,0,6.0,0.033059120178222656,2
804,graph_13_3,9,13,15,12.999999999999996,2,11.0,0.06770730018615723,2
805,graph_13_4,9,13,15,14.0,1,13.0,1.5442662239074707,2
806,graph_13_5,9,13,15,9.999999999999929,0,9.999999999999929,0.06641674041748047,2
807,graph_13_6,9,13,19,15.0,1,14.0,1.7809627056121826,2
808,graph_13_7,9,13,17,12.0,0,12.0,2.3066213130950928,2
809,graph_13_8,9,13,18,16.99999999999994,2,14.99999999999994,2.142218828201294,2
810,graph_13_9,9,13,18,13.0,0,13.0,0.22008585929870605,2
811,graph_13_10,9,13,14,14.0,2,12.000000000000004,1.8074426651000977,2
812,graph_13_11,9,13,14,11.999999999999929,2,9.999999999999929,0.04977917671203613,2
813,graph_13_12,9,13,16,24.0,4,20.000000000000004,3.324842691421509,2
814,graph_13_13,9,13,17,17.0,4,13.0,0.1234898567199707,2
815,graph_13_14,9,13,25,15.99999999999965,0,16.000000000000185,3.881211996078491,2
816,graph_13_15,9,13,17,21.0,3,18.0,2.776392698287964,2
817,graph_13_16,9,13,18,18.999999999999776,3,15.999999999999776,2.795992612838745,2
818,graph_13_17,9,13,18,27.0,1,26.0,5.126975774765015,2
819,graph_13_18,9,13,17,14.999999999999858,1,13.999999999999858,1.708345890045166,2
820,graph_13_19,9,13,19,13.0,1,12.0,0.09898734092712402,2
821,graph_13_20,9,13,26,21.999999999999922,3,18.999999999999922,4.318591356277466,2
822,graph_13_21,9,13,15,16.99999999999985,2,14.99999999999985,1.8186593055725098,2
823,graph_13_22,9,13,18,20.999999999999737,1,19.99999999999987,4.530633926391602,2
824,graph_13_23,9,12,22,23.0,5,18.000000000000092,2.764197587966919,2
825,graph_13_24,9,13,20,13.99999999999986,0,13.999999999999929,1.8880596160888672,2
826,graph_13_25,9,13,18,24.0,3,21.0,2.6395137310028076,2
827,graph_13_26,9,13,21,14.999999999999693,0,14.999999999999897,1.8425819873809814,2
828,graph_13_27,9,13,22,26.0,7,19.0,2.9884679317474365,2
829,graph_13_28,9,13,21,22.999999999998998,2,20.999999999999332,3.893871545791626,2
830,graph_13_29,9,13,17,30.999999999999748,4,26.999999999999744,2.8452868461608887,2
831,graph_13_30,9,13,20,31.999999999998913,3,28.999999999998913,13.812384843826294,2
832,graph_13_31,9,13,27,22.0,1,21.0,3.388627767562866,2
833,graph_13_32,9,13,17,26.000000000000046,1,25.000000000000092,7.690249681472778,2
834,graph_13_33,9,13,19,24.999999999999694,6,18.999999999999694,2.0929059982299805,2
835,graph_13_34,9,13,31,39.0,7,32.0,8.141140222549438,2
836,graph_13_35,9,13,22,34.00000000000001,10,24.000000000000018,2.6783437728881836,2
837,graph_13_36,9,13,14,28.0,7,20.999999999999996,2.327925682067871,2
838,graph_13_37,9,13,22,24.000000000000206,2,22.0000000000004,2.7356388568878174,2
839,graph_13_38,9,13,19,27.000000000000085,6,21.000000000000128,3.582078218460083,2
840,graph_13_39,9,13,21,30.0,5,25.0,4.190819978713989,2
841,graph_13_40,9,13,22,32.99999999999984,4,28.999999999999837,3.1836435794830322,2
842,graph_13_41,9,13,18,26.000000000000078,6,20.000000000000178,3.145015239715576,2
843,graph_13_42,9,13,29,31.0,2,29.0,5.809963703155518,2
844,graph_13_43,9,13,23,28.0,3,25.0,4.585279941558838,2
845,graph_13_44,9,13,27,31.0,3,28.0,4.913898468017578,2
846,graph_13_45,9,13,26,28.999999999999837,2,26.999999999999837,3.65256404876709,2
847,graph_13_46,9,13,18,30.0,8,22.000000000000007,2.479764699935913,2
848,graph_13_47,9,13,24,34.999999999999446,6,28.999999999999957,4.6593918800354,2
849,graph_13_48,9,13,29,42.00000000000014,9,33.000000000000156,22.969652891159058,2
850,graph_13_49,9,13,20,40.0,7,33.0,6.104968786239624,2
851,graph_13_50,9,13,21,43.0,9,34.0,9.869748592376709,2
852,graph_13_51,9,13,21,41.0,7,34.0,5.531563758850098,2
853,graph_13_52,9,13,22,36.99999999999957,5,31.999999999999567,9.398775100708008,2
854,graph_13_53,9,13,26,42.999999999999545,4,38.99999999999965,13.87229323387146,2
855,graph_13_54,9,13,22,58.999999999999986,16,42.999999999999986,64.53033900260925,2
856,graph_13_55,9,13,22,40.99999999999999,7,34.0,6.389930725097656,2
857,graph_13_56,9,13,22,30.999999999999602,6,24.999999999999602,3.582418441772461,2
858,graph_13_57,9,13,24,41.0,7,34.00000000000001,7.14762544631958,2
859,graph_13_58,9,13,25,41.0,11,30.0,6.714556455612183,2
860,graph_13_59,9,13,26,47.0,6,41.0,45.56205344200134,2
861,graph_13_60,9,13,22,43.999999999999,3,40.99999999999987,34.241549491882324,2
862,graph_13_61,9,12,24,47.0,11,36.0,6.465444326400757,2
863,graph_13_62,9,13,33,52.0,8,44.0,33.80092144012451,2
864,graph_13_63,9,13,23,34.99999999999994,5,29.99999999999999,6.0480568408966064,2
865,graph_13_64,9,13,20,34.9999999999994,6,28.999999999999403,3.4750192165374756,2
866,graph_13_65,9,13,27,37.999999999998145,7,30.999999999999076,5.721781492233276,2
867,graph_13_66,9,13,36,45.000000000000014,4,41.00000000000016,104.5890679359436,2
868,graph_13_67,9,13,24,61.99999999999996,15,46.99999999999999,53.83893322944641,2
869,graph_13_68,9,12,22,47.0,8,39.0,8.899521827697754,2
870,graph_13_69,9,13,32,44.0,5,39.0,30.849012851715088,2
871,graph_13_70,9,13,28,51.0,7,44.00000000000001,18.258602142333984,2
872,graph_13_71,9,13,32,52.0,10,42.0,45.26559352874756,2
873,graph_13_72,9,13,35,37.99999999999919,4,33.99999999999944,9.818851232528687,2
874,graph_13_73,9,13,29,57.000000000000156,9,48.00000000000016,52.04002666473389,2
875,graph_13_74,9,13,28,41.99999999999999,5,36.99999999999999,10.699960470199585,2
876,graph_13_75,9,13,28,45.99999999999821,6,39.99999999999917,20.774736404418945,2
877,graph_13_76,9,13,30,61.999999999999766,8,54.00000000000008,94.4784951210022,2
878,graph_13_77,9,13,37,53.00000000000003,7,46.00000000000003,76.47628951072693,2
879,graph_13_78,9,13,31,54.0,12,42.0,49.33948755264282,2
880,graph_13_79,9,13,31,57.99999999999919,13,44.999999999999694,19.00181007385254,2
881,graph_13_80,9,13,35,51.00000000000021,9,42.00000000000025,48.429118156433105,2
882,graph_13_81,9,13,31,48.00000000000002,7,41.000000000000064,40.225966930389404,2
883,graph_13_82,9,13,28,71.9999999999986,17,54.99999999999932,42.084303855895996,2
884,graph_13_83,9,13,32,50.00000000000007,9,41.00000000000014,22.430665254592896,2
885,graph_13_84,9,13,33,69.0,15,54.0,82.15698146820068,2
886,graph_13_85,9,13,32,62.000000000000014,15,47.000000000000156,37.39796686172485,2
887,graph_13_86,9,13,24,79.0,10,69.0,265.716490983963,2
888,graph_13_87,9,13,36,66.00000000000011,10,56.00000000000023,38.04291796684265,2
889,graph_13_88,9,13,34,69.99999968986768,8,62.00000012499979,206.53702902793884,2
890,graph_13_89,9,13,36,60.0,9,51.0,300.28376483917236,9
891,graph_13_90,9,13,34,67.99999799999921,7,60.999998500000935,155.4215006828308,2
892,graph_13_91,9,13,31,57.000000000000014,12,45.00000000000002,13.430972576141357,2
893,graph_13_92,9,13,31,51.99999999999999,15,36.999999999999986,7.3573877811431885,2
894,graph_13_93,9,13,40,68.0,9,59.00000000000115,300.44592928886414,9
895,graph_13_94,9,13,31,59.999999999999915,6,53.999999999999915,122.22734093666077,2
896,graph_13_95,9,13,32,65.0,16,49.0,113.71015930175781,2
897,graph_13_96,9,13,30,55.999999999999176,11,44.999999999999176,29.95646047592163,2
898,graph_13_97,9,13,28,101.9999999999972,32,69.99999999999993,300.3108477592468,9
899,graph_13_98,9,13,26,67.00000000000004,13,54.000000000000256,300.3425018787384,9
900,graph_13_99,9,13,37,93.00000000000082,20,73.00000000000111,300.1849057674408,9
901,graph_14_0,9,14,19,14.000000000000053,2,12.000000000000107,1.4751498699188232,2
902,graph_14_1,9,14,21,17.99999999999972,2,15.999999999999718,3.028351306915283,2
903,graph_14_2,9,14,20,15.999999999999986,3,12.999999999999986,1.750525951385498,2
904,graph_14_3,9,14,18,11.999999999999917,1,10.999999999999833,1.848628044128418,2
905,graph_14_4,9,14,19,15.999999999999883,3,13.000000000000059,2.212049961090088,2
906,graph_14_5,9,14,17,14.0,3,11.0,0.05821037292480469,2
907,graph_14_6,9,14,20,20.0,2,18.0,2.63130259513855,2
908,graph_14_7,9,14,16,14.0,0,14.0,2.4377834796905518,2
909,graph_14_8,9,14,20,17.0,2,15.0,2.903393030166626,2
910,graph_14_9,9,14,18,28.999999999999993,4,24.999999999999993,5.155668020248413,2
911,graph_14_10,9,14,17,12.999999999999975,1,11.999999999999975,1.5904467105865479,2
912,graph_14_11,9,13,18,24.999999999999986,7,18.0,2.8483481407165527,2
913,graph_14_12,9,14,20,18.999999999999694,0,18.999999999999893,2.1180388927459717,2
914,graph_14_13,9,14,16,19.0,2,17.0,1.6672141551971436,2
915,graph_14_14,9,14,18,28.99999999999962,3,25.99999999999962,2.820512056350708,2
916,graph_14_15,9,14,19,15.999999999999865,1,14.999999999999865,1.622257947921753,2
917,graph_14_16,9,14,17,16.99999999999939,1,15.999999999999387,1.8194820880889893,2
918,graph_14_17,9,14,17,20.999999999999996,2,19.0,2.1719272136688232,2
919,graph_14_18,9,14,20,35.0,7,28.0,4.8930134773254395,2
920,graph_14_19,9,14,18,24.0,5,19.0,2.1935577392578125,2
921,graph_14_20,9,14,19,19.000000000000146,1,18.00000000000031,4.492509365081787,2
922,graph_14_21,9,14,18,23.999999999999957,1,22.999999999999993,3.3239307403564453,2
923,graph_14_22,9,14,18,22.999999999999996,3,20.0,2.338507890701294,2
924,graph_14_23,9,14,28,26.0,1,25.0,3.1334357261657715,2
925,graph_14_24,9,14,20,19.999999999999787,2,17.999999999999787,1.9949438571929932,2
926,graph_14_25,9,14,27,25.0,2,23.0,5.859085321426392,2
927,graph_14_26,9,14,22,22.999999999999602,2,20.999999999999737,2.8096554279327393,2
928,graph_14_27,9,14,20,30.0,4,26.0,4.456140518188477,2
929,graph_14_28,9,14,24,16.999999999999996,2,15.000000000000005,2.4258322715759277,2
930,graph_14_29,9,14,17,23.999999911110937,3,20.999999999999886,3.5119659900665283,2
931,graph_14_30,9,14,19,20.9999999999999,2,18.99999999999995,1.769561529159546,2
932,graph_14_31,9,14,19,33.0,10,23.0,2.8271665573120117,2
933,graph_14_32,9,14,21,32.0,6,26.0,4.906987428665161,2
934,graph_14_33,9,14,25,52.0,12,40.0,33.040642738342285,2
935,graph_14_34,9,14,21,24.0,1,23.0,2.7627081871032715,2
936,graph_14_35,9,14,23,17.999999999999908,0,18.000000000000046,1.8532893657684326,2
937,graph_14_36,9,14,17,37.999999999998636,9,28.999999999999698,3.37678861618042,2
938,graph_14_37,9,14,22,50.00000000000009,13,37.00000000000008,38.126665353775024,2
939,graph_14_38,9,14,30,23.000000000000007,4,19.000000000000014,2.902104377746582,2
940,graph_14_39,9,14,19,23.999999155096155,2,22.0,2.7578516006469727,2
941,graph_14_40,9,14,21,29.99999999999921,4,25.99999999999989,3.6675689220428467,2
942,graph_14_41,9,14,27,30.0,3,27.0,4.782382488250732,2
943,graph_14_42,9,14,27,35.99999999999924,4,32.0000000000004,8.898577213287354,2
944,graph_14_43,9,14,18,31.0,5,26.000000000000476,3.5629308223724365,2
945,graph_14_44,9,14,26,29.0,3,26.0,5.9508678913116455,2
946,graph_14_45,9,14,18,31.999999999999304,8,23.999999999999652,3.2286908626556396,2
947,graph_14_46,9,14,17,33.99999999999999,3,30.99999999999999,2.7436137199401855,2
948,graph_14_47,9,14,23,42.999999913198394,9,33.99999997802496,8.702839136123657,2
949,graph_14_48,9,14,21,39.000000000000014,5,34.000000000000384,4.820361137390137,2
950,graph_14_49,9,14,23,58.99999900599804,15,43.99999999999916,53.19580960273743,2
951,graph_14_50,9,14,33,35.0,8,27.000000000000007,12.980899810791016,2
952,graph_14_51,9,14,30,41.0,7,34.0,6.498700857162476,2
953,graph_14_52,9,14,27,45.00000000000005,6,39.00000000000003,101.65836429595947,2
954,graph_14_53,9,14,22,42.99999999999929,9,33.99999999999936,16.707258939743042,2
955,graph_14_54,9,14,28,49.0,8,41.0,10.973336458206177,2
956,graph_14_55,9,14,20,44.00000000000064,7,37.000000000000654,10.527971744537354,2
957,graph_14_56,9,14,25,50.999996497966386,4,46.99999898999943,54.13398623466492,2
958,graph_14_57,9,14,30,47.99999999999967,6,42.00000000000142,41.644174575805664,2
959,graph_14_58,9,14,28,33.0,5,28.000000000000014,8.402889728546143,2
960,graph_14_59,9,14,25,40.0,9,31.0,5.611966133117676,2
961,graph_14_60,9,14,23,59.000000000000306,14,45.00000000000038,62.09457802772522,2
962,graph_14_61,9,14,24,43.00000000000003,9,34.000000000000036,4.975295305252075,2
963,graph_14_62,9,14,26,67.00000000000001,16,51.000000000000014,57.45903038978577,2
964,graph_14_63,9,14,22,48.0,11,37.0,4.451192617416382,2
965,graph_14_64,9,14,23,48.00000000000004,6,42.00000000000006,110.13369870185852,2
966,graph_14_65,9,14,28,47.00000000000004,7,40.00000000000008,63.31032752990723,2
967,graph_14_66,9,14,29,47.99999999999992,10,37.999999999999936,11.502039432525635,2
968,graph_14_67,9,14,37,36.99999999999923,3,33.999999999999226,49.734217405319214,2
969,graph_14_68,9,14,36,60.99999999999919,11,49.99999999999956,23.536364555358887,2
970,graph_14_69,9,14,29,52.999999999998764,14,39.00000000000078,18.545461893081665,2
971,graph_14_70,9,14,30,53.0,7,46.0,30.60668420791626,2
972,graph_14_71,9,13,28,67.0,17,50.0,143.6022822856903,2
973,graph_14_72,9,14,26,55.0,15,40.0,9.89481806755066,2
974,graph_14_73,9,14,37,47.0,9,38.0,31.40364933013916,2
975,graph_14_74,9,14,34,45.00000000000014,5,40.00000000000236,33.10894823074341,2
976,graph_14_75,9,14,24,68.99999999999982,15,53.99999999999982,11.856919288635254,2
977,graph_14_76,9,14,32,53.99999999999999,9,45.0,8.640825748443604,2
978,graph_14_77,9,14,28,62.9999999999989,11,51.99999999999936,48.20131850242615,2
979,graph_14_78,9,14,41,73.0000000000004,15,58.00000000000064,57.79786252975464,2
980,graph_14_79,9,14,23,83.00000000000013,22,61.00000000000014,80.30754208564758,2
981,graph_14_80,9,14,31,62.99999819702269,16,46.999998200000654,57.79756164550781,2
982,graph_14_81,9,14,32,64.0,12,52.0,144.80293536186218,2
983,graph_14_82,9,14,46,70.0,15,55.00000000000001,300.39349269866943,9
984,graph_14_83,9,14,38,90.0,13,77.0,300.42350578308105,9
985,graph_14_84,9,14,38,76.99999999999712,12,64.99999999999969,212.4796245098114,2
986,graph_14_85,9,14,35,68.99998403024341,12,56.99999301262357,218.98691606521606,2
987,graph_14_86,9,14,39,57.99999999999889,11,46.9999999999996,48.602577686309814,2
988,graph_14_87,9,14,35,76.00000000000017,12,64.00000000000017,196.27340126037598,2
989,graph_14_88,9,14,28,57.0,10,47.0,10.313098669052124,2
990,graph_14_89,9,14,41,59.0000000000001,14,45.0000000000001,29.96244239807129,2
991,graph_14_90,9,14,38,89.9999985022732,12,78.00000000000084,300.2354402542114,9
992,graph_14_91,9,14,28,59.99999999999999,10,50.00000000000011,119.12652325630188,2
993,graph_14_92,9,14,46,83.0,19,63.99999999999999,300.2542586326599,9
994,graph_14_93,9,14,28,85.99999612929588,15,70.99999612904006,215.63909816741943,2
995,graph_14_94,9,14,42,75.99999836620307,19,56.999998977272725,300.29838585853577,9
996,graph_14_95,9,14,36,73.0,17,56.00000000000004,184.11245203018188,2
997,graph_14_96,9,14,37,101.00000000000033,17,84.00000000000048,300.284108877182,9
998,graph_14_97,9,14,40,107.9999999999998,17,91.0,300.18888211250305,9
999,graph_14_98,9,14,34,102.0,21,81.0,300.5938947200775,9
1000,graph_14_99,9,14,29,85.00000000000011,22,63.00000000000019,300.36065101623535,9
1001,graph_15_0,9,15,18,12.0,2,10.0,0.09472823143005371,2
1002,graph_15_1,9,15,15,14.0,2,12.0,0.12435364723205566,2
1003,graph_15_2,9,15,23,14.999999999999986,0,14.999999999999986,3.4592363834381104,2
1004,graph_15_3,9,14,18,18.99999999999962,2,16.999999999999808,1.7535648345947266,2
1005,graph_15_4,9,15,21,19.0,2,17.00000000000001,2.8992044925689697,2
1006,graph_15_5,9,15,15,17.0,1,16.0,2.18381404876709,2
1007,graph_15_6,9,15,21,22.999999999999943,2,20.999999999999943,2.7501542568206787,2
1008,graph_15_7,9,15,19,20.0,1,19.0,2.5743677616119385,2
1009,graph_15_8,9,15,17,20.999999999999538,2,18.999999999999538,2.8978922367095947,2
1010,graph_15_9,9,13,18,14.99999999999989,0,14.99999999999989,0.09442377090454102,2
1011,graph_15_10,9,15,22,16.999999999999936,1,15.999999999999936,1.7877061367034912,2
1012,graph_15_11,9,15,20,28.999999999999616,4,24.999999999999936,7.4483864307403564,2
1013,graph_15_12,9,15,18,15.999999999999924,0,15.999999999999922,2.8766236305236816,2
1014,graph_15_13,9,15,25,26.0,4,22.000000000000007,9.957669258117676,2
1015,graph_15_14,9,15,22,29.000000000000014,5,24.000000000000025,3.084759473800659,2
1016,graph_15_15,9,15,19,28.99999999999998,4,24.99999999999998,4.369464635848999,2
1017,graph_15_16,9,15,20,21.999999999999794,2,19.999999999999794,2.2588915824890137,2
1018,graph_15_17,9,15,21,18.0,0,18.000000000000004,2.58085036277771,2
1019,graph_15_18,9,15,21,28.999999999999503,4,24.999999999999503,3.7939810752868652,2
1020,graph_15_19,9,15,29,34.00000000000002,3,31.000000000000018,10.114033222198486,2
1021,graph_15_20,9,15,24,18.99999999999995,3,15.999999999999948,2.789071798324585,2
1022,graph_15_21,9,14,24,23.999999999999822,4,19.99999999999991,3.036820650100708,2
1023,graph_15_22,9,15,18,22.999999999999808,2,20.999999999999808,4.168499946594238,2
1024,graph_15_23,9,15,19,18.99999999999965,2,16.999999999999822,1.872917652130127,2
1025,graph_15_24,9,15,29,24.000000000000107,0,24.000000000000213,4.098917722702026,2
1026,graph_15_25,9,15,30,25.000000000000007,3,22.000000000000004,4.43026328086853,2
1027,graph_15_26,9,15,29,26.999999999999833,2,24.99999999999983,3.8445215225219727,2
1028,graph_15_27,9,15,28,31.00000000000002,4,27.000000000000103,17.376983404159546,2
1029,graph_15_28,9,15,19,29.999999999999993,5,24.999999999999996,8.246011972427368,2
1030,graph_15_29,9,15,22,30.0,5,25.0,2.7027246952056885,2
1031,graph_15_30,9,14,21,35.0,10,25.0,2.9906933307647705,2
1032,graph_15_31,9,15,24,25.0,2,23.000000000000007,5.4002087116241455,2
1033,graph_15_32,9,15,27,22.999999999999904,4,18.999999999999904,2.9174978733062744,2
1034,graph_15_33,9,15,18,24.999999999999915,2,23.000000000000085,2.6500275135040283,2
1035,graph_15_34,9,15,23,19.999999999999787,3,16.999999999999787,1.955151081085205,2
1036,graph_15_35,9,15,24,32.0,5,27.0,6.486304759979248,2
1037,graph_15_36,9,15,23,45.000000000000064,7,38.00000000000013,21.065140962600708,2
1038,graph_15_37,9,15,25,21.999999999999897,3,18.999999999999897,2.910759210586548,2
1039,graph_15_38,9,15,20,31.999999999999584,4,27.999999999999584,3.91817307472229,2
1040,graph_15_39,9,15,41,36.00000000000001,6,30.0,74.0179181098938,2
1041,graph_15_40,9,15,27,38.00000000000004,7,31.000000000000053,14.40012788772583,2
1042,graph_15_41,9,15,27,31.99999999999999,4,27.999999999999993,10.2972252368927,2
1043,graph_15_42,9,15,26,34.99999999999998,3,31.999999999999986,7.331958055496216,2
1044,graph_15_43,9,15,20,30.0,4,26.0,2.9055919647216797,2
1045,graph_15_44,9,15,32,24.999999999999805,3,21.999999999999957,2.532553195953369,2
1046,graph_15_45,9,15,25,28.000000000000046,3,25.000000000000046,7.344416856765747,2
1047,graph_15_46,9,15,31,53.00000000000003,11,42.00000000000006,88.83719754219055,2
1048,graph_15_47,9,15,26,45.0,10,35.0,6.319886207580566,2
1049,graph_15_48,9,15,30,40.99999999999933,6,35.000000000000135,23.31819462776184,2
1050,graph_15_49,9,15,26,51.0,13,38.0,31.73806643486023,2
1051,graph_15_50,9,15,22,35.00000000000046,5,30.000000000000355,4.473845720291138,2
1052,graph_15_51,9,15,26,61.0,18,43.0,25.080994844436646,2
1053,graph_15_52,9,15,23,48.99999999999952,10,38.99999999999959,3.8099215030670166,2
1054,graph_15_53,9,14,24,43.999999999999204,9,34.99999999999973,7.217621803283691,2
1055,graph_15_54,9,15,31,49.0,6,43.0,12.81410002708435,2
1056,graph_15_55,9,15,28,54.99999999999865,9,45.99999999999976,163.64711332321167,2
1057,graph_15_56,9,15,34,51.00000000000035,9,42.000000000000576,50.4684624671936,2
1058,graph_15_57,9,15,35,43.99999999999941,6,38.0000000000002,14.489953994750977,2
1059,graph_15_58,9,15,27,46.0,9,37.0,49.25164175033569,2
1060,graph_15_59,9,15,27,54.0,8,46.0,20.784562587738037,2
1061,graph_15_60,9,15,35,50.0,8,42.0,28.003373622894287,2
1062,graph_15_61,9,15,40,36.99999999999946,7,29.999999999999865,6.1044862270355225,2
1063,graph_15_62,9,15,24,54.000000000000014,10,44.000000000000014,22.218968152999878,2
1064,graph_15_63,9,15,34,59.99999999999602,15,44.99999999999806,119.85265755653381,2
1065,graph_15_64,9,15,33,60.00000000000012,6,54.00000000000013,99.90333819389343,2
1066,graph_15_65,9,15,24,58.0,15,43.0,15.225498914718628,2
1067,graph_15_66,9,15,31,71.00000000000003,13,58.00000000000004,55.1976261138916,2
1068,graph_15_67,9,15,26,59.99999731333338,13,46.99999737333332,18.891285181045532,2
1069,graph_15_68,9,15,29,40.99999771739047,3,38.000000000000114,45.83092379570007,2
1070,graph_15_69,9,15,28,69.0000000000001,13,56.000000000000114,300.2738747596741,9
1071,graph_15_70,9,15,31,78.99999999999997,15,63.99999999999998,124.16195106506348,2
1072,graph_15_71,9,15,29,69.99999999999821,23,47.00000000000015,36.195767879486084,2
1073,graph_15_72,9,15,28,71.99999999999935,17,55.000000000000185,40.723968744277954,2
1074,graph_15_73,9,15,28,74.99998655510403,20,54.99999402280279,65.75771641731262,2
1075,graph_15_74,9,15,28,72.00000000000051,12,60.000000000000725,247.22864985466003,2
1076,graph_15_75,9,15,33,65.00000000000001,13,52.000000000000014,300.1886420249939,9
1077,graph_15_76,9,15,28,68.0,16,52.000000000000014,83.0981011390686,2
1078,graph_15_77,9,15,44,72.0,9,63.0,300.21738624572754,9
1079,graph_15_78,9,15,30,61.999999565159314,16,45.999999876712465,163.9905083179474,2
1080,graph_15_79,9,15,32,67.0,18,49.0,63.38142514228821,2
1081,graph_15_80,9,15,46,58.00000000000013,5,53.00000000000017,74.35481357574463,2
1082,graph_15_81,9,15,38,61.999999999996874,12,50.00000000000083,248.75688695907593,2
1083,graph_15_82,9,15,36,65.99999999999925,13,53.0000000000001,52.001569986343384,2
1084,graph_15_83,9,15,38,68.0,11,57.00000000000002,300.16400146484375,9
1085,graph_15_84,9,15,43,94.0,21,73.0,54.02172303199768,2
1086,graph_15_85,9,15,29,67.00000000000003,17,50.00000000000003,72.32916784286499,2
1087,graph_15_86,9,15,36,73.99999906324999,15,59.0,300.46890687942505,9
1088,graph_15_87,9,15,34,70.99999986171106,6,65.0000000000002,300.40716552734375,9
1089,graph_15_88,9,15,33,96.00000000000001,19,77.00000000000054,300.24497985839844,9
1090,graph_15_89,9,15,34,62.0000000000007,13,49.00000000000128,41.34891104698181,2
1091,graph_15_90,9,15,40,93.0,19,74.0,300.7079312801361,9
1092,graph_15_91,9,15,36,71.00000000000018,9,62.000000000000306,300.4524233341217,9
1093,graph_15_92,9,15,36,102.0,19,83.0,269.775897026062,2
1094,graph_15_93,9,15,38,103.00000000000004,13,90.00000000000003,300.3131945133209,9
1095,graph_15_94,9,15,36,68.99999999999838,21,47.999999999999766,27.291600942611694,2
1096,graph_15_95,9,15,43,109.99999999999918,26,83.99999999999943,300.7094602584839,9
1097,graph_15_96,9,15,33,97.00000000000003,29,68.00000000000001,60.490747928619385,2
1098,graph_15_97,9,15,20,82.99999880000007,31,51.9999992000001,19.541946411132812,2
1099,graph_15_98,9,15,28,118.00000000000014,33,85.00000000000014,153.16136837005615,2
1100,graph_15_99,9,15,39,107.00000000000043,16,91.00000000000045,300.3338770866394,9
1101,graph_16_0,9,16,23,21.99999999999981,4,17.999999999999815,2.3802759647369385,2
1102,graph_16_1,9,16,20,13.000000000000066,1,12.00000000000012,2.3881888389587402,2
1103,graph_16_2,9,16,17,18.0,3,15.0,2.0870840549468994,2
1104,graph_16_3,9,16,18,15.999999999999996,0,15.999999999999996,1.762206792831421,2
1105,graph_16_4,9,16,21,22.0,3,19.000000000000007,2.5776569843292236,2
1106,graph_16_5,9,16,22,11.999999999999943,0,12.000000000000025,1.9678053855895996,2
1107,graph_16_6,9,16,22,23.999999999999282,4,20.00000000000034,3.1238455772399902,2
1108,graph_16_7,9,16,20,20.999999666666668,3,17.999999666666668,2.5755605697631836,2
1109,graph_16_8,9,16,28,25.999999999999993,4,22.000000000000266,3.4924840927124023,2
1110,graph_16_9,9,16,19,16.0,3,13.0,2.196035146713257,2
1111,graph_16_10,9,16,18,24.99999999999951,6,18.999999999999673,1.937211513519287,2
1112,graph_16_11,9,16,21,13.999999999999954,0,13.999999999999954,1.757873773574829,2
1113,graph_16_12,9,16,22,21.0,3,18.0,2.256526470184326,2
1114,graph_16_13,9,16,23,21.0,0,21.0,5.616642951965332,2
1115,graph_16_14,9,16,25,31.0,4,27.0,35.16845083236694,2
1116,graph_16_15,9,16,20,17.999999999999925,2,15.999999999999925,2.442391872406006,2
1117,graph_16_16,9,16,21,30.999999819412164,7,24.00000081030602,2.9783949851989746,2
1118,graph_16_17,9,16,23,23.0,2,21.0,2.5829806327819824,2
1119,graph_16_18,9,16,23,28.0,5,23.0,3.4749205112457275,2
1120,graph_16_19,9,16,30,29.999999999999766,1,29.00000000000012,3.9175453186035156,2
1121,graph_16_20,9,15,19,37.0,9,28.0,10.478375434875488,2
1122,graph_16_21,9,16,20,27.000000000000057,3,24.00000000000005,5.29740571975708,2
1123,graph_16_22,9,16,20,24.999999999999666,5,19.999999999999666,2.640444755554199,2
1124,graph_16_23,9,16,21,24.0,3,21.0,3.4199979305267334,2
1125,graph_16_24,9,16,26,33.0,5,28.000000000000004,5.972241401672363,2
1126,graph_16_25,9,16,27,38.0,4,34.0,37.8796591758728,2
1127,graph_16_26,9,16,24,27.99999999999916,3,24.99999999999916,4.045914888381958,2
1128,graph_16_27,9,16,23,31.0,3,28.000000000000007,9.82390832901001,2
1129,graph_16_28,9,16,26,34.00000000000007,3,31.00000000000013,7.585277557373047,2
1130,graph_16_29,9,16,27,33.99999900000025,8,25.999999000000333,5.275295972824097,2
1131,graph_16_30,9,16,25,41.999999999999986,8,33.999999999999986,3.7580349445343018,2
1132,graph_16_31,9,15,22,66.00000000000063,19,47.00000000000063,41.79410910606384,2
1133,graph_16_32,9,16,21,26.999999999999524,5,21.99999999999976,2.9097626209259033,2
1134,graph_16_33,9,16,26,30.999999999999996,4,26.999999999999996,5.81780743598938,2
1135,graph_16_34,9,16,24,31.0,5,26.0,2.974271535873413,2
1136,graph_16_35,9,16,27,42.0,8,34.0,7.69526219367981,2
1137,graph_16_36,9,16,22,47.99999999999999,12,36.0,14.048980951309204,2
1138,graph_16_37,9,16,31,36.00000000000001,6,30.000000000000007,6.998105525970459,2
1139,graph_16_38,9,16,22,23.999999999999886,6,17.999999999999886,2.020271062850952,2
1140,graph_16_39,9,16,32,41.000000000000114,6,35.000000000000114,91.00812029838562,2
1141,graph_16_40,9,16,27,46.99999999999757,8,39.00000000000235,30.154695510864258,2
1142,graph_16_41,9,16,28,36.0,3,33.0,19.92478919029236,2
1143,graph_16_42,9,16,26,63.999999999999986,10,54.0,60.659409523010254,2
1144,graph_16_43,9,16,23,39.99999999999959,8,31.999999999999588,3.4730312824249268,2
1145,graph_16_44,9,16,23,63.9999999999998,15,48.99999999999979,36.683765172958374,2
1146,graph_16_45,9,16,25,48.99999999999254,8,41.00000000001,25.955530643463135,2
1147,graph_16_46,9,16,27,31.00000000000012,5,26.000000000000135,4.558584928512573,2
1148,graph_16_47,9,16,26,59.00000000000001,14,45.0,19.512731313705444,2
1149,graph_16_48,9,16,35,52.000000000000284,13,39.000000000000355,169.98748135566711,2
1150,graph_16_49,9,16,30,48.99999999999996,12,37.0,13.595477104187012,2
1151,graph_16_50,9,16,23,37.0,2,35.0,7.406965255737305,2
1152,graph_16_51,9,16,29,42.9999999999984,7,35.999999999999346,12.791210412979126,2
1153,graph_16_52,9,16,43,50.99999999999997,6,45.00000000000007,142.28447222709656,2
1154,graph_16_53,9,16,25,46.99999999999959,12,34.99999999999972,4.146903038024902,2
1155,graph_16_54,9,16,39,53.99999999999971,9,44.999999999999716,67.13533806800842,2
1156,graph_16_55,9,16,26,49.99999999999942,10,39.999999999999844,19.09806728363037,2
1157,graph_16_56,9,16,36,52.00000000000003,7,45.00000000000004,167.0767045021057,2
1158,graph_16_57,9,16,33,44.999999999999986,9,36.0000000000001,12.74031138420105,2
1159,graph_16_58,9,16,27,65.99999999999991,13,52.999999999999986,32.64685392379761,2
1160,graph_16_59,9,16,34,71.00000000000006,11,60.00000000000032,300.5284457206726,9
1161,graph_16_60,9,16,26,98.0000000000007,18,80.00000000000068,300.4946029186249,9
1162,graph_16_61,9,16,36,52.0,6,46.0,24.16246747970581,2
1163,graph_16_62,9,16,32,69.00000000000003,11,58.00000000000003,286.287162065506,2
1164,graph_16_63,9,16,26,60.999999999999986,9,52.00000000000197,28.652939796447754,2
1165,graph_16_64,9,16,25,44.000000000000036,5,39.000000000000036,31.408183336257935,2
1166,graph_16_65,9,16,34,66.0,19,47.0,300.3834476470947,9
1167,graph_16_66,9,16,35,56.999990509572754,7,49.99999305333688,48.4952278137207,2
1168,graph_16_67,9,16,31,97.00000000000026,24,73.00000000000037,300.3118498325348,9
1169,graph_16_68,9,16,41,91.00000000000011,20,71.0000000000002,300.3718388080597,9
1170,graph_16_69,9,16,26,71.99999999999727,21,51.0000000000002,76.55648350715637,2
1171,graph_16_70,9,16,28,76.99999911371125,17,60.00000000000015,300.174156665802,9
1172,graph_16_71,9,16,23,74.0,26,48.0,32.7444429397583,2
1173,graph_16_72,9,16,29,51.000000000000064,6,45.00000000000008,39.24290156364441,2
1174,graph_16_73,9,16,26,77.99999365333832,26,51.9999972827273,87.38380599021912,2
1175,graph_16_74,9,16,34,66.0,12,54.0,267.32011437416077,2
1176,graph_16_75,9,16,31,73.0,20,53.000000000000014,79.0621428489685,2
1177,graph_16_76,9,16,31,70.0,18,52.0,63.52856183052063,2
1178,graph_16_77,9,16,33,73.00000000000003,7,66.00000000000014,300.2463982105255,9
1179,graph_16_78,9,16,33,69.00000000000036,16,53.00000000000054,86.96342039108276,2
1180,graph_16_79,9,16,40,75.00000000000009,16,59.00000000000014,243.2938380241394,2
1181,graph_16_80,9,16,48,95.00000000000074,15,80.00000000000097,167.90916395187378,2
1182,graph_16_81,9,16,31,98.00000000000003,28,70.00000000000004,300.4149398803711,9
1183,graph_16_82,9,16,42,63.0,14,49.0,48.58742165565491,2
1184,graph_16_83,9,16,35,79.99999999999912,13,66.99999999999912,168.19344639778137,2
1185,graph_16_84,9,16,35,69.0000000000002,18,51.0000000000002,100.86607837677002,2
1186,graph_16_85,9,16,53,110.00000000000001,33,77.0,300.26475644111633,9
1187,graph_16_86,9,16,24,93.00000000000053,37,56.000000000000554,114.00910377502441,2
1188,graph_16_87,9,16,34,79.0,20,59.0,85.2170479297638,2
1189,graph_16_88,9,16,46,106.9999999999999,23,83.99999999999997,300.26635217666626,9
1190,graph_16_89,9,16,31,79.0,24,55.0,184.75744199752808,2
1191,graph_16_90,9,16,43,89.00000000000016,17,72.00000000000017,300.33059883117676,9
1192,graph_16_91,9,16,50,113.00000000000041,18,95.00000000000047,300.2511579990387,9
1193,graph_16_92,9,16,48,79.00000000000009,15,64.00000000000011,300.3273193836212,9
1194,graph_16_93,9,16,55,112.00000000000131,18,94.00000000000264,300.266010761261,9
1195,graph_16_94,9,16,44,100.00000000000001,30,70.00000000000017,300.2300386428833,9
1196,graph_16_95,9,16,36,102.00000000000003,20,82.0,300.40254068374634,9
1197,graph_16_96,9,16,39,84.00000000000001,22,62.000000000000014,300.5279622077942,9
1198,graph_16_97,9,16,33,95.00000000000003,28,67.00000000000003,102.96136021614075,2
1199,graph_16_98,9,16,40,113.9999953520865,30,83.9999991529196,300.43412590026855,9
1200,graph_16_99,9,16,38,105.0,22,83.0,300.5568790435791,9
1201,graph_17_0,9,17,20,12.999998501049086,2,10.999999000699225,1.840226411819458,2
1202,graph_17_1,9,17,21,18.999999999999996,0,18.999999999999975,2.2637531757354736,2
1203,graph_17_2,9,17,21,20.0,4,16.0,2.0258841514587402,2
1204,graph_17_3,9,17,23,14.999999999999877,0,14.99999999999988,2.7135674953460693,2
1205,graph_17_4,9,17,27,24.99999999999898,1,24.000000000000195,3.6636734008789062,2
1206,graph_17_5,9,17,21,34.99999999999995,3,31.99999999999997,25.62768864631653,2
1207,graph_17_6,9,17,21,19.0,1,18.0,2.1730737686157227,2
1208,graph_17_7,9,17,23,14.999999999999815,0,15.0,2.2317657470703125,2
1209,graph_17_8,9,17,28,32.00000000000017,5,27.000000000000284,14.0720853805542,2
1210,graph_17_9,9,17,26,25.999999999999858,0,26.0,6.675875663757324,2
1211,graph_17_10,9,17,26,22.999999786914188,5,18.00000021428573,2.229144334793091,2
1212,graph_17_11,9,17,22,18.999999999999954,2,17.0,2.8294947147369385,2
1213,graph_17_12,9,17,20,33.0,3,30.0,4.078317165374756,2
1214,graph_17_13,9,17,23,20.000000000000004,1,19.000000000000092,4.664756536483765,2
1215,graph_17_14,9,17,23,17.0,0,17.0,2.699474811553955,2
1216,graph_17_15,9,17,22,28.0,4,24.0,3.1351635456085205,2
1217,graph_17_16,9,17,21,30.0,8,22.0,3.608771562576294,2
1218,graph_17_17,9,17,21,43.0,11,31.999999999999996,4.332176208496094,2
1219,graph_17_18,9,17,24,28.0,3,25.0,3.2142105102539062,2
1220,graph_17_19,9,17,29,22.0,3,19.0,3.6912224292755127,2
1221,graph_17_20,9,17,26,26.999999999999954,2,24.99999999999995,5.824549913406372,2
1222,graph_17_21,9,17,37,37.99999999999986,3,35.0,6.039642095565796,2
1223,graph_17_22,9,17,28,29.000000000000217,3,26.000000000000288,9.920845985412598,2
1224,graph_17_23,9,17,25,33.000000000000014,4,29.000000000000004,5.730230093002319,2
1225,graph_17_24,9,17,31,31.0,3,28.0,7.3527631759643555,2
1226,graph_17_25,9,17,23,50.0,12,38.0,14.826578617095947,2
1227,graph_17_26,9,17,25,37.0,5,32.0,4.721174240112305,2
1228,graph_17_27,9,17,26,33.999999999999986,8,25.999999999999986,3.657438278198242,2
1229,graph_17_28,9,17,19,32.99999999999998,10,22.99999999999998,2.4955391883850098,2
1230,graph_17_29,9,17,26,38.0,6,32.0,9.980559825897217,2
1231,graph_17_30,9,17,26,37.0,8,29.0,6.232552528381348,2
1232,graph_17_31,9,17,21,40.999999999999744,10,30.999999999999886,6.950329303741455,2
1233,graph_17_32,9,17,28,37.0,8,28.999999999999996,3.100796699523926,2
1234,graph_17_33,9,17,24,33.99999919000009,6,27.999999190000207,5.765423774719238,2
1235,graph_17_34,9,17,24,55.0000000000001,11,44.00000000000014,59.68965530395508,2
1236,graph_17_35,9,17,23,42.0,10,32.0,9.585881233215332,2
1237,graph_17_36,9,17,28,55.0,12,43.0,14.354418754577637,2
1238,graph_17_37,9,17,22,38.0,11,27.0,5.551919460296631,2
1239,graph_17_38,9,17,21,51.99999990277779,11,41.0,21.687099933624268,2
1240,graph_17_39,9,17,28,62.0,10,52.0,300.28398036956787,9
1241,graph_17_40,9,17,25,37.99999999999986,7,30.999999999999858,6.0705084800720215,2
1242,graph_17_41,9,17,26,41.0,9,32.0,18.77037739753723,2
1243,graph_17_42,9,17,28,60.0,10,50.0,200.01479768753052,2
1244,graph_17_43,9,17,30,46.0,7,39.0,36.031092405319214,2
1245,graph_17_44,9,17,33,42.00000000000001,6,36.00000000000001,34.45238518714905,2
1246,graph_17_45,9,17,28,50.0,9,41.0,30.362936973571777,2
1247,graph_17_46,9,17,25,41.999999999999986,11,30.999999999999993,8.394517421722412,2
1248,graph_17_47,9,17,30,57.99999976976715,16,42.000000230769224,27.090214014053345,2
1249,graph_17_48,9,17,26,72.0,25,47.00000000000001,118.44149827957153,2
1250,graph_17_49,9,17,31,57.000000000000085,11,46.00000000000013,52.37656927108765,2
1251,graph_17_50,9,17,39,54.9999999999998,8,47.000000000000334,68.85084319114685,2
1252,graph_17_51,9,17,29,65.00000000000026,13,52.000000000000384,25.760360717773438,2
1253,graph_17_52,9,17,24,43.00000000000004,9,34.00000000000004,19.603498458862305,2
1254,graph_17_53,9,17,28,53.999999590068796,12,42.000000000000185,104.19686222076416,2
1255,graph_17_54,9,17,35,49.99999912627543,5,45.000000000000554,155.8526439666748,2
1256,graph_17_55,9,17,27,48.00000000000013,10,38.000000000000284,40.2443687915802,2
1257,graph_17_56,9,17,35,67.00000000000011,10,57.00000000000025,300.22689485549927,9
1258,graph_17_57,9,17,29,46.999999999998636,7,39.99999999999909,7.035828113555908,2
1259,graph_17_58,9,17,30,49.0,11,38.0,32.33505630493164,2
1260,graph_17_59,9,17,30,60.00000000000006,8,52.000000000000064,300.44642877578735,9
1261,graph_17_60,9,16,42,63.99999999999936,8,55.99999999999979,300.28223633766174,9
1262,graph_17_61,9,17,42,65.0,8,57.0,133.2390275001526,2
1263,graph_17_62,9,17,31,53.99999999999999,12,42.0,98.61859631538391,2
1264,graph_17_63,9,17,31,55.99999999999922,12,44.000000000000654,59.34966802597046,2
1265,graph_17_64,9,17,28,64.0000000000002,10,54.0000000000002,119.38081336021423,2
1266,graph_17_65,9,17,41,63.999999999998856,8,55.999999999999716,119.65537095069885,2
1267,graph_17_66,9,17,30,73.00000000000009,10,63.00000000000009,300.36317801475525,9
1268,graph_17_67,9,17,43,97.00000000000023,26,71.00000000000027,300.2308988571167,9
1269,graph_17_68,9,17,37,120.00000000000009,24,96.00000000000009,300.3235192298889,9
1270,graph_17_69,9,17,33,67.99999999999963,16,52.00000000000021,218.5093812942505,2
1271,graph_17_70,9,17,45,63.0000000000001,12,51.00000000000017,249.14554953575134,2
1272,graph_17_71,9,17,49,97.00000000000006,18,79.0000000000001,300.1869933605194,9
1273,graph_17_72,9,17,40,96.00000000000034,12,84.00000000000033,300.28788566589355,9
1274,graph_17_73,9,17,30,65.99998997526522,12,53.99999455378803,300.2681131362915,9
1275,graph_17_74,9,17,35,96.00000000000048,28,68.00000000000091,300.3914577960968,9
1276,graph_17_75,9,17,42,89.00000000000026,24,65.00000000000031,266.7053864002228,2
1277,graph_17_76,9,17,36,83.00000000000014,11,72.00000000000028,115.55153012275696,2
1278,graph_17_77,9,17,35,60.00000000000005,14,46.00000000000025,42.494893074035645,2
1279,graph_17_78,9,17,33,60.0,8,52.0,252.88023614883423,2
1280,graph_17_79,9,17,48,91.00000000000004,15,76.00000000000043,300.08695340156555,9
1281,graph_17_80,9,17,42,106.99999999999997,27,79.99999999999997,300.30397486686707,9
1282,graph_17_81,9,17,33,91.0000000000002,23,68.00000000000026,91.78594827651978,2
1283,graph_17_82,9,17,39,123.99999999999918,26,98.0,300.4172594547272,9
1284,graph_17_83,9,17,41,72.00000000000006,16,56.00000000000013,70.84694337844849,2
1285,graph_17_84,9,17,26,99.00000000000004,32,67.00000000000006,106.83011865615845,2
1286,graph_17_85,9,17,47,87.99999700080974,17,71.00000075000027,300.208291053772,9
1287,graph_17_86,9,17,37,96.0000000000001,22,74.00000000000016,300.24754452705383,9
1288,graph_17_87,9,17,46,91.00000000000038,20,71.00000000000067,300.22105956077576,9
1289,graph_17_88,9,17,42,97.99999999999675,23,74.9999999999976,300.33934807777405,9
1290,graph_17_89,9,17,33,89.00000000000004,25,64.00000000000006,300.2630739212036,9
1291,graph_17_90,9,17,58,98.99999999999604,14,84.99999999999852,300.10205912590027,9
1292,graph_17_91,9,17,44,101.00000000000011,19,82.00000000000011,300.24050855636597,9
1293,graph_17_92,9,17,40,116.00000000000175,23,93.00000000000175,300.6186640262604,9
1294,graph_17_93,9,17,43,119.99999999999915,23,96.99999999999955,300.25254106521606,9
1295,graph_17_94,9,17,44,111.00000000000003,29,82.00000000000003,300.4630253314972,9
1296,graph_17_95,9,17,43,133.00000000000043,28,105.00000000000048,300.23183512687683,9
1297,graph_17_96,9,17,36,104.99999999999869,21,83.99999999999898,300.4068365097046,9
1298,graph_17_97,9,17,38,102.00000000000078,26,76.00000000000101,300.18475008010864,9
1299,graph_17_98,9,17,56,175.00000000000082,53,122.00000000000108,300.47853422164917,9
1300,graph_17_99,9,17,43,92.0,17,75.0,300.2461504936218,9
