Index,Data,combo_idx,Nodes,Edges,TotalNodes,TotalEdges,ObjVal,Crossings,EdgeLength,Runtime,Status
1,graficon13nodi/grafo2567.13,11,13,13,13,13,4.0,0,4.0,0.04434561729431152,2
2,graficon11nodi/grafo685.11,11,11,11,13,13,5.0,0,5.0,0.02741527557373047,2
3,graficon10nodi/grafo2511.10,11,10,10,12,12,5.0,0,5.0,0.025297880172729492,2
4,graficon12nodi/grafo957.12,11,12,11,13,12,4.0,0,4.0,0.02758479118347168,2
5,graficon14nodi/grafo769.14,11,14,13,14,13,4.0,0,4.0,0.027227401733398438,2
6,graficon10nodi/grafo1070.10,11,10,10,12,12,4.0,0,4.0,0.028001070022583008,2
7,graficon10nodi/grafo473.10,11,10,10,12,12,4.0,0,4.0,0.03157663345336914,2
8,graficon14nodi/grafo371.14,11,14,13,14,13,5.0,0,5.0,0.0392305850982666,2
9,graficon12nodi/grafo906.12,11,12,11,12,11,3.0,0,3.0,0.03065347671508789,2
10,graficon11nodi/grafo927.11,11,11,10,11,10,3.0,0,3.0,0.02629709243774414,2
11,graficon10nodi/grafo758.10,11,10,10,12,12,4.0,0,4.0,0.029375791549682617,2
12,graficon12nodi/grafo122.12,11,12,11,12,11,3.0,0,3.0,0.024491071701049805,2
13,graficon12nodi/grafo1843.12,11,12,15,14,17,10.0,3,10.0,1.4901213645935059,2
14,graficon10nodi/grafo898.10,11,10,9,10,9,2.0,0,2.0,0.02778029441833496,2
15,graficon11nodi/grafo2433.11,11,11,11,13,13,3.0,0,3.0,0.027889013290405273,2
16,graficon11nodi/grafo749.11,11,11,10,13,12,3.0,0,3.0,0.029764652252197266,2
17,graficon10nodi/grafo961.10,11,10,10,12,12,4.0,0,4.0,0.025708675384521484,2
18,graficon10nodi/grafo1857.10,11,10,12,12,14,6.0,0,6.0,0.02941727638244629,2
19,graficon11nodi/grafo1004.11,11,11,12,12,13,6.0,0,6.0,0.03043389320373535,2
20,graficon11nodi/grafo675.11,11,11,11,13,13,4.0,0,4.0,0.026559829711914062,2
21,graficon10nodi/grafo633.10,11,10,9,10,9,2.0,0,2.0,0.025591135025024414,2
22,graficon13nodi/grafo2908.13,11,13,12,13,12,3.0,0,3.0,0.025899171829223633,2
23,graficon11nodi/grafo441.11,11,11,11,13,13,6.0,0,6.0,0.010340452194213867,2
24,graficon11nodi/grafo2812.11,11,11,11,13,13,3.0,0,3.0,0.020557165145874023,2
25,graficon10nodi/grafo881.10,11,10,9,10,9,1.0,0,1.0,0.008587837219238281,2
26,graficon10nodi/grafo455.10,11,10,10,13,13,3.0,0,3.0,0.030038118362426758,2
27,graficon12nodi/grafo933.12,11,12,11,12,11,3.0,0,3.0,0.029547452926635742,2
28,graficon12nodi/grafo256.12,11,12,11,12,11,2.0,0,2.0,0.026659250259399414,2
29,graficon10nodi/grafo1098.10,11,10,9,10,9,2.0,0,2.0,0.024861574172973633,2
30,graficon11nodi/grafo246.11,11,11,10,11,10,2.0,0,2.0,0.02518939971923828,2
31,graficon12nodi/grafo2668.12,11,12,13,14,15,4.999999999999991,1,4.999999999999996,0.04318571090698242,2
32,graficon12nodi/grafo667.12,11,12,12,13,13,5.0,0,5.0,0.028013229370117188,2
33,graficon12nodi/grafo986.12,11,12,11,12,11,3.0,0,3.0,0.02765369415283203,2
34,graficon10nodi/grafo782.10,11,10,9,10,9,2.0,0,2.0,0.02547907829284668,2
35,graficon12nodi/grafo756.12,11,12,11,12,11,3.0,0,3.0,0.03156328201293945,2
36,graficon11nodi/grafo1629.11,11,11,11,14,14,4.999999999999998,0,4.999999999999998,0.03344416618347168,2
37,graficon12nodi/grafo888.12,11,12,13,14,15,11.0,0,11.0,0.036208391189575195,2
38,graficon11nodi/grafo1162.11,11,11,11,12,12,4.0,0,4.0,0.031039714813232422,2
39,graficon11nodi/grafo3101.11,11,11,11,13,13,3.0,0,3.0,0.020542621612548828,2
40,graficon10nodi/grafo910.10,11,10,9,10,9,2.0,0,2.0,0.025435924530029297,2
41,graficon13nodi/grafo514.13,11,13,12,13,12,3.0,0,3.0,0.03354620933532715,2
42,graficon10nodi/grafo718.10,11,10,10,12,12,4.0,0,4.0,0.024650096893310547,2
43,graficon10nodi/grafo1123.10,11,10,10,12,12,4.0,0,4.0,0.025177478790283203,2
44,graficon10nodi/grafo474.10,11,10,10,12,12,4.0,0,4.0,0.025069475173950195,2
45,graficon14nodi/grafo272.14,11,14,13,14,13,3.999999999999993,0,3.9999999999999964,0.030669689178466797,2
46,graficon11nodi/grafo1084.11,11,11,10,11,10,1.0,0,1.0,0.02086496353149414,2
47,graficon11nodi/grafo2971.11,11,11,11,13,13,3.0,0,3.0,0.008743762969970703,2
48,graficon11nodi/grafo313.11,11,11,10,13,12,4.0,0,4.0,0.03270602226257324,2
49,graficon11nodi/grafo532.11,11,11,11,13,13,4.0,0,4.0,0.029381752014160156,2
50,graficon11nodi/grafo857.11,11,11,11,12,12,5.0,0,5.0,0.010090112686157227,2
51,graficon10nodi/grafo978.10,11,10,10,12,12,4.0,0,4.0,0.02825140953063965,2
52,graficon13nodi/grafo1067.13,11,13,13,13,13,4.0,0,4.0,0.028562307357788086,2
53,graficon12nodi/grafo2949.12,11,12,11,12,11,3.0,0,3.0,0.02914738655090332,2
54,graficon10nodi/grafo962.10,11,10,10,12,12,4.0,0,4.0,0.02291131019592285,2
55,graficon10nodi/grafo460.10,11,10,9,10,9,2.0,0,2.0,0.02456831932067871,2
56,graficon11nodi/grafo3073.11,11,11,11,13,13,3.0,0,3.0,0.02333354949951172,2
57,graficon11nodi/grafo316.11,11,11,13,14,16,9.0,0,9.0,0.029695987701416016,2
58,graficon13nodi/grafo2415.13,11,13,13,14,14,4.0,0,4.0,0.024934053421020508,2
59,graficon12nodi/grafo861.12,11,12,12,14,14,9.0,0,9.0,0.05893993377685547,2
60,graficon11nodi/grafo612.11,11,11,11,13,13,4.0,0,4.0,0.026997089385986328,2
61,graficon10nodi/grafo513.10,11,10,10,12,12,4.0,0,4.0,0.0256955623626709,2
62,graficon12nodi/grafo352.12,11,12,12,14,14,3.999999999999994,1,3.999999999999997,0.05027008056640625,2
63,graficon11nodi/grafo3113.11,11,11,11,13,13,3.0,0,3.0,0.00886988639831543,2
64,graficon12nodi/grafo2651.12,11,12,13,12,13,6.999999999999963,2,6.999999999999964,0.07075047492980957,2
65,graficon13nodi/grafo2595.13,11,13,12,13,12,3.0,0,3.0,0.030729293823242188,2
66,graficon14nodi/grafo345.14,11,14,13,14,13,3.999999999999993,0,3.9999999999999964,0.03286123275756836,2
67,graficon10nodi/grafo209.10,11,10,10,12,12,4.0,0,4.0,0.031192541122436523,2
68,graficon11nodi/grafo1005.11,11,11,11,12,12,5.0,0,5.0,0.03586983680725098,2
69,graficon10nodi/grafo1032.10,11,10,9,10,9,2.0,0,2.0,0.024987220764160156,2
70,graficon10nodi/grafo210.10,11,10,10,12,12,4.0,0,4.0,0.025554418563842773,2
71,graficon11nodi/grafo759.11,11,11,12,12,13,5.999999999999991,1,5.999999999999993,0.038512468338012695,2
72,graficon10nodi/grafo265.10,11,10,12,12,14,8.000000000000002,1,8.0,0.0402073860168457,2
73,graficon12nodi/grafo2439.12,11,12,12,13,13,5.0,0,5.0,0.032691240310668945,2
74,graficon11nodi/grafo748.11,11,11,11,13,13,4.0,0,4.0,0.027729511260986328,2
75,graficon11nodi/grafo2714.11,11,11,11,13,13,3.0,0,3.0,0.008863687515258789,2
76,graficon15nodi/grafo886.15,11,15,15,18,18,6.0,0,6.0,0.03284430503845215,2
77,graficon12nodi/grafo2359.12,11,12,17,16,21,23.999999999999986,3,23.999999999999982,5.542750835418701,2
78,graficon17nodi/grafo565.17,11,17,17,19,19,5.0,0,5.0,0.03355240821838379,2
79,graficon14nodi/grafo642.14,11,14,15,16,17,7.999999999999928,1,7.999999999999928,0.07774043083190918,2
80,graficon15nodi/grafo2783.15,11,15,17,19,21,12.999999999999964,2,12.999999999999964,2.1901769638061523,2
81,graficon12nodi/grafo2707.12,11,12,14,16,18,7.999999999999902,1,7.999999999999922,0.06835579872131348,2
82,graficon16nodi/grafo2861.16,11,16,15,18,17,9.99999999999997,1,10.000000000000004,2.7020673751831055,2
83,graficon16nodi/grafo853.16,11,16,16,16,16,5.0,0,5.0,0.03411507606506348,2
84,graficon17nodi/grafo1122.17,11,17,17,19,19,5.0,0,5.0,0.03443717956542969,2
85,graficon11nodi/grafo2384.11,11,11,12,15,16,6.0,0,6.0,0.03361153602600098,2
86,graficon15nodi/grafo1618.15,11,15,16,19,20,12.0,0,12.0,0.049458980560302734,2
87,graficon13nodi/grafo325.13,11,13,14,15,16,6.999999999999989,1,6.999999999999989,0.05377078056335449,2
88,graficon17nodi/grafo1161.17,11,17,18,19,20,11.0,0,11.0,0.0872342586517334,2
89,graficon13nodi/grafo510.13,11,13,16,18,21,11.0,1,11.000000000000068,0.13696503639221191,2
90,graficon14nodi/grafo367.14,11,14,14,15,15,5.0,0,5.0,0.030692100524902344,2
91,graficon13nodi/grafo477.13,11,13,13,15,15,3.0,0,3.0,0.029071569442749023,2
92,graficon13nodi/grafo951.13,11,13,17,19,23,21.999999999999915,0,21.999999999999915,2.49904465675354,2
93,graficon11nodi/grafo1734.11,11,11,14,17,20,12.0,1,12.0,0.1564934253692627,2
94,graficon15nodi/grafo2797.15,11,15,17,15,17,9.999999999999995,2,9.999999999999995,0.07437562942504883,2
95,graficon12nodi/grafo2335.12,11,12,14,19,21,9.0,0,9.0,0.01130819320678711,2
96,graficon10nodi/grafo1740.10,11,10,13,17,20,15.999999999999869,2,15.999999999999968,2.416287899017334,2
97,graficon13nodi/grafo1853.13,11,13,15,17,19,16.99999999999956,3,16.99999999999956,6.848500490188599,2
98,graficon16nodi/grafo2142.16,11,16,16,17,17,7.0,0,7.0,0.048844099044799805,2
99,graficon14nodi/grafo956.14,11,14,15,15,16,7.999999999999904,1,7.999999999999904,0.0937809944152832,2
100,graficon15nodi/grafo585.15,11,15,16,19,20,11.000000000000002,0,11.000000000000002,0.04506564140319824,2
101,graficon14nodi/grafo2291.14,11,14,14,16,16,10.999999999999975,2,10.999999999999975,2.5081348419189453,2
102,graficon14nodi/grafo1658.14,11,14,15,19,20,7.0,0,7.0,0.041260719299316406,2
103,graficon13nodi/grafo559.13,11,13,15,19,21,10.0,0,10.0,0.036247968673706055,2
104,graficon15nodi/grafo2377.15,11,15,15,16,16,6.0,0,6.0,0.03692936897277832,2
105,graficon14nodi/grafo2189.14,11,14,16,17,19,11.999999999999913,1,12.0,2.105605125427246,2
106,graficon16nodi/grafo322.16,11,16,15,17,16,5.999999999999991,0,5.999999999999991,0.04342985153198242,2
107,graficon14nodi/grafo2460.14,11,14,14,15,15,5.0,0,5.0,0.02655315399169922,2
108,graficon16nodi/grafo1177.16,11,16,15,17,16,5.999999999999998,0,5.999999999999998,0.03925371170043945,2
109,graficon13nodi/grafo203.13,11,13,14,15,16,7.999999999999971,1,7.999999999999993,1.7443041801452637,2
110,graficon13nodi/grafo387.13,11,13,15,19,21,11.999999999999908,1,11.999999999999908,0.14470410346984863,2
111,graficon15nodi/grafo1107.15,11,15,19,19,23,18.99999999999998,0,18.99999999999998,0.053281545639038086,2
112,graficon12nodi/grafo576.12,11,12,14,17,19,6.999999999999997,0,7.0,0.04202914237976074,2
113,graficon12nodi/grafo542.12,11,12,14,17,19,8.0,0,8.0,0.03147006034851074,2
114,graficon10nodi/grafo1898.10,11,10,15,16,21,18.999999999999993,2,18.999999999999993,0.1512765884399414,2
115,graficon12nodi/grafo543.12,11,12,12,15,15,4.99999999999998,1,4.99999999999998,0.0883646011352539,2
116,graficon14nodi/grafo843.14,11,14,14,15,15,10.999999999999938,0,11.0,1.624389410018921,2
117,graficon14nodi/grafo1620.14,11,14,15,17,18,7.0,0,7.0,0.029493331909179688,2
118,graficon14nodi/grafo255.14,11,14,16,16,18,14.999999125000027,3,15.000000000000028,3.852055072784424,2
119,graficon14nodi/grafo899.14,11,14,15,15,16,10.999999999999948,1,10.999999999999948,2.6512954235076904,2
120,graficon17nodi/grafo422.17,11,17,17,18,18,9.0,0,9.0,0.04338359832763672,2
121,graficon13nodi/grafo440.13,11,13,14,18,19,9.0,0,9.0,0.02903294563293457,2
122,graficon11nodi/grafo280.11,11,11,12,15,16,8.999999999999993,0,8.999999999999993,0.03123307228088379,2
123,graficon15nodi/grafo2331.15,11,15,17,17,19,10.0,0,10.0,0.021608829498291016,2
124,graficon11nodi/grafo1006.11,11,11,12,15,16,5.0,0,5.0,0.02640509605407715,2
125,graficon13nodi/grafo2218.13,11,13,13,16,16,6.000000000000018,1,6.000000000000055,0.059934377670288086,2
126,graficon14nodi/grafo3087.14,11,14,14,16,16,10.0,0,10.0,1.6066532135009766,2
127,graficon16nodi/grafo1069.16,11,16,15,17,16,6.0,0,6.0,0.046500205993652344,2
128,graficon14nodi/grafo524.14,11,14,15,15,16,7.0,0,7.000000000000005,0.033017635345458984,2
129,graficon11nodi/grafo1913.11,11,11,14,15,18,10.0,0,10.0,0.01083064079284668,2
130,graficon14nodi/grafo2919.14,11,14,15,17,18,6.999999999999991,0,6.999999999999991,0.03875899314880371,2
131,graficon16nodi/grafo418.16,11,16,18,19,21,15.0,0,15.0,0.050136566162109375,2
132,graficon13nodi/grafo1935.13,11,13,18,17,22,16.0,1,16.0,0.12447929382324219,2
133,graficon17nodi/grafo774.17,11,17,18,19,20,15.0,3,15.0,4.686912298202515,2
134,graficon16nodi/grafo1029.16,11,16,16,18,18,5.0,0,5.0,0.031758785247802734,2
135,graficon12nodi/grafo2663.12,11,12,13,15,16,6.0,0,6.0,0.03670501708984375,2
136,graficon14nodi/grafo2634.14,11,14,13,15,14,6.0,0,6.0,0.04035830497741699,2
137,graficon12nodi/grafo2380.12,11,12,12,16,16,8.0,0,8.0,0.04114246368408203,2
138,graficon17nodi/grafo2146.17,11,17,17,19,19,8.0,0,8.0,0.04281783103942871,2
139,graficon14nodi/grafo2900.14,11,14,14,18,18,7.0,0,7.0,0.02844548225402832,2
140,graficon13nodi/grafo430.13,11,13,14,16,17,6.0,0,6.0,0.008462190628051758,2
141,graficon10nodi/grafo938.10,11,10,14,19,23,24.0,4,24.0,17.333889961242676,2
142,graficon14nodi/grafo1063.14,11,14,15,18,19,7.0,0,7.0,0.037607669830322266,2
143,graficon11nodi/grafo2964.11,11,11,12,19,20,6.999999999999989,0,6.999999999999995,0.04553508758544922,2
144,graficon13nodi/grafo989.13,11,13,14,18,19,6.0,0,6.0,0.03409123420715332,2
145,graficon11nodi/grafo822.11,11,11,13,18,20,6.9999999999995985,1,6.9999999999995985,0.07308602333068848,2
146,graficon10nodi/grafo1774.10,11,10,15,16,21,18.999999999999993,2,18.999999999999993,0.1342790126800537,2
147,graficon11nodi/grafo900.11,11,11,13,18,20,7.0,0,7.0,0.03996634483337402,2
148,graficon13nodi/grafo2927.13,11,13,14,19,20,12.999999999999755,2,12.999999999999883,2.438021421432495,2
149,graficon13nodi/grafo2354.13,11,13,16,19,22,13.999999999999918,2,13.999999999999918,0.1389007568359375,2
150,graficon13nodi/grafo791.13,11,13,15,19,21,8.999999999999986,1,8.999999999999986,0.1478867530822754,2
151,graficon16nodi/grafo1945.16,11,16,17,23,24,10.999999999999694,3,11.00000000000026,3.2076048851013184,2
152,graficon17nodi/grafo2644.17,11,17,19,23,25,11.0,0,11.0,0.030996084213256836,2
153,graficon17nodi/grafo2882.17,11,17,18,24,25,8.0,0,8.0,0.034804344177246094,2
154,graficon19nodi/grafo794.19,11,19,21,22,24,13.99999999999998,2,14.0,2.997241497039795,2
155,graficon14nodi/grafo489.14,11,14,15,22,23,8.999999999999856,1,8.999999999999856,2.002272129058838,2
156,graficon18nodi/grafo1865.18,11,18,20,23,25,16.0,0,16.0,0.05267024040222168,2
157,graficon15nodi/grafo1970.15,11,15,17,22,24,9.99999999999999,0,9.999999999999991,0.059072256088256836,2
158,graficon14nodi/grafo2419.14,11,14,17,24,27,13.999999999999973,1,13.999999999999973,2.7941460609436035,2
159,graficon12nodi/grafo2855.12,11,12,17,24,29,16.999999999999837,2,16.999999999999837,0.1436595916748047,2
160,graficon13nodi/grafo1729.13,11,13,19,22,28,29.000000000000046,9,29.0000000000001,42.273679971694946,2
161,graficon13nodi/grafo2832.13,11,13,14,23,24,8.999999999999957,0,8.999999999999961,1.2691378593444824,2
162,graficon18nodi/grafo1893.18,11,18,18,21,21,8.999999999999996,0,8.999999999999996,0.040645599365234375,2
163,graficon18nodi/grafo1059.18,11,18,18,22,22,6.0,0,6.0,0.03539323806762695,2
164,graficon12nodi/grafo2890.12,11,12,14,20,22,9.0,0,9.0,0.0422666072845459,2
165,graficon16nodi/grafo2231.16,11,16,20,22,26,16.999999999999957,2,16.999999999999957,1.9306800365447998,2
166,graficon20nodi/grafo2767.20,11,20,22,24,26,12.999999999999938,1,12.999999999999938,2.3037147521972656,2
167,graficon20nodi/grafo3051.20,11,20,23,24,27,11.0,0,11.0,0.0341036319732666,2
168,graficon12nodi/grafo638.12,11,12,17,22,27,16.0,0,16.0,0.030847549438476562,2
169,graficon15nodi/grafo2233.15,11,15,20,23,28,24.999999999999954,0,24.999999999999964,1.5269184112548828,2
170,graficon16nodi/grafo275.16,11,16,18,24,26,11.999999999999815,1,11.999999999999908,2.959162473678589,2
171,graficon22nodi/grafo2137.22,11,22,21,24,23,6.999999999999971,0,6.999999999999988,0.05256295204162598,2
172,graficon18nodi/grafo314.18,11,18,18,22,22,6.0,0,6.0,0.0341029167175293,2
173,graficon15nodi/grafo2225.15,11,15,18,23,26,11.0,0,11.0,0.02670598030090332,2
174,graficon11nodi/grafo1876.11,11,11,19,24,32,24.99999999999947,7,24.999999999999698,27.421406745910645,2
175,graficon13nodi/grafo891.13,11,13,13,20,20,5.000000000000001,0,5.000000000000001,0.025580644607543945,2
176,graficon12nodi/grafo2675.12,11,12,14,20,22,9.0,0,9.0,0.04253125190734863,2
177,graficon11nodi/grafo1835.11,11,11,15,21,25,15.999999999999986,0,15.999999999999993,0.046774864196777344,2
178,graficon23nodi/grafo2357.23,11,23,22,24,23,13.0,0,13.0,0.04003262519836426,2
179,graficon15nodi/grafo1982.15,11,15,17,24,26,12.999999999999881,1,12.999999999999881,2.6826000213623047,2
180,graficon14nodi/grafo378.14,11,14,17,22,25,19.999999999999744,0,19.999999999999872,2.131317138671875,2
181,graficon17nodi/grafo2324.17,11,17,21,23,27,13.999999999999998,2,14.0,1.817481517791748,2
182,graficon13nodi/grafo964.13,11,13,16,23,26,14.999999999999902,0,15.000000000000032,0.0451970100402832,2
183,graficon19nodi/grafo423.19,11,19,21,23,25,14.999999999999972,0,14.999999999999972,0.0386807918548584,2
184,graficon13nodi/grafo2204.13,11,13,13,20,20,7.0,0,7.0,0.04794740676879883,2
185,graficon13nodi/grafo443.13,11,13,15,20,22,10.0,3,10.0,2.014554738998413,2
186,graficon20nodi/grafo215.20,11,20,22,24,26,16.999999999999925,1,16.999999999999925,3.156029224395752,2
187,graficon14nodi/grafo1662.14,11,14,20,24,30,18.999999999999424,3,18.99999999999983,2.7223498821258545,2
188,graficon20nodi/grafo495.20,11,20,20,24,24,7.9999999999999964,0,7.999999999999998,0.04872727394104004,2
189,graficon16nodi/grafo2281.16,11,16,21,24,29,23.0,1,22.999999999999996,2.2948434352874756,2
190,graficon11nodi/grafo1054.11,11,11,15,23,27,21.999999999999954,0,21.999999999999954,1.4329137802124023,2
191,graficon16nodi/grafo661.16,11,16,17,21,22,9.999999999999943,1,9.999999999999964,1.807248830795288,2
192,graficon12nodi/grafo844.12,11,12,18,20,26,25.0,3,25.0,4.976494789123535,2
193,graficon19nodi/grafo1661.19,11,19,21,21,23,13.0,2,13.000000000000004,3.2298660278320312,2
194,graficon18nodi/grafo2186.18,11,18,23,23,28,13.999999999999865,5,13.999999999999865,2.207003116607666,2
195,graficon12nodi/grafo2867.12,11,12,16,22,26,20.0,0,20.0,0.03358054161071777,2
196,graficon15nodi/grafo1136.15,11,15,17,24,26,12.999999999999995,0,13.00000000000001,0.040377140045166016,2
197,graficon20nodi/grafo1651.20,11,20,21,23,24,16.9999999999998,1,16.9999999999998,6.634109020233154,2
198,graficon15nodi/grafo2157.15,11,15,15,20,20,7.000000000000001,0,7.000000000000001,0.04135417938232422,2
199,graficon17nodi/grafo1634.17,11,17,18,20,21,16.0,1,16.0,2.5122034549713135,2
200,graficon16nodi/grafo2440.16,11,16,20,22,26,19.0,4,19.0,5.226160526275635,2
201,graficon18nodi/grafo953.18,11,18,18,22,22,6.0,0,6.0,0.044553279876708984,2
202,graficon23nodi/grafo1485.23,11,23,22,23,22,9.0,0,9.0,0.09056591987609863,2
203,graficon13nodi/grafo2620.13,11,13,16,20,23,15.0,0,15.0,0.034291982650756836,2
204,graficon17nodi/grafo2680.17,11,17,22,22,27,21.999999999999662,2,21.999999999999662,3.343097448348999,2
205,graficon20nodi/grafo1649.20,11,20,22,24,26,21.000000000000004,4,21.000000000000004,4.830637216567993,2
206,graficon19nodi/grafo1897.19,11,19,20,24,25,12.0,0,12.0,0.06905674934387207,2
207,graficon13nodi/grafo2645.13,11,13,17,23,27,15.0,0,15.0,0.04479861259460449,2
208,graficon18nodi/grafo2480.18,11,18,21,22,25,15.0,0,15.0,0.047824859619140625,2
209,graficon13nodi/grafo2298.13,11,13,14,21,22,7.999999999999998,0,8.000000000000007,0.0691690444946289,2
210,graficon15nodi/grafo739.15,11,15,18,23,26,13.999999999999853,0,13.99999999999985,0.09950947761535645,2
211,graficon17nodi/grafo2679.17,11,17,19,21,23,13.0,2,13.0,0.16955947875976562,2
212,graficon14nodi/grafo2430.14,11,14,15,21,22,9.999999999999995,0,10.000000000000005,0.028632402420043945,2
213,graficon15nodi/grafo582.15,11,15,16,22,23,10.0,0,10.0,0.029759883880615234,2
214,graficon11nodi/grafo1619.11,11,11,15,21,25,15.0000000000001,3,15.000000000000114,6.727465391159058,2
215,graficon15nodi/grafo1124.15,11,15,16,23,24,9.0,0,9.0,0.047918081283569336,2
216,graficon12nodi/grafo1763.12,11,12,21,22,31,35.0,4,35.000000000000036,9.421363830566406,2
217,graficon17nodi/grafo1094.17,11,17,19,21,23,10.0,0,10.0,0.03882193565368652,2
218,graficon15nodi/grafo2903.15,11,15,16,20,21,11.0,1,11.0,2.5581657886505127,2
219,graficon11nodi/grafo1088.11,11,11,17,22,28,25.99999999999993,0,25.999999999999964,1.4775233268737793,2
220,graficon17nodi/grafo645.17,11,17,19,21,23,15.999999999999986,0,15.999999999999986,0.05626320838928223,2
221,graficon16nodi/grafo2537.16,11,16,19,21,24,9.0,0,9.0,0.03121161460876465,2
222,graficon15nodi/grafo1030.15,11,15,16,23,24,9.0,0,9.0,0.03736519813537598,2
223,graficon14nodi/grafo242.14,11,14,16,21,23,10.0,0,10.0,0.023410320281982422,2
224,graficon17nodi/grafo1009.17,11,17,17,24,24,6.999999999999971,0,6.9999999999999805,0.028549909591674805,2
225,graficon13nodi/grafo3112.13,11,13,14,20,21,8.999999999999996,0,9.0,0.03522682189941406,2
226,graficon16nodi/grafo1731.16,11,16,19,25,28,12.0,0,12.0,0.0351564884185791,2
227,graficon16nodi/grafo967.16,11,16,17,26,27,8.000000000000002,0,8.000000000000002,0.030474185943603516,2
228,graficon17nodi/grafo1732.17,11,17,20,27,30,14.999999999999998,0,14.999999999999998,0.07307600975036621,2
229,graficon20nodi/grafo2272.20,11,20,23,27,30,21.999999999999954,0,21.999999999999954,0.04404854774475098,2
230,graficon18nodi/grafo1146.18,11,18,29,29,40,43.99999999999982,12,44.000000000000114,117.9209349155426,2
231,graficon18nodi/grafo2289.18,11,18,20,25,27,13.999999999999968,0,13.999999999999968,1.4893815517425537,2
232,graficon16nodi/grafo2420.16,11,16,18,28,30,9.0,1,9.0,0.29161763191223145,2
233,graficon12nodi/grafo574.12,11,12,19,27,34,22.000000000000007,4,22.000000000000078,11.206138372421265,2
234,graficon21nodi/grafo804.21,11,21,22,28,29,15.999999999999957,0,15.999999999999957,1.7765371799468994,2
235,graficon22nodi/grafo694.22,11,22,23,27,28,12.0,0,12.0,0.04268145561218262,2
236,graficon17nodi/grafo479.17,11,17,23,25,31,34.99999999999999,14,35.0,188.44511365890503,2
237,graficon18nodi/grafo538.18,11,18,19,25,26,11.0,0,11.000000000000004,0.0447995662689209,2
238,graficon21nodi/grafo2416.21,11,21,24,29,32,11.999999999999947,1,11.999999999999925,0.24831819534301758,2
239,graficon17nodi/grafo2418.17,11,17,20,26,29,15.999999090908787,3,16.000000000000373,7.08903694152832,2
240,graficon24nodi/grafo1463.24,11,24,25,25,26,15.0,0,15.000000000000075,2.7118172645568848,2
241,graficon13nodi/grafo1885.13,11,13,16,25,28,15.0,0,15.0,0.06732463836669922,2
242,graficon11nodi/grafo1697.11,11,11,17,28,34,18.999999999999865,2,18.999999999999865,4.804059267044067,2
243,graficon15nodi/grafo583.15,11,15,19,25,29,19.999999999999915,2,19.999999999999915,6.180853366851807,2
244,graficon19nodi/grafo2951.19,11,19,24,27,32,23.0,2,23.0,3.9649252891540527,2
245,graficon14nodi/grafo520.14,11,14,22,29,37,27.99999999999993,0,27.99999999999993,0.06623411178588867,2
246,graficon17nodi/grafo2594.17,11,17,21,25,29,20.000000000000128,4,20.000000000000128,5.610624551773071,2
247,graficon18nodi/grafo993.18,11,18,23,28,33,23.99999999999988,4,23.99999999999988,14.959576606750488,2
248,graficon21nodi/grafo127.21,11,21,21,26,26,12.0,0,12.0,0.045047760009765625,2
249,graficon16nodi/grafo400.16,11,16,17,26,27,8.000000000000002,0,8.000000000000002,0.03496527671813965,2
250,graficon17nodi/grafo302.17,11,17,19,28,30,10.0,0,10.000000000000005,0.04612445831298828,2
251,graficon21nodi/grafo158.21,11,21,24,29,32,13.999999999999694,1,14.000000000000902,0.29638218879699707,2
252,graficon16nodi/grafo540.16,11,16,17,26,27,8.000000000000002,0,8.000000000000002,0.03681802749633789,2
253,graficon13nodi/grafo2303.13,11,13,19,28,34,28.999999999999858,0,28.99999999999995,1.6752336025238037,2
254,graficon21nodi/grafo1937.21,11,21,24,26,29,16.000000000000004,4,16.000000000000004,4.509347438812256,2
255,graficon15nodi/grafo778.15,11,15,17,26,28,11.0,0,11.0,0.03174281120300293,2
256,graficon15nodi/grafo855.15,11,15,17,25,27,10.0,0,10.0,0.033280372619628906,2
257,graficon18nodi/grafo1652.18,11,18,20,25,27,17.99999999999998,0,17.99999999999998,1.5660276412963867,2
258,graficon13nodi/grafo2659.13,11,13,16,25,28,12.0,0,12.0,0.04430580139160156,2
259,graficon17nodi/grafo2682.17,11,17,19,26,28,15.999999999999751,3,15.999999999999751,4.091376543045044,2
260,graficon16nodi/grafo1119.16,11,16,22,28,34,32.0,6,32.00000000000001,59.85938572883606,2
261,graficon14nodi/grafo1870.14,11,14,21,28,35,23.0,3,23.0,10.330855369567871,2
262,graficon19nodi/grafo1172.19,11,19,23,26,30,19.000000000000004,2,19.0,2.54945969581604,2
263,graficon13nodi/grafo511.13,11,13,14,25,26,4.0,0,4.0,0.010866165161132812,2
264,graficon18nodi/grafo1648.18,11,18,24,26,32,25.0,6,25.0,25.1214816570282,2
265,graficon17nodi/grafo893.17,11,17,21,26,30,21.999999999999957,0,21.999999999999957,0.08613252639770508,2
266,graficon17nodi/grafo917.17,11,17,20,28,31,14.999999999999996,0,14.999999999999998,0.050315141677856445,2
267,graficon23nodi/grafo2256.23,11,23,26,29,32,18.0,0,18.0,0.017130136489868164,2
268,graficon18nodi/grafo2556.18,11,18,22,28,32,21.0,0,21.0,0.049588918685913086,2
269,graficon15nodi/grafo2921.15,11,15,17,27,29,9.999999999999988,0,9.999999999999993,0.039827585220336914,2
270,graficon21nodi/grafo1762.21,11,21,25,25,29,24.0,7,24.0,13.76020884513855,2
271,graficon21nodi/grafo1064.21,11,21,26,25,30,25.0,12,25.0,32.47736382484436,2
272,graficon18nodi/grafo784.18,11,18,23,25,30,28.0,6,28.000000000000014,28.018658876419067,2
273,graficon16nodi/grafo2236.16,11,16,20,28,32,18.999999999999893,1,18.99999999999989,3.865905284881592,2
274,graficon17nodi/grafo2345.17,11,17,20,26,29,14.0,2,14.0,2.4026365280151367,2
275,graficon18nodi/grafo2307.18,11,18,23,26,31,20.999999999999886,3,20.999999999999886,5.774759531021118,2
276,graficon17nodi/grafo1056.17,11,17,22,29,34,20.0,1,20.0,0.31064677238464355,2
277,graficon18nodi/grafo1152.18,11,18,24,28,34,23.999999999999922,1,24.00000000000007,4.411370038986206,2
278,graficon24nodi/grafo3100.24,11,24,28,26,30,17.99999999999962,2,17.999999999999623,4.03620982170105,2
279,graficon16nodi/grafo279.16,11,16,19,27,30,16.0,0,16.0,0.037779808044433594,2
280,graficon17nodi/grafo2401.17,11,17,31,28,42,82.99999999999939,37,82.99999999999939,600.4037182331085,9
281,graficon16nodi/grafo2302.16,11,16,20,25,29,13.999999999999712,1,14.000000000000512,0.17228221893310547,2
282,graficon16nodi/grafo2525.16,11,16,19,26,29,13.999999999999606,1,14.0,0.1735849380493164,2
283,graficon17nodi/grafo2924.17,11,17,22,28,33,24.999999999999652,1,24.999999999999652,4.416614532470703,2
284,graficon22nodi/grafo167.22,11,22,24,29,31,14.999999999999629,1,15.00000000000205,4.4894328117370605,2
285,graficon16nodi/grafo2542.16,11,16,21,26,31,18.0,2,18.0,2.6493356227874756,2
286,graficon16nodi/grafo2636.16,11,16,22,26,32,18.999999999999897,5,18.999999999999897,8.849815368652344,2
287,graficon17nodi/grafo2758.17,11,17,20,26,29,13.999999999999966,2,14.0,0.30312585830688477,2
288,graficon20nodi/grafo2554.20,11,20,22,25,27,11.999999999999973,2,11.999999999999973,0.184920072555542,2
289,graficon25nodi/grafo2775.25,11,25,26,25,26,14.999999999999682,3,14.999999999999684,4.069682359695435,2
290,graficon19nodi/grafo409.19,11,19,22,25,28,18.0,4,18.0,4.060410022735596,2
291,graficon16nodi/grafo2326.16,11,16,21,25,30,24.0,2,24.0,2.6366806030273438,2
292,graficon14nodi/grafo596.14,11,14,16,27,29,10.0,0,10.0,0.039581298828125,2
293,graficon20nodi/grafo679.20,11,20,25,29,34,22.0,4,22.0,5.120110034942627,2
294,graficon23nodi/grafo188.23,11,23,24,27,28,12.999999999999996,0,12.999999999999996,0.08855175971984863,2
295,graficon19nodi/grafo2449.19,11,19,24,25,30,21.0,5,21.0,14.806825160980225,2
296,graficon23nodi/grafo1038.23,11,23,24,27,28,9.999999999999979,1,9.99999999999999,2.06604266166687,2
297,graficon17nodi/grafo2177.17,11,17,22,26,31,23.0,0,23.0,0.05835151672363281,2
298,graficon20nodi/grafo786.20,11,20,23,26,29,20.999999999999027,2,21.00000000000101,9.167707443237305,2
299,graficon17nodi/grafo1875.17,11,17,21,28,32,31.999999999997286,2,31.99999999999837,36.174989461898804,2
300,graficon14nodi/grafo796.14,11,14,19,27,32,25.0,6,25.0,33.29341650009155,2
301,graficon21nodi/grafo2119.21,11,21,27,32,38,37.0,12,37.0,351.4091372489929,2
302,graficon15nodi/grafo1013.15,11,15,23,31,39,37.0,4,37.0,19.089542627334595,2
303,graficon17nodi/grafo415.17,11,17,24,33,40,38.99999299899262,8,38.9999985104989,85.22580146789551,2
304,graficon26nodi/grafo578.26,11,26,27,30,31,19.000000000000064,1,19.000000000000128,13.43459439277649,2
305,graficon25nodi/grafo2077.25,11,25,29,31,35,26.999999999997563,8,27.000000000000725,505.1508867740631,2
306,graficon29nodi/grafo2085.29,11,29,30,33,34,12.0,0,12.0,0.052168846130371094,2
307,graficon19nodi/grafo1834.19,11,19,23,32,36,14.999999999999998,0,15.0,0.06536030769348145,2
308,graficon24nodi/grafo1830.24,11,24,29,34,39,26.0,2,26.0,5.598164319992065,2
309,graficon21nodi/grafo245.21,11,21,22,30,31,12.000000000000002,1,12.000000000000004,2.565133810043335,2
310,graficon21nodi/grafo1645.21,11,21,23,30,32,17.999999999999975,0,18.000000000000014,0.0903170108795166,2
311,graficon20nodi/grafo1761.20,11,20,26,31,37,21.0,0,21.0,0.07291698455810547,2
312,graficon26nodi/grafo1805.26,11,26,31,33,38,21.99999975019174,6,22.00000000000056,26.568592071533203,2
313,graficon18nodi/grafo2744.18,11,18,24,34,40,30.000000000000156,4,30.000000000000234,33.469271421432495,2
314,graficon20nodi/grafo2268.20,11,20,24,32,36,18.999999999999996,5,19.0,5.659177780151367,2
315,graficon25nodi/grafo2837.25,11,25,27,32,34,11.999999999999858,0,11.999999999999858,0.08467912673950195,2
316,graficon21nodi/grafo2833.21,11,21,24,30,33,17.99999999999993,2,17.99999999999993,0.350447416305542,2
317,graficon20nodi/grafo3049.20,11,20,24,33,37,18.99999999999979,3,18.99999999999979,4.759622097015381,2
318,graficon26nodi/grafo1799.26,11,26,30,32,36,21.999999999999986,5,21.999999999999986,11.908393621444702,2
319,graficon17nodi/grafo1403.17,11,17,23,30,36,29.000000000000007,2,29.000000000000007,5.763127088546753,2
320,graficon27nodi/grafo2498.27,11,27,32,34,39,32.00000000000001,6,32.00000000000006,31.422394037246704,2
321,graficon22nodi/grafo2819.22,11,22,25,33,36,13.999999999999995,0,14.0,0.08891725540161133,2
322,graficon16nodi/grafo421.16,11,16,22,33,39,31.99999999999932,2,31.99999999999932,8.092696189880371,2
323,graficon14nodi/grafo1074.14,11,14,19,32,37,16.999999999999712,2,16.999999999999943,3.9691805839538574,2
324,graficon24nodi/grafo918.24,11,24,24,32,32,9.999999999999993,0,10.0,0.1002957820892334,2
325,graficon18nodi/grafo1780.18,11,18,24,30,36,25.999999999999922,1,25.999999999999957,6.5440075397491455,2
326,graficon29nodi/grafo1198.29,11,29,29,31,31,12.999999999999995,2,13.000000000000004,7.665257215499878,2
327,graficon15nodi/grafo2591.15,11,15,23,31,39,31.0,2,31.0,15.371365070343018,2
328,graficon19nodi/grafo924.19,11,19,21,32,34,17.99999999999995,0,17.99999999999995,0.07774066925048828,2
329,graficon23nodi/grafo835.23,11,23,27,31,35,27.0,8,27.0,69.86859250068665,2
330,graficon17nodi/grafo829.17,11,17,21,33,37,23.0,0,23.0,0.06418585777282715,2
331,graficon16nodi/grafo1635.16,11,16,25,34,43,33.00000000000057,2,33.000000000001705,7.8702476024627686,2
332,graficon14nodi/grafo649.14,11,14,24,32,42,44.0000000000003,7,44.00000000000037,153.9799473285675,2
333,graficon18nodi/grafo1824.18,11,18,23,32,37,14.999999999999876,1,14.99999999999996,2.784785509109497,2
334,graficon26nodi/grafo1629.26,11,26,29,30,33,16.999999999999975,1,16.999999999999975,5.815768718719482,2
335,graficon15nodi/grafo1142.15,11,15,24,32,41,36.0,1,36.0,6.957265615463257,2
336,graficon22nodi/grafo2410.22,11,22,24,30,32,10.99999999999976,1,10.99999999999988,0.221435546875,2
337,graficon23nodi/grafo2028.23,11,23,32,32,41,46.00000000000008,22,46.0000000000001,601.09876704216,9
338,graficon25nodi/grafo1040.25,11,25,32,34,41,43.00000000000003,22,43.00000000000002,601.6948080062866,9
339,graficon17nodi/grafo2494.17,11,17,20,30,33,12.999999999999991,1,12.999999999999991,0.2672080993652344,2
340,graficon21nodi/grafo381.21,11,21,23,31,33,19.00000000000002,2,19.000000000000064,3.9535112380981445,2
341,graficon19nodi/grafo2425.19,11,19,23,30,34,18.0,4,18.0,5.856500625610352,2
342,graficon26nodi/grafo1230.26,11,26,29,30,33,15.999999999999982,3,16.000000000000018,6.957420110702515,2
343,graficon17nodi/grafo1861.17,11,17,21,34,38,16.0,4,16.0,6.5145087242126465,2
344,graficon27nodi/grafo1232.27,11,27,31,33,37,30.99999727272676,10,31.00000000000018,360.85887479782104,2
345,graficon27nodi/grafo2582.27,11,27,27,34,34,13.0,0,13.0,1.50581693649292,2
346,graficon24nodi/grafo2017.24,11,24,28,32,36,28.000000000000327,4,28.00000000000056,14.859200716018677,2
347,graficon32nodi/grafo11636.32,11,32,32,33,33,13.999999999999993,0,13.999999999999993,3.272540807723999,2
348,graficon19nodi/grafo621.19,11,19,27,30,38,26.00000000000027,3,26.000000000000366,12.214837789535522,2
349,graficon16nodi/grafo2023.16,11,16,20,34,38,15.99999999999986,4,15.999999999999929,4.579792261123657,2
350,graficon23nodi/grafo622.23,11,23,25,33,35,17.0,1,17.0,4.047945499420166,2
351,graficon19nodi/grafo2135.19,11,19,23,33,37,22.00000000000012,4,22.000000000000238,7.261864423751831,2
352,graficon15nodi/grafo879.15,11,15,20,30,35,23.999999999999922,0,23.999999999999922,1.5605659484863281,2
353,graficon22nodi/grafo1012.22,11,22,24,31,33,16.0,0,16.0,0.09980511665344238,2
354,graficon20nodi/grafo429.20,11,20,28,34,42,32.99999988059857,7,33.000000000000114,52.40553426742554,2
355,graficon26nodi/grafo1269.26,11,26,28,31,33,26.999999999999694,0,26.999999999999694,4.466738224029541,2
356,graficon17nodi/grafo2520.17,11,17,24,32,39,33.0,10,33.0,130.06941199302673,2
357,graficon32nodi/grafo10052.32,11,32,33,34,35,15.999999999999993,0,15.999999999999993,2.1755099296569824,2
358,graficon20nodi/grafo874.20,11,20,25,34,39,20.0,2,20.0,4.3808982372283936,2
359,graficon20nodi/grafo1901.20,11,20,26,33,39,48.999999999999986,4,48.999999999999986,85.34688687324524,2
360,graficon22nodi/grafo2456.22,11,22,26,33,37,24.0,0,24.0,0.05717182159423828,2
361,graficon17nodi/grafo276.17,11,17,20,31,34,15.999999999999854,1,15.999999999999854,3.4142439365386963,2
362,graficon25nodi/grafo575.25,11,25,29,34,38,24.999999999999616,3,24.999999999999616,10.694737672805786,2
363,graficon17nodi/grafo517.17,11,17,23,33,39,26.999999999999744,2,26.99999999999983,0.2934226989746094,2
364,graficon19nodi/grafo1900.19,11,19,22,31,34,17.0,0,17.0,0.06743335723876953,2
365,graficon22nodi/grafo1422.22,11,22,22,30,30,16.0,0,16.0,0.14351868629455566,2
366,graficon25nodi/grafo862.25,11,25,28,33,36,21.999999999999694,2,21.999999999999694,5.28366494178772,2
367,graficon23nodi/grafo545.23,11,23,28,32,37,21.0,2,21.0,1.906128168106079,2
368,graficon24nodi/grafo2341.24,11,24,29,34,39,23.999999999999744,2,23.99999999999974,3.3411688804626465,2
369,graficon26nodi/grafo1512.26,11,26,30,34,38,22.999999999999787,3,22.999999999999837,17.965665102005005,2
370,graficon18nodi/grafo1626.18,11,18,27,32,41,37.99999999999999,11,38.0,600.3975052833557,9
371,graficon21nodi/grafo2378.21,11,21,25,31,35,23.0,4,23.000000000000004,4.754588603973389,2
372,graficon25nodi/grafo2051.25,11,25,26,33,34,9.999999999999979,0,9.999999999999986,0.03954887390136719,2
373,graficon32nodi/grafo9919.32,11,32,32,33,33,13.999999999999993,0,13.999999999999993,2.508291006088257,2
374,graficon18nodi/grafo1940.18,11,18,24,31,37,19.0,1,19.0,0.15939664840698242,2
375,graficon25nodi/grafo1338.25,11,25,26,34,35,20.999999999999957,0,20.999999999999957,2.785273313522339,2
376,graficon33nodi/grafo11170.33,11,33,42,39,48,32.00000000000001,3,32.00000000000001,8.358840465545654,2
377,graficon23nodi/grafo2966.23,11,23,26,36,39,16.0,0,16.0,0.10005474090576172,2
378,graficon29nodi/grafo1102.29,11,29,29,37,37,16.0,0,16.0,1.7654781341552734,2
379,graficon26nodi/grafo1340.26,11,26,31,38,43,39.99999999999994,8,40.0,68.49836492538452,2
380,graficon22nodi/grafo1850.22,11,22,28,38,44,21.00000000000001,2,21.000000000000018,5.54150390625,2
381,graficon28nodi/grafo2572.28,11,28,34,38,44,30.000000000000043,6,30.000000000000057,31.72213315963745,2
382,graficon17nodi/grafo420.17,11,17,25,37,45,35.0,6,35.00000000000006,12.424662113189697,2
383,graficon20nodi/grafo2670.20,11,20,28,36,44,24.0,3,24.0,9.742324590682983,2
384,graficon26nodi/grafo2766.26,11,26,32,38,44,17.999999999999957,4,17.999999999999908,3.3995001316070557,2
385,graficon29nodi/grafo1333.29,11,29,31,38,40,28.0,0,28.0,1.62391996383667,2
386,graficon21nodi/grafo1863.21,11,21,26,35,40,29.0,7,29.0,126.21456527709961,2
387,graficon27nodi/grafo1623.27,11,27,30,37,40,15.000000000000021,2,15.000000000000043,4.524174451828003,2
388,graficon33nodi/grafo2828.33,11,33,37,38,42,23.000000000000004,6,23.000000000000007,7.534193992614746,2
389,graficon26nodi/grafo2606.26,11,26,32,36,42,41.999999999998714,9,42.00000000000027,433.24850630760193,2
390,graficon19nodi/grafo2371.19,11,19,24,35,40,25.999999999999996,0,25.999999999999996,0.08541750907897949,2
391,graficon25nodi/grafo2700.25,11,25,28,36,39,20.0,2,20.0,10.924221277236938,2
392,graficon24nodi/grafo2587.24,11,24,28,36,40,24.0,9,24.0,124.50055694580078,2
393,graficon15nodi/grafo947.15,11,15,24,39,48,33.99999999999976,5,33.99999999999977,25.001508474349976,2
394,graficon19nodi/grafo2562.19,11,19,28,36,45,34.00000000000025,5,34.00000000000038,108.37568426132202,2
395,graficon32nodi/grafo11456.32,11,32,33,35,36,15.999999999999911,2,15.999999999999911,2.5477797985076904,2
396,graficon27nodi/grafo248.27,11,27,33,38,44,30.99999999999993,8,31.000000000000192,306.9942936897278,2
397,graficon22nodi/grafo2676.22,11,22,26,38,42,17.999999999999957,0,17.999999999999957,0.11153721809387207,2
398,graficon32nodi/grafo11607.32,11,32,38,39,45,28.999999999999993,5,29.0,82.46554923057556,2
399,graficon19nodi/grafo2171.19,11,19,23,35,39,17.0,1,17.0,7.342629432678223,2
400,graficon19nodi/grafo1666.19,11,19,28,37,46,39.00000000000001,2,39.000000000000014,6.782435894012451,2
401,graficon33nodi/grafo11210.33,11,33,42,39,48,32.00000000000001,3,32.00000000000001,9.192500591278076,2
402,graficon26nodi/grafo2123.26,11,26,28,35,37,23.0,2,23.0,3.2341136932373047,2
403,graficon26nodi/grafo3056.26,11,26,36,35,45,59.00000000000006,23,59.00000000000031,600.8819663524628,9
404,graficon30nodi/grafo1582.30,11,30,34,35,39,32.000000000000206,4,32.000000000000824,90.25859212875366,2
405,graficon24nodi/grafo1440.24,11,24,32,37,45,42.99999469733761,10,43.00000000341886,600.3787117004395,9
406,graficon33nodi/grafo9903.33,11,33,42,39,48,32.00000000000001,3,32.00000000000001,8.728884220123291,2
407,graficon23nodi/grafo1557.23,11,23,29,37,43,42.99999991463031,4,43.00000000000008,61.132364988327026,2
408,graficon21nodi/grafo1941.21,11,21,26,37,42,27.0,2,27.0,5.1758644580841064,2
409,graficon13nodi/grafo317.13,11,13,21,38,46,33.99999999999929,4,33.99999999999929,8.87581729888916,2
410,graficon33nodi/grafo154.33,11,33,34,36,37,20.999999999999993,0,20.999999999999993,1.5119798183441162,2
411,graficon31nodi/grafo10007.31,11,31,34,35,38,26.999999999999993,7,27.000000000000004,125.04619669914246,2
412,graficon20nodi/grafo1764.20,11,20,25,37,42,22.0,2,22.0,10.165294885635376,2
413,graficon31nodi/grafo5484.31,11,31,32,38,39,15.999999076923071,2,15.999999076923089,13.904663324356079,2
414,graficon27nodi/grafo1286.27,11,27,31,36,40,21.0,3,21.0,8.01768183708191,2
415,graficon23nodi/grafo2200.23,11,23,29,38,44,30.000000000000004,4,30.00000000000001,12.901640892028809,2
416,graficon24nodi/grafo872.24,11,24,28,37,41,21.000000000000057,4,21.000000000000057,9.48992919921875,2
417,graficon22nodi/grafo605.22,11,22,26,39,43,24.999999999999964,0,24.999999999999964,0.1330258846282959,2
418,graficon29nodi/grafo1034.29,11,29,32,38,41,35.99999999999996,2,36.0,26.49757671356201,2
419,graficon21nodi/grafo2356.21,11,21,27,35,41,20.99999999999997,3,20.99999999999997,5.946794748306274,2
420,graficon33nodi/grafo10134.33,11,33,34,37,38,17.0,1,17.0,3.6916069984436035,2
421,graficon32nodi/grafo9867.32,11,32,33,35,36,15.999999999999911,2,15.999999999999911,2.90045428276062,2
422,graficon26nodi/grafo753.26,11,26,28,36,38,11.0,2,11.000000000000007,4.538013219833374,2
423,graficon21nodi/grafo123.21,11,21,25,38,42,22.0,2,22.0,3.785460948944092,2
424,graficon25nodi/grafo1360.25,11,25,30,35,40,31.0,10,31.0,65.94266772270203,2
425,graficon27nodi/grafo174.27,11,27,28,36,37,19.00000000000003,2,19.00000000000003,6.638415575027466,2
426,graficon20nodi/grafo251.20,11,20,23,36,39,21.999999999999346,2,22.00000000000032,6.89232611656189,2
427,graficon18nodi/grafo2768.18,11,18,23,35,40,18.0,4,18.0,4.274107933044434,2
428,graficon36nodi/grafo2402.36,11,36,38,39,41,25.000000000000092,0,25.00000000000105,2.4412314891815186,2
429,graficon30nodi/grafo1237.30,11,30,35,39,44,21.999999834099974,1,22.000000166666723,5.659074783325195,2
430,graficon20nodi/grafo2284.20,11,20,30,37,47,39.0,12,39.0,128.40542674064636,2
431,graficon17nodi/grafo1160.17,11,17,23,39,45,28.000000000000007,1,28.000000000000007,16.103513479232788,2
432,graficon27nodi/grafo2721.27,11,27,27,37,37,13.0,2,13.0,2.9621756076812744,2
433,graficon23nodi/grafo2691.23,11,23,31,39,47,37.00000000000031,6,37.0000000000004,156.3583710193634,2
434,graficon22nodi/grafo2875.22,11,22,27,38,43,22.000000000000107,2,22.00000000000015,18.797976970672607,2
435,graficon33nodi/grafo11130.33,11,33,42,39,48,32.00000000000001,3,32.00000000000001,9.512685537338257,2
436,graficon18nodi/grafo2805.18,11,18,25,36,43,33.00000000000007,5,33.00000000000007,61.04763722419739,2
437,graficon16nodi/grafo2584.16,11,16,22,39,45,17.999999999999837,3,18.00000000000034,7.55424427986145,2
438,graficon17nodi/grafo597.17,11,17,24,36,43,36.99999999999997,0,36.999999999999986,0.15073609352111816,2
439,graficon24nodi/grafo1950.24,11,24,27,39,42,23.0,1,23.0,7.807843446731567,2
440,graficon25nodi/grafo2067.25,11,25,28,38,41,15.000000000000004,1,15.000000000000004,7.0589821338653564,2
441,graficon15nodi/grafo2448.15,11,15,23,38,46,27.999999999999872,2,28.000000000000217,22.92616581916809,2
442,graficon26nodi/grafo1273.26,11,26,27,36,37,17.999999999999964,0,17.99999999999989,2.430262804031372,2
443,graficon32nodi/grafo11397.32,11,32,33,37,38,16.99999999999998,0,16.99999999999998,2.1242806911468506,2
444,graficon33nodi/grafo11023.33,11,33,33,36,36,13.999999999999961,0,13.999999999999961,1.6878337860107422,2
445,graficon33nodi/grafo11026.33,11,33,36,39,42,21.0,3,21.0,23.73501968383789,2
446,graficon17nodi/grafo945.17,11,17,22,36,41,28.0,0,28.0,0.07473444938659668,2
447,graficon25nodi/grafo584.25,11,25,29,35,39,41.0,8,41.000000000000014,319.43182921409607,2
448,graficon12nodi/grafo2426.12,11,12,18,38,44,24.0,0,24.0,0.06011509895324707,2
449,graficon18nodi/grafo2731.18,11,18,23,35,40,18.0,0,18.0,0.0839529037475586,2
450,graficon23nodi/grafo2217.23,11,23,29,35,41,24.999999999999517,9,24.999999999999567,124.88200306892395,2
451,graficon26nodi/grafo2108.26,11,26,35,41,50,41.00000000000011,20,41.00000000000024,300.843053817749,2
452,graficon31nodi/grafo11581.31,11,31,36,42,47,33.000000000000064,6,33.00000000000011,156.0333480834961,2
453,graficon25nodi/grafo1271.25,11,25,30,40,45,35.0,6,35.0,17.804978847503662,2
454,graficon31nodi/grafo11454.31,11,31,36,42,47,33.000000000000064,6,33.00000000000011,148.98261880874634,2
455,graficon25nodi/grafo163.25,11,25,37,44,56,85.99999907142887,37,86.00000000000153,600.6045122146606,9
456,graficon19nodi/grafo950.19,11,19,23,43,47,21.99999999999958,0,22.00000000000021,3.71824049949646,2
457,graficon30nodi/grafo1252.30,11,30,34,43,47,24.999999999999964,0,24.999999999999964,1.7661244869232178,2
458,graficon27nodi/grafo1217.27,11,27,29,42,44,20.99999850329837,0,20.9999980043981,4.026293992996216,2
459,graficon34nodi/grafo11331.34,11,34,41,43,50,27.0,6,27.0,27.881474018096924,2
460,graficon20nodi/grafo1873.20,11,20,27,40,47,27.999999999999474,8,28.000000000000668,207.7836515903473,2
461,graficon34nodi/grafo5197.34,11,34,36,43,45,20.0,0,20.0,3.5150952339172363,2
462,graficon28nodi/grafo1615.28,11,28,35,43,50,46.999995884703836,13,46.999998733334465,600.5585796833038,9
463,graficon27nodi/grafo3039.27,11,27,31,44,48,24.999999999999993,2,24.999999999999993,4.004214286804199,2
464,graficon37nodi/grafo2519.37,11,37,39,44,46,31.00000000000001,0,31.000000000000014,8.622745752334595,2
465,graficon27nodi/grafo2037.27,11,27,31,42,46,32.0,4,32.0,21.472291469573975,2
466,graficon20nodi/grafo1757.20,11,20,25,41,46,18.999999999999993,1,18.999999999999993,5.590238809585571,2
467,graficon23nodi/grafo551.23,11,23,29,43,49,31.999999999999993,0,32.0,2.1700823307037354,2
468,graficon32nodi/grafo10795.32,11,32,35,43,46,30.000000000000014,2,30.000000000000007,48.54381275177002,2
469,graficon33nodi/grafo5994.33,11,33,36,42,45,21.999999999999936,0,22.000000000000014,0.18048548698425293,2
470,graficon23nodi/grafo2712.23,11,23,30,40,47,23.0,2,23.0,4.848871469497681,2
471,graficon22nodi/grafo1894.22,11,22,30,40,48,36.99999999999927,7,36.99999999999978,100.72859025001526,2
472,graficon28nodi/grafo1190.28,11,28,31,43,46,29.000000000000107,3,29.000000000000625,333.6234314441681,2
473,graficon32nodi/grafo1455.32,11,32,38,43,49,30.000000000000014,4,30.00000000000002,9.016887187957764,2
474,graficon18nodi/grafo1086.18,11,18,26,41,49,39.99999999999998,2,40.00000000000001,5.284164905548096,2
475,graficon34nodi/grafo9918.34,11,34,34,43,43,15.0,0,15.0,2.993875503540039,2
476,graficon32nodi/grafo1226.32,11,32,34,43,45,21.0,2,21.0,15.930648565292358,2
477,graficon35nodi/grafo7133.35,11,35,38,43,46,25.0,4,25.0,33.95601534843445,2
478,graficon34nodi/grafo11544.34,11,34,34,43,43,15.0,0,15.0,3.7194182872772217,2
479,graficon14nodi/grafo2738.14,11,14,23,40,49,33.0,2,33.0,5.195533990859985,2
480,graficon27nodi/grafo2958.27,11,27,32,42,47,25.999999999999936,0,26.000000000000032,0.17133307456970215,2
481,graficon31nodi/grafo3686.31,11,31,36,42,47,33.000000000000064,6,33.00000000000011,150.64631485939026,2
482,graficon14nodi/grafo701.14,11,14,20,42,48,23.000000000000007,2,23.000000000000018,7.7731287479400635,2
483,graficon33nodi/grafo9921.33,11,33,36,43,46,25.0,1,25.0,6.923488616943359,2
484,graficon27nodi/grafo2876.27,11,27,32,41,46,32.00000000000001,4,32.0,45.43560552597046,2
485,graficon25nodi/grafo1234.25,11,25,33,42,50,40.00000000000003,3,40.00000000000007,81.8443922996521,2
486,graficon26nodi/grafo1285.26,11,26,30,42,46,21.0,3,21.0,8.09926700592041,2
487,graficon30nodi/grafo2365.30,11,30,34,40,44,37.000000000000114,8,37.000000000000114,107.24518036842346,2
488,graficon26nodi/grafo798.26,11,26,32,41,47,30.0,9,30.0,176.55102443695068,2
489,graficon21nodi/grafo1682.21,11,21,41,43,63,89.99999450501282,62,89.9999981678488,600.2781338691711,9
490,graficon32nodi/grafo5244.32,11,32,38,42,48,22.0,0,22.0,0.051929473876953125,2
491,graficon23nodi/grafo2854.23,11,23,29,44,50,24.0,3,24.000000000000014,8.556819677352905,2
492,graficon32nodi/grafo1053.32,11,32,41,43,52,65.00000000000023,12,65.00000000000045,601.0283913612366,9
493,graficon21nodi/grafo2756.21,11,21,26,40,45,19.999999999999787,3,19.999999999999893,15.496674299240112,2
494,graficon22nodi/grafo1503.22,11,22,26,44,48,21.0,0,21.0,0.05295729637145996,2
495,graficon22nodi/grafo2370.22,11,22,28,41,47,19.0,2,19.0,0.40523838996887207,2
496,graficon23nodi/grafo2769.23,11,23,27,44,48,20.999999999999826,2,20.99999999999991,17.999042987823486,2
497,graficon28nodi/grafo124.28,11,28,29,41,42,17.99999999999998,2,18.00000000000004,8.169507503509521,2
498,graficon31nodi/grafo9916.31,11,31,36,42,47,33.000000000000064,6,33.00000000000011,133.8169584274292,2
499,graficon33nodi/grafo11631.33,11,33,43,41,51,35.99999999999999,4,35.99999999999999,43.31342315673828,2
500,graficon30nodi/grafo1256.30,11,30,33,40,43,23.999999999999993,0,23.999999999999993,5.6613311767578125,2
501,graficon32nodi/grafo10231.32,11,32,35,43,46,16.0,0,16.0,1.8190405368804932,2
502,graficon34nodi/grafo11277.34,11,34,35,41,42,14.999999999999993,0,14.999999999999993,3.0070583820343018,2
503,graficon34nodi/grafo2464.34,11,34,38,44,48,31.999995503880125,6,32.0000000133335,600.5888731479645,9
504,graficon27nodi/grafo1199.27,11,27,30,40,43,15.0,0,15.0,0.10005712509155273,2
505,graficon25nodi/grafo1614.25,11,25,27,41,43,22.0,1,22.0,7.543452739715576,2
506,graficon29nodi/grafo1376.29,11,29,34,42,47,33.0,6,33.0,95.31130242347717,2
507,graficon35nodi/grafo3480.35,11,35,35,44,44,18.000000000000004,0,18.000000000000007,2.5059690475463867,2
508,graficon29nodi/grafo1587.29,11,29,35,42,48,36.00000000000001,2,36.00000000000001,80.39867496490479,2
509,graficon34nodi/grafo6050.34,11,34,41,43,50,24.00000000000007,5,24.00000000000026,14.44739055633545,2
510,graficon25nodi/grafo2755.25,11,25,32,42,49,29.99999651084039,6,30.000001993806073,276.5845468044281,2
511,graficon23nodi/grafo2853.23,11,23,34,40,51,53.00000000000014,29,53.000000000000824,600.546097278595,9
512,graficon34nodi/grafo10281.34,11,34,41,42,49,28.0,2,28.0,4.856528997421265,2
513,graficon34nodi/grafo11630.34,11,34,40,44,50,32.0,2,32.0,4.888574600219727,2
514,graficon28nodi/grafo2436.28,11,28,37,44,53,54.000000000000355,13,54.00000000000037,600.5790581703186,9
515,graficon34nodi/grafo9878.34,11,34,39,41,46,28.000000000000057,3,28.00000000000029,54.900943756103516,2
516,graficon32nodi/grafo3901.32,11,32,38,42,48,33.000000000000284,6,33.000000000000234,48.08070731163025,2
517,graficon35nodi/grafo11455.35,11,35,35,42,42,13.9999999999999,0,13.999999999999902,5.1203038692474365,2
518,graficon28nodi/grafo296.28,11,28,36,43,51,41.00000000000002,11,41.00000000000012,600.2057528495789,9
519,graficon25nodi/grafo1251.25,11,25,26,40,41,17.0,0,17.0,2.9574127197265625,2
520,graficon34nodi/grafo11319.34,11,34,40,42,48,32.00000000000001,5,32.000000000000014,19.75933861732483,2
521,graficon34nodi/grafo11660.34,11,34,36,43,45,26.0,2,26.0000000000012,6.927929878234863,2
522,graficon31nodi/grafo2394.31,11,31,36,43,48,41.0000000000002,9,41.0000000000002,205.18454933166504,2
523,graficon26nodi/grafo1218.26,11,26,28,42,44,26.999999498065634,0,26.999999508066974,7.1655659675598145,2
524,graficon37nodi/grafo6342.37,11,37,42,44,49,38.99999980241428,13,39.00000000000044,600.8112843036652,9
525,graficon28nodi/grafo1311.28,11,28,34,42,48,34.0,10,34.0,113.3066475391388,2
526,graficon19nodi/grafo1826.19,11,19,27,46,54,42.999999999999716,3,43.00000000000419,31.643306732177734,2
527,graficon14nodi/grafo1951.14,11,14,25,46,57,47.0,4,47.0,49.764676570892334,2
528,graficon37nodi/grafo3547.37,11,37,38,49,50,13.999999999999979,0,14.0,0.06813955307006836,2
529,graficon34nodi/grafo11207.34,11,34,38,48,52,27.0,7,27.0,51.885525703430176,2
530,graficon31nodi/grafo10887.31,11,31,36,46,51,17.99999999999993,0,18.000000000000014,0.09722495079040527,2
531,graficon32nodi/grafo1255.32,11,32,37,46,51,25.0,2,25.0,3.905134439468384,2
532,graficon28nodi/grafo1840.28,11,28,34,48,54,30.999999999999996,7,30.999999999999996,77.45817136764526,2
533,graficon21nodi/grafo630.21,11,21,28,45,52,29.99999999999983,1,29.999999999999837,5.691711187362671,2
534,graficon26nodi/grafo3044.26,11,26,34,48,56,37.0,6,37.0,61.977405071258545,2
535,graficon23nodi/grafo1806.23,11,23,28,48,53,30.0,0,30.0,0.07513999938964844,2
536,graficon31nodi/grafo10458.31,11,31,36,46,51,17.99999999999993,0,18.000000000000014,0.09930729866027832,2
537,graficon35nodi/grafo10620.35,11,35,41,46,52,37.00000000000001,6,37.00000000000002,282.9345145225525,2
538,graficon22nodi/grafo249.22,11,22,31,46,55,45.000000000000206,6,45.00000000000023,144.0140540599823,2
539,graficon32nodi/grafo745.32,11,32,36,45,49,28.0,0,27.999999999999982,2.2067883014678955,2
540,graficon35nodi/grafo5759.35,11,35,39,45,49,16.999999999999968,2,16.999999999999968,3.0060391426086426,2
541,graficon33nodi/grafo11516.33,11,33,42,45,54,33.00000000000009,7,33.000000000000206,187.46999883651733,2
542,graficon25nodi/grafo2437.25,11,25,30,48,53,24.0,1,24.0,5.188397645950317,2
543,graficon31nodi/grafo1301.31,11,31,40,47,56,53.0000000000001,13,53.00000000000013,600.2355592250824,9
544,graficon38nodi/grafo3332.38,11,38,43,45,50,42.99999999999992,4,42.99999999999992,32.75819420814514,2
545,graficon22nodi/grafo2748.22,11,22,29,45,52,32.0,0,32.0,1.7993831634521484,2
546,graficon27nodi/grafo1253.27,11,27,32,45,50,45.0,4,45.0,509.05068469047546,2
547,graficon36nodi/grafo3862.36,11,36,41,46,51,30.999997330000543,8,31.000000659999934,74.31087255477905,2
548,graficon28nodi/grafo1202.28,11,28,36,45,53,41.000000000000256,7,41.00000000000032,103.93225073814392,2
549,graficon37nodi/grafo5957.37,11,37,39,48,50,40.999999999999986,0,40.999999999999986,1.624577283859253,2
550,graficon38nodi/grafo6734.38,11,38,41,45,48,27.0,2,27.000000000000007,6.5066978931427,2
551,graficon36nodi/grafo5561.36,11,36,38,47,49,13.0,0,13.0,1.356607437133789,2
552,graficon31nodi/grafo10011.31,11,31,36,46,51,17.99999999999993,0,18.000000000000014,0.0952451229095459,2
553,graficon36nodi/grafo6066.36,11,36,39,48,51,25.0,0,25.000000000000018,1.6294081211090088,2
554,graficon31nodi/grafo1362.31,11,31,37,45,51,40.0,2,40.0,13.184931755065918,2
555,graficon27nodi/grafo1200.27,11,27,36,46,55,50.99999999999845,0,51.00000000000121,2.48713755607605,2
556,graficon39nodi/grafo6087.39,11,39,46,48,55,34.000000000000014,12,34.00000000000007,588.2898659706116,2
557,graficon33nodi/grafo5247.33,11,33,38,46,51,21.0,0,21.0,1.4336957931518555,2
558,graficon36nodi/grafo6811.36,11,36,44,48,56,32.0,2,32.0,23.470078945159912,2
559,graficon23nodi/grafo1798.23,11,23,31,48,56,39.00000000000023,5,39.00000000000113,86.70199489593506,2
560,graficon27nodi/grafo2275.27,11,27,32,46,51,34.99999999999945,3,35.00000000000061,63.6637806892395,2
561,graficon26nodi/grafo2981.26,11,26,36,45,55,51.99999859260821,12,52.00000149999879,600.6246666908264,9
562,graficon36nodi/grafo3414.36,11,36,39,46,49,23.000000000000004,3,23.00000000000009,26.106622457504272,2
563,graficon19nodi/grafo2428.19,11,19,23,45,49,15.0,1,14.999999999999998,2.8623976707458496,2
564,graficon35nodi/grafo10085.35,11,35,41,46,52,36.999999999999986,14,37.000000000000014,600.0797369480133,9
565,graficon32nodi/grafo1379.32,11,32,39,48,55,38.99999698619486,4,38.99999802499771,186.1382851600647,2
566,graficon26nodi/grafo173.26,11,26,31,46,51,30.0,6,30.0,68.74813604354858,2
567,graficon38nodi/grafo5236.38,11,38,43,49,54,24.0,4,24.0,20.024933099746704,2
568,graficon26nodi/grafo2399.26,11,26,31,46,51,30.999999999999996,4,31.0,9.663190126419067,2
569,graficon31nodi/grafo11421.31,11,31,37,46,52,36.999999999999986,5,37.00000000000004,120.18565535545349,2
570,graficon40nodi/grafo7698.40,11,40,47,49,56,43.0,2,43.0,21.343645095825195,2
571,graficon35nodi/grafo1925.35,11,35,36,48,49,26.0,0,26.00000000000004,0.11513233184814453,2
572,graficon25nodi/grafo1319.25,11,25,31,47,53,38.0,5,38.0,71.51323461532593,2
573,graficon26nodi/grafo2999.26,11,26,30,45,49,19.999999999999996,3,20.000000000000007,28.537170886993408,2
574,graficon21nodi/grafo1632.21,11,21,26,48,53,20.999999999999986,0,20.999999999999986,0.06828904151916504,2
575,graficon32nodi/grafo9975.32,11,32,39,48,55,37.00000000000034,8,37.00000000000044,86.44168329238892,2
576,graficon33nodi/grafo5182.33,11,33,38,49,54,21.99999999999994,0,22.000000000000007,0.06855940818786621,2
577,graficon32nodi/grafo11121.32,11,32,40,47,55,34.99999676476486,7,35.00000271575968,215.0973982810974,2
578,graficon35nodi/grafo6642.35,11,35,42,49,56,41.0,10,41.00000000000001,375.1501626968384,2
579,graficon28nodi/grafo932.28,11,28,35,45,52,41.0,4,41.0,44.55567264556885,2
580,graficon34nodi/grafo2578.34,11,34,36,48,50,24.99999999999998,1,25.000000000000032,29.338143587112427,2
581,graficon33nodi/grafo11538.33,11,33,38,47,52,30.99999999999976,3,31.000000000000227,107.87679362297058,2
582,graficon33nodi/grafo10562.33,11,33,39,48,54,35.99999899888176,7,36.00000000666746,124.97776293754578,2
583,graficon35nodi/grafo2815.35,11,35,43,47,55,39.000000000000384,12,39.000000000000576,600.2777388095856,9
584,graficon18nodi/grafo374.18,11,18,25,46,53,31.0,0,31.0,0.09929513931274414,2
585,graficon34nodi/grafo5148.34,11,34,37,47,50,21.99999999999996,2,21.999999999999996,10.389553546905518,2
586,graficon35nodi/grafo11567.35,11,35,43,45,53,33.99999999999836,2,34.00000000000006,7.433181285858154,2
587,graficon31nodi/grafo1115.31,11,31,43,45,57,71.99999999999952,24,71.99999999999952,600.7874448299408,9
588,graficon34nodi/grafo2363.34,11,34,39,48,53,33.0,4,33.0,19.35068655014038,2
589,graficon33nodi/grafo11375.33,11,33,39,48,54,30.0,6,30.000000000000007,15.49843716621399,2
590,graficon36nodi/grafo5879.36,11,36,42,46,52,34.99999999999882,7,35.000000000000924,137.3914134502411,2
591,graficon35nodi/grafo5820.35,11,35,38,45,48,16.000000000000004,2,16.000000000000004,4.167962312698364,2
592,graficon17nodi/grafo678.17,11,17,25,48,56,29.999999999999673,1,29.99999999999951,8.612706422805786,2
593,graficon32nodi/grafo9954.32,11,32,34,46,48,18.999999999999996,1,19.0,18.927043199539185,2
594,graficon35nodi/grafo5966.35,11,35,45,47,57,39.99999267556979,15,40.00000202932179,600.266196012497,9
595,graficon35nodi/grafo5522.35,11,35,40,46,51,28.999999999995094,9,28.99999999999896,503.4925756454468,2
596,graficon22nodi/grafo2807.22,11,22,27,46,51,17.0,3,17.0,4.162264347076416,2
597,graficon32nodi/grafo3106.32,11,32,38,48,54,35.00000000000003,5,35.00000000000004,102.3040874004364,2
598,graficon36nodi/grafo5667.36,11,36,40,46,50,23.999999999999986,0,23.99999999999998,0.12651944160461426,2
599,graficon31nodi/grafo2262.31,11,31,40,47,56,46.000000000000014,6,46.000000000000014,107.56213784217834,2
600,graficon33nodi/grafo10456.33,11,33,38,48,53,28.999999125600148,6,29.000000000000078,228.35499620437622,2
601,graficon33nodi/grafo1915.33,11,33,44,54,65,55.99999999999999,4,56.000000000000014,93.15206289291382,2
602,graficon36nodi/grafo3304.36,11,36,47,53,64,72.999999999999,22,73.00000000000108,600.6136775016785,9
603,graficon36nodi/grafo11296.36,11,36,44,50,58,53.0000000000001,24,53.00000000000022,600.3611252307892,9
604,graficon37nodi/grafo3729.37,11,37,45,54,62,45.99999999999648,3,46.00000000000094,120.65266847610474,2
605,graficon36nodi/grafo2212.36,11,36,41,54,59,28.00000000000005,2,28.00000000000006,53.51283049583435,2
606,graficon31nodi/grafo1989.31,11,31,33,54,56,19.0,0,19.000000000000007,1.7787516117095947,2
607,graficon35nodi/grafo10658.35,11,35,41,50,56,41.999999737917165,5,42.00000000000013,129.05571174621582,2
608,graficon39nodi/grafo5309.39,11,39,46,54,61,45.99999999999927,7,45.99999999999936,600.5216510295868,9
609,graficon34nodi/grafo5495.34,11,34,43,53,62,36.000000000000014,12,36.000000000000014,601.2542443275452,9
610,graficon37nodi/grafo3433.37,11,37,42,54,59,28.999999999999986,5,28.999999999999986,132.4414403438568,2
611,graficon34nodi/grafo9882.34,11,34,39,50,55,30.999999999999947,0,30.999999999999964,0.08879208564758301,2
612,graficon22nodi/grafo1154.22,11,22,28,50,56,29.99999999999995,4,29.999999999999996,100.41062116622925,2
613,graficon22nodi/grafo1715.22,11,22,34,54,66,63.99999600632402,6,63.99999903166449,269.79862809181213,2
614,graficon36nodi/grafo3282.36,11,36,40,54,58,22.0,2,22.0,14.92032790184021,2
615,graficon36nodi/grafo3153.36,11,36,43,53,60,43.0,4,43.0,86.06539702415466,2
616,graficon34nodi/grafo4029.34,11,34,40,50,56,32.00000000000008,9,32.00000000000026,198.77594542503357,2
617,graficon32nodi/grafo1784.32,11,32,36,52,56,20.0,3,20.0,58.60419201850891,2
618,graficon33nodi/grafo2397.33,11,33,39,50,56,34.000000000000014,8,34.000000000000014,600.4566216468811,9
619,graficon39nodi/grafo7363.39,11,39,43,51,55,37.999999999999986,6,38.000000000000014,157.32338213920593,2
620,graficon34nodi/grafo11241.34,11,34,39,50,55,30.999999999999947,0,30.999999999999964,0.07002496719360352,2
621,graficon31nodi/grafo1689.31,11,31,34,53,56,23.999999999999996,0,24.000000000000007,0.1258070468902588,2
622,graficon39nodi/grafo6808.39,11,39,45,51,57,31.000000000000313,6,31.000000000000433,600.5077836513519,9
623,graficon24nodi/grafo522.24,11,24,30,51,57,37.00000000000007,8,37.00000000000008,228.50712299346924,2
624,graficon25nodi/grafo2016.25,11,25,33,50,58,36.00000000000005,4,36.00000000000011,27.579867124557495,2
625,graficon24nodi/grafo1667.24,11,24,29,50,55,26.0,2,26.0,11.032522678375244,2
626,graficon40nodi/grafo5346.40,11,40,44,52,56,35.0,6,35.000000000000014,601.3988008499146,9
627,graficon34nodi/grafo11531.34,11,34,37,50,53,23.999999999999993,2,24.00000000000001,4.935237407684326,2
628,graficon23nodi/grafo1974.23,11,23,27,54,58,25.999999999999627,2,25.99999999999963,11.452186107635498,2
629,graficon30nodi/grafo1183.30,11,30,39,50,59,42.00000000000014,10,42.00000000000017,470.5050919055939,2
630,graficon35nodi/grafo7366.35,11,35,43,51,59,28.999999999999986,1,29.000000000000085,27.93596363067627,2
631,graficon33nodi/grafo9869.33,11,33,38,50,55,22.0,4,22.00000000000001,9.330731630325317,2
632,graficon38nodi/grafo3247.38,11,38,43,50,55,38.0,6,38.0,264.9630527496338,2
633,graficon36nodi/grafo5319.36,11,36,44,53,61,35.0,3,34.999999999999844,48.22671985626221,2
634,graficon30nodi/grafo11384.30,11,30,34,50,54,20.000000000000007,4,20.00000000000001,15.121450901031494,2
635,graficon38nodi/grafo3966.38,11,38,42,54,58,31.00000000000005,7,31.000000000000128,236.7888560295105,2
636,graficon32nodi/grafo3012.32,11,32,38,54,60,41.00000000000007,5,41.00000000000007,330.2324585914612,2
637,graficon33nodi/grafo1174.33,11,33,41,53,61,39.999999999999645,6,40.00000000000061,120.1430983543396,2
638,graficon35nodi/grafo11415.35,11,35,43,52,60,39.0,10,39.0,124.19172978401184,2
639,graficon36nodi/grafo10746.36,11,36,42,54,60,39.99999999999994,0,40.0,1.7372527122497559,2
640,graficon38nodi/grafo6579.38,11,38,49,54,65,56.000000000000384,14,56.000000000000426,600.661869764328,9
641,graficon32nodi/grafo10058.32,11,32,40,51,59,38.99999910133309,5,39.00000049666695,207.06690549850464,2
642,graficon34nodi/grafo11614.34,11,34,39,50,55,30.999999999999947,0,30.999999999999964,0.11912369728088379,2
643,graficon38nodi/grafo6106.38,11,38,47,53,62,52.00000000000015,12,52.00000000000029,600.2489821910858,9
644,graficon26nodi/grafo309.26,11,26,36,54,64,56.00000000000023,12,56.00000000000029,600.3227875232697,9
645,graficon34nodi/grafo10483.34,11,34,45,50,61,44.99999159182885,9,44.99999545362638,600.2803592681885,9
646,graficon34nodi/grafo3023.34,11,34,42,54,62,36.999999999999844,4,37.000000000000156,19.62285566329956,2
647,graficon35nodi/grafo11423.35,11,35,42,54,61,33.00000000000037,5,33.0000000000006,59.51568937301636,2
648,graficon26nodi/grafo1952.26,11,26,31,54,59,22.0,5,22.00000000000106,105.03332281112671,2
649,graficon38nodi/grafo5993.38,11,38,44,53,59,35.99999103491274,5,36.00000004499908,216.05602765083313,2
650,graficon17nodi/grafo2227.17,11,17,25,50,58,33.99999999999934,2,33.99999999999934,16.091358184814453,2
651,graficon34nodi/grafo2082.34,11,34,38,54,58,15.999999999999996,0,16.0,0.12319517135620117,2
652,graficon27nodi/grafo1746.27,11,27,38,52,63,38.00000000000001,6,38.00000000000001,9.261005163192749,2
653,graficon33nodi/grafo3214.33,11,33,44,52,63,56.00000000000003,20,56.00000000000004,600.6361186504364,9
654,graficon28nodi/grafo3060.28,11,28,36,51,59,28.0,6,28.0,46.09933423995972,2
655,graficon24nodi/grafo1158.24,11,24,34,52,62,57.000000000000256,8,57.000000000000384,600.5839281082153,9
656,graficon33nodi/grafo11638.33,11,33,38,53,58,28.0,4,28.00000000000056,17.45349144935608,2
657,graficon35nodi/grafo7548.35,11,35,42,54,61,39.9999999999979,2,40.00000000000415,5.657212018966675,2
658,graficon34nodi/grafo5827.34,11,34,40,51,57,32.99999800679349,2,33.000000996604165,25.486180543899536,2
659,graficon34nodi/grafo5485.34,11,34,43,52,61,42.0,10,42.0,125.67797994613647,2
660,graficon35nodi/grafo6897.35,11,35,47,52,64,54.00000000000023,13,54.00000000000035,600.3170621395111,9
661,graficon34nodi/grafo5498.34,11,34,41,54,61,36.999999999997705,5,37.00000000000561,178.3550841808319,2
662,graficon34nodi/grafo5856.34,11,34,41,50,57,28.0,4,28.0,127.34301686286926,2
663,graficon40nodi/grafo4073.40,11,40,42,51,53,29.00000000000012,4,29.000000000000128,142.7432279586792,2
664,graficon36nodi/grafo10619.36,11,36,41,51,56,34.99999999999999,2,35.0,21.533158540725708,2
665,graficon42nodi/grafo7119.42,11,42,46,50,54,29.999999999999897,4,29.999999999999975,18.872970581054688,2
666,graficon36nodi/grafo11525.36,11,36,45,53,62,42.00000000000017,8,42.000000000000405,177.56807589530945,2
667,graficon35nodi/grafo11234.35,11,35,35,51,51,13.99999999999997,0,14.0,4.240805625915527,2
668,graficon24nodi/grafo2787.24,11,24,35,51,62,47.00000000000026,11,47.00000000000038,600.7127766609192,9
669,graficon40nodi/grafo3874.40,11,40,46,50,56,42.99999900439907,7,43.00000000000983,291.2187521457672,2
670,graficon28nodi/grafo1569.28,11,28,36,53,61,47.000000000000654,2,47.00000000000107,54.00759840011597,2
671,graficon35nodi/grafo2098.35,11,35,42,50,57,29.0,4,29.0,153.23972034454346,2
672,graficon34nodi/grafo2031.34,11,34,42,53,61,31.999999137485087,7,31.999999137486043,89.4805896282196,2
673,graficon30nodi/grafo11667.30,11,30,34,52,56,13.999999999999913,0,13.999999999999961,0.08229947090148926,2
674,graficon30nodi/grafo1345.30,11,30,44,50,64,102.99999999999937,30,102.99999999999999,600.4504318237305,9
675,graficon29nodi/grafo2054.29,11,29,35,50,56,22.0,3,22.0,22.044705152511597,2
676,graficon41nodi/grafo4004.41,11,41,48,57,64,37.0,9,37.0,220.87891125679016,2
677,graficon37nodi/grafo2224.37,11,37,45,58,66,61.000000000000625,22,61.000000000000895,600.563383102417,9
678,graficon34nodi/grafo6076.34,11,34,44,56,66,57.0,4,57.0,86.95849633216858,2
679,graficon40nodi/grafo5714.40,11,40,52,59,71,70.99999984809514,35,71.00000000000058,600.8582837581635,9
680,graficon38nodi/grafo9968.38,11,38,44,55,61,32.0,2,32.0,9.900148630142212,2
681,graficon28nodi/grafo1201.28,11,28,38,58,68,46.99999999999997,9,47.0,601.2398927211761,9
682,graficon35nodi/grafo10708.35,11,35,46,55,66,68.0,28,68.0,600.8488698005676,9
683,graficon21nodi/grafo433.21,11,21,28,55,62,35.00000000000003,6,35.0000000000002,600.480993270874,9
684,graficon34nodi/grafo5143.34,11,34,40,57,63,23.99999999999992,1,23.999999999999915,6.691101312637329,2
685,graficon36nodi/grafo11677.36,11,36,49,56,69,59.99999925203258,12,60.00000000000096,600.3986392021179,9
686,graficon37nodi/grafo3125.37,11,37,42,58,63,24.999999999999993,4,25.0,11.15715742111206,2
687,graficon37nodi/grafo7307.37,11,37,47,55,65,35.99999999999964,5,36.00000000000036,37.87789988517761,2
688,graficon37nodi/grafo6450.37,11,37,46,57,66,37.99999907692309,8,37.999999076923174,207.62789058685303,2
689,graficon39nodi/grafo3679.39,11,39,43,56,60,35.00000000000065,9,35.00000000000081,600.4954960346222,9
690,graficon38nodi/grafo6656.38,11,38,46,57,65,44.00000000000013,3,44.00000000000028,212.78087282180786,2
691,graficon34nodi/grafo11409.34,11,34,35,56,57,15.000000000000112,1,15.000000000000153,22.47343397140503,2
692,graficon38nodi/grafo6939.38,11,38,51,57,70,58.99999925000027,19,59.00000000000062,600.4446182250977,9
693,graficon33nodi/grafo2687.33,11,33,46,56,69,76.00000000000065,30,76.00000000000074,601.8017542362213,9
694,graficon38nodi/grafo3351.38,11,38,46,55,63,38.99999976562502,9,39.000000000000085,600.1111204624176,9
695,graficon37nodi/grafo7087.37,11,37,44,59,66,40.000000000000064,4,40.000000000000234,99.13264060020447,2
696,graficon36nodi/grafo11468.36,11,36,47,58,69,66.99999205438627,28,66.99999900680099,600.709112405777,9
697,graficon31nodi/grafo1946.31,11,31,38,59,66,33.0,6,33.0,90.43041157722473,2
698,graficon32nodi/grafo1908.32,11,32,39,55,62,36.0,6,36.0,24.278210878372192,2
699,graficon40nodi/grafo3255.40,11,40,46,56,62,33.99999950291701,13,34.000000500001235,600.6572418212891,9
700,graficon37nodi/grafo5301.37,11,37,44,58,65,33.0,6,33.0,137.0962746143341,2
701,graficon35nodi/grafo5613.35,11,35,46,57,68,69.99999463640644,18,70.00000199248599,600.2270565032959,9
702,graficon35nodi/grafo2990.35,11,35,48,59,72,53.00000000000013,19,53.00000000000019,600.4927735328674,9
703,graficon43nodi/grafo6878.43,11,43,48,56,61,41.00000000000027,9,41.000000000000355,600.5820016860962,9
704,graficon27nodi/grafo1390.27,11,27,39,57,69,55.000000000000014,14,55.000000000000014,600.528412103653,9
705,graficon36nodi/grafo6227.36,11,36,46,59,69,53.00000000000011,15,53.0000000000002,600.2698147296906,9
706,graficon39nodi/grafo3830.39,11,39,50,58,69,55.999999999999744,9,56.00000000000147,601.1895201206207,9
707,graficon37nodi/grafo6796.37,11,37,49,57,69,62.00000000000023,14,62.00000000000035,600.6357080936432,9
708,graficon33nodi/grafo5872.33,11,33,39,57,63,23.0,2,23.000000000000004,16.30595326423645,2
709,graficon36nodi/grafo6071.36,11,36,43,59,66,32.0,6,32.0,64.3669683933258,2
710,graficon36nodi/grafo2465.36,11,36,44,58,66,63.00000000000022,10,63.00000000000041,600.7076344490051,9
711,graficon38nodi/grafo7362.38,11,38,44,59,65,33.999999999999986,3,33.99999999999997,229.7081618309021,2
712,graficon38nodi/grafo7290.38,11,38,47,58,67,50.00000000000007,12,50.000000000000014,600.518247127533,9
713,graficon42nodi/grafo3239.42,11,42,48,56,62,45.99999999999989,8,46.00000000000051,417.00115275382996,2
714,graficon44nodi/grafo3040.44,11,44,50,59,65,40.00000000000006,10,40.00000000000007,92.05664706230164,2
715,graficon39nodi/grafo11577.39,11,39,49,55,65,55.99999986734721,18,56.00000000000049,600.3273475170135,9
716,graficon40nodi/grafo4081.40,11,40,46,56,62,54.00000000000047,18,54.00000000000057,600.142147064209,9
717,graficon42nodi/grafo6381.42,11,42,50,59,67,45.00000000000004,6,45.00000000000022,168.60647678375244,2
718,graficon41nodi/grafo10067.41,11,41,47,58,64,33.999999999998565,6,33.99999999999974,24.01622438430786,2
719,graficon37nodi/grafo11622.37,11,37,49,59,71,41.0000000000002,9,41.0000000000003,600.5976552963257,9
720,graficon32nodi/grafo1992.32,11,32,36,57,61,27.0,3,27.0,25.447385787963867,2
721,graficon38nodi/grafo6467.38,11,38,43,59,64,28.000000000000004,2,28.000000000000004,18.519408226013184,2
722,graficon40nodi/grafo6922.40,11,40,47,59,66,43.0,9,43.0,600.7342917919159,9
723,graficon34nodi/grafo5303.34,11,34,44,59,69,37.00000000000003,4,37.000000000000064,95.34883379936218,2
724,graficon34nodi/grafo11396.34,11,34,35,55,56,16.999999001799022,0,16.999999001799097,5.233185529708862,2
725,graficon39nodi/grafo5122.39,11,39,51,59,71,83.99999999999967,16,84.00000000000041,600.483386516571,9
726,graficon42nodi/grafo6223.42,11,42,45,59,62,32.99999950000068,4,32.99999999999999,92.62812542915344,2
727,graficon40nodi/grafo2627.40,11,40,49,56,65,47.999992577396625,7,48.00000100143359,600.5472857952118,9
728,graficon41nodi/grafo6876.41,11,41,50,58,67,45.999997752335084,10,46.00000050000043,307.1877098083496,2
729,graficon35nodi/grafo11548.35,11,35,46,55,66,68.0,28,68.0,600.2371957302094,9
730,graficon31nodi/grafo1637.31,11,31,41,56,66,55.999999999999616,15,55.99999999999983,600.6875948905945,9
731,graficon38nodi/grafo3437.38,11,38,45,57,64,45.000000000000156,12,45.00000000000099,600.3759715557098,9
732,graficon35nodi/grafo10135.35,11,35,43,55,63,43.999992799179935,12,44.000001809550874,600.3192005157471,9
733,graficon38nodi/grafo2960.38,11,38,48,56,66,53.00000000000051,25,53.00000000000079,601.2444179058075,9
734,graficon35nodi/grafo3720.35,11,35,46,59,70,63.00000000000081,12,63.00000000000134,600.5329086780548,9
735,graficon36nodi/grafo6233.36,11,36,47,56,67,44.99999999999963,15,45.00000000000334,600.4930984973907,9
736,graficon24nodi/grafo1966.24,11,24,34,58,68,45.0000000000002,4,45.0000000000002,22.264901399612427,2
737,graficon38nodi/grafo3681.38,11,38,48,56,66,43.00000000000026,10,43.0000000000003,600.1897132396698,9
738,graficon36nodi/grafo5970.36,11,36,46,57,67,62.00000000000011,19,62.0000000000001,600.2719328403473,9
739,graficon26nodi/grafo1272.26,11,26,34,56,64,45.99999999999999,2,46.00000000000113,27.906925201416016,2
740,graficon32nodi/grafo2968.32,11,32,41,55,64,46.999996896088255,15,47.00000088888993,600.3489027023315,9
741,graficon34nodi/grafo5917.34,11,34,41,58,65,23.000000000000032,2,23.000000000000057,6.734103202819824,2
742,graficon35nodi/grafo11344.35,11,35,40,55,60,27.0,6,27.0,55.60840559005737,2
743,graficon47nodi/grafo1531.47,11,47,54,58,65,51.99999999999997,4,52.000000000000476,114.73439025878906,2
744,graficon36nodi/grafo5264.36,11,36,41,59,64,27.0,0,27.0,1.6590790748596191,2
745,graficon36nodi/grafo7306.36,11,36,48,55,67,111.00000000000013,49,111.00000000000018,600.3084290027618,9
746,graficon34nodi/grafo3124.34,11,34,43,56,65,53.0,14,53.000000000000014,600.5325856208801,9
747,graficon35nodi/grafo11633.35,11,35,46,56,67,48.99999999999997,8,49.00000000000002,600.2279651165009,9
748,graficon40nodi/grafo6115.40,11,40,46,57,63,34.99999999166669,7,34.99999999500001,80.83436751365662,2
749,graficon37nodi/grafo3554.37,11,37,41,57,61,26.0,0,26.0,1.5613915920257568,2
750,graficon36nodi/grafo10229.36,11,36,46,58,68,43.99999999999857,10,44.000000000002245,83.64431691169739,2
