Index,Data,T1,T2,T3
1,graficon20nodi/grafo117.20,0.034,0.005,0.005
2,graficon20nodi/grafo121.20,0.015,0.013,0.013
3,graficon20nodi/grafo190.20,0.028,0.021,0.021
4,graficon20nodi/grafo215.20,0.008,0.009,0.009
5,graficon20nodi/grafo244.20,0.011,0.01,0.033
6,graficon20nodi/grafo251.20,0.014,0.015,0.014
7,graficon20nodi/grafo270.20,0.025,0.027,0.028
8,graficon20nodi/grafo291.20,0.004,0.003,0.003
9,graficon20nodi/grafo298.20,0.041,0.039,0.04
10,graficon20nodi/grafo318.20,0.021,0.018,0.018
11,graficon20nodi/grafo348.20,0.004,0.005,0.005
12,graficon20nodi/grafo369.20,0.033,0.033,0.033
13,graficon20nodi/grafo413.20,0.019,0.018,0.018
14,graficon20nodi/grafo429.20,0.024,0.023,0.024
15,graficon20nodi/grafo434.20,0.018,0.016,0.016
16,graficon20nodi/grafo495.20,0.002,0.002,0.002
17,graficon20nodi/grafo502.20,0.007,0.007,0.006
18,graficon20nodi/grafo508.20,0.009,0.009,0.009
19,graficon20nodi/grafo521.20,0.009,0.009,0.009
20,graficon20nodi/grafo523.20,0.022,0.021,0.022
21,graficon20nodi/grafo535.20,0.024,0.024,0.024
22,graficon20nodi/grafo561.20,0.017,0.016,0.016
23,graficon20nodi/grafo568.20,0.013,0.013,0.013
24,graficon20nodi/grafo679.20,0.017,0.017,0.018
25,graficon20nodi/grafo698.20,0.039,0.039,0.037
26,graficon20nodi/grafo755.20,0.014,0.013,0.013
27,graficon20nodi/grafo786.20,0.014,0.014,0.013
28,graficon20nodi/grafo873.20,0.025,0.024,0.023
29,graficon20nodi/grafo874.20,0.016,0.015,0.016
30,graficon20nodi/grafo875.20,0.004,0.004,0.004
31,graficon20nodi/grafo904.20,0.008,0.008,0.008
32,graficon20nodi/grafo940.20,0.008,0.008,0.008
33,graficon20nodi/grafo980.20,0.004,0.004,0.004
34,graficon20nodi/grafo1002.20,0.009,0.008,0.009
35,graficon20nodi/grafo1007.20,0.008,0.008,0.008
36,graficon20nodi/grafo1024.20,0.008,0.007,0.008
37,graficon20nodi/grafo1036.20,0.012,0.012,0.012
38,graficon20nodi/grafo1110.20,0.005,0.005,0.005
39,graficon20nodi/grafo1113.20,0.009,0.009,0.008
40,graficon20nodi/grafo1649.20,0.014,0.014,0.015
41,graficon20nodi/grafo1651.20,0.013,0.011,0.011
42,graficon20nodi/grafo1673.20,0.006,0.006,0.006
43,graficon20nodi/grafo1676.20,0.01,0.01,0.01
44,graficon20nodi/grafo1690.20,0.014,0.013,0.013
45,graficon20nodi/grafo1716.20,0.009,0.009,0.008
46,graficon20nodi/grafo1733.20,0.032,0.032,0.031
47,graficon20nodi/grafo1755.20,0.008,0.007,0.007
48,graficon20nodi/grafo1757.20,0.017,0.016,0.016
49,graficon20nodi/grafo1761.20,0.011,0.01,0.011
50,graficon20nodi/grafo1764.20,0.012,0.013,0.013
51,graficon20nodi/grafo1801.20,0.02,0.019,0.019
52,graficon20nodi/grafo1837.20,0.012,0.011,0.011
53,graficon20nodi/grafo1855.20,0.021,0.022,0.022
54,graficon20nodi/grafo1860.20,0.007,0.007,0.007
55,graficon20nodi/grafo1873.20,0.026,0.025,0.024
56,graficon20nodi/grafo1901.20,0.037,0.037,0.038
57,graficon20nodi/grafo1916.20,0.014,0.013,0.013
58,graficon20nodi/grafo1931.20,0.049,0.046,0.049
59,graficon20nodi/grafo2056.20,0.011,0.011,0.011
60,graficon20nodi/grafo2122.20,0.008,0.007,0.007
61,graficon20nodi/grafo2151.20,0.016,0.015,0.015
62,graficon20nodi/grafo2166.20,0.026,0.026,0.026
63,graficon20nodi/grafo2202.20,0.019,0.018,0.019
64,graficon20nodi/grafo2209.20,0.037,0.037,0.038
65,graficon20nodi/grafo2213.20,0.038,0.037,0.037
66,graficon20nodi/grafo2246.20,0.047,0.047,0.045
67,graficon20nodi/grafo2268.20,0.013,0.013,0.013
68,graficon20nodi/grafo2272.20,0.011,0.012,0.012
69,graficon20nodi/grafo2282.20,0.01,0.009,0.01
70,graficon20nodi/grafo2284.20,0.033,0.033,0.033
71,graficon20nodi/grafo2317.20,0.007,0.007,0.007
72,graficon20nodi/grafo2347.20,0.008,0.008,0.009
73,graficon20nodi/grafo2351.20,0.037,0.038,0.036
74,graficon20nodi/grafo2382.20,0.035,0.036,0.036
75,graficon20nodi/grafo2396.20,0.015,0.014,0.014
76,graficon20nodi/grafo2422.20,0.034,0.035,0.034
77,graficon20nodi/grafo2545.20,0.019,0.019,0.02
78,graficon20nodi/grafo2554.20,0.006,0.006,0.006
79,graficon20nodi/grafo2564.20,0.006,0.006,0.006
80,graficon20nodi/grafo2611.20,0.005,0.004,0.004
81,graficon20nodi/grafo2670.20,0.014,0.014,0.014
82,graficon20nodi/grafo2701.20,0.014,0.015,0.014
83,graficon20nodi/grafo2718.20,0.02,0.019,0.019
84,graficon20nodi/grafo2763.20,0.008,0.007,0.008
85,graficon20nodi/grafo2767.20,0.008,0.008,0.008
86,graficon20nodi/grafo2776.20,0.011,0.011,0.011
87,graficon20nodi/grafo2922.20,0.015,0.015,0.015
88,graficon20nodi/grafo2989.20,0.005,0.005,0.004
89,graficon20nodi/grafo2995.20,0.011,0.01,0.011
90,graficon20nodi/grafo3017.20,0.015,0.014,0.015
91,graficon20nodi/grafo3049.20,0.013,0.012,0.012
92,graficon20nodi/grafo3051.20,0.005,0.005,0.005
93,graficon20nodi/grafo3052.20,0.012,0.011,0.011
94,graficon21nodi/grafo123.21,0.014,0.014,0.014
95,graficon21nodi/grafo127.21,0.007,0.007,0.007
96,graficon21nodi/grafo132.21,0.047,0.022,0.022
97,graficon21nodi/grafo136.21,0.015,0.014,0.014
98,graficon21nodi/grafo137.21,0.113,0.114,0.111
99,graficon21nodi/grafo152.21,0.016,0.016,0.016
100,graficon21nodi/grafo153.21,0.155,0.155,0.156
101,graficon21nodi/grafo156.21,0.013,0.012,0.012
102,graficon21nodi/grafo158.21,0.012,0.012,0.012
103,graficon21nodi/grafo191.21,0.015,0.016,0.016
104,graficon21nodi/grafo245.21,0.008,0.008,0.009
105,graficon21nodi/grafo294.21,0.004,0.004,0.004
106,graficon21nodi/grafo336.21,0.006,0.006,0.006
107,graficon21nodi/grafo350.21,0.016,0.015,0.016
108,graficon21nodi/grafo380.21,0.015,0.015,0.015
109,graficon21nodi/grafo381.21,0.012,0.011,0.011
110,graficon21nodi/grafo433.21,0.052,0.051,0.052
111,graficon21nodi/grafo509.21,0.032,0.03,0.03
112,graficon21nodi/grafo606.21,0.02,0.019,0.018
113,graficon21nodi/grafo630.21,0.033,0.032,0.032
114,graficon21nodi/grafo641.21,0.007,0.007,0.007
115,graficon21nodi/grafo712.21,0.036,0.036,0.036
116,graficon21nodi/grafo804.21,0.011,0.011,0.011
117,graficon21nodi/grafo832.21,0.024,0.024,0.024
118,graficon21nodi/grafo842.21,0.02,0.02,0.022
119,graficon21nodi/grafo889.21,0.029,0.048,0.028
120,graficon21nodi/grafo901.21,0.016,0.016,0.016
121,graficon21nodi/grafo925.21,0.08,0.079,0.081
122,graficon21nodi/grafo935.21,0.106,0.109,0.107
123,graficon21nodi/grafo943.21,0.04,0.037,0.038
124,graficon21nodi/grafo1049.21,0.005,0.005,0.005
125,graficon21nodi/grafo1064.21,0.023,0.024,0.024
126,graficon21nodi/grafo1091.21,0.025,0.025,0.024
127,graficon21nodi/grafo1104.21,0.013,0.012,0.012
128,graficon21nodi/grafo1106.21,0.187,0.186,0.185
129,graficon21nodi/grafo1125.21,0.032,0.031,0.031
130,graficon21nodi/grafo1135.21,0.007,0.007,0.008
131,graficon21nodi/grafo1153.21,0.006,0.007,0.007
132,graficon21nodi/grafo1449.21,0.007,0.007,0.007
133,graficon21nodi/grafo1617.21,0.01,0.009,0.009
134,graficon21nodi/grafo1632.21,0.013,0.014,0.014
135,graficon21nodi/grafo1638.21,0.011,0.01,0.01
136,graficon21nodi/grafo1645.21,0.016,0.017,0.016
137,graficon21nodi/grafo1677.21,0.005,0.005,0.005
138,graficon21nodi/grafo1682.21,0.124,0.121,0.125
139,graficon21nodi/grafo1699.21,0.008,0.008,0.007
140,graficon21nodi/grafo1708.21,0.014,0.014,0.038
141,graficon21nodi/grafo1718.21,0.031,0.031,0.029
142,graficon21nodi/grafo1727.21,0.007,0.007,0.007
143,graficon21nodi/grafo1749.21,0.071,0.07,0.069
144,graficon21nodi/grafo1752.21,0.028,0.027,0.027
145,graficon21nodi/grafo1762.21,0.032,0.031,0.031
146,graficon21nodi/grafo1779.21,0.034,0.034,0.035
147,graficon21nodi/grafo1786.21,0.011,0.01,0.01
148,graficon21nodi/grafo1793.21,0.021,0.021,0.021
149,graficon21nodi/grafo1814.21,0.028,0.028,0.028
150,graficon21nodi/grafo1838.21,0.022,0.021,0.021
151,graficon21nodi/grafo1863.21,0.025,0.026,0.027
152,graficon21nodi/grafo1879.21,0.054,0.051,0.052
153,graficon21nodi/grafo1896.21,0.008,0.007,0.008
154,graficon21nodi/grafo1910.21,0.016,0.016,0.015
155,graficon21nodi/grafo1911.21,0.017,0.017,0.016
156,graficon21nodi/grafo1919.21,0.023,0.024,0.023
157,graficon21nodi/grafo1927.21,0.017,0.016,0.016
158,graficon21nodi/grafo1929.21,0.011,0.01,0.01
159,graficon21nodi/grafo1937.21,0.007,0.007,0.007
160,graficon21nodi/grafo1941.21,0.017,0.017,0.017
161,graficon21nodi/grafo2114.21,0.023,0.023,0.022
162,graficon21nodi/grafo2119.21,0.044,0.043,0.045
163,graficon21nodi/grafo2152.21,0.003,0.003,0.003
164,graficon21nodi/grafo2162.21,0.011,0.01,0.01
165,graficon21nodi/grafo2173.21,0.008,0.008,0.008
166,graficon21nodi/grafo2176.21,0.014,0.014,0.015
167,graficon21nodi/grafo2208.21,0.005,0.005,0.005
168,graficon21nodi/grafo2305.21,0.009,0.009,0.009
169,graficon21nodi/grafo2329.21,0.012,0.012,0.012
170,graficon21nodi/grafo2356.21,0.012,0.012,0.012
171,graficon21nodi/grafo2361.21,0.022,0.021,0.023
172,graficon21nodi/grafo2378.21,0.014,0.013,0.013
173,graficon21nodi/grafo2416.21,0.007,0.007,0.007
174,graficon21nodi/grafo2423.21,0.021,0.023,0.021
175,graficon21nodi/grafo2434.21,0.049,0.049,0.047
176,graficon21nodi/grafo2516.21,0.006,0.006,0.006
177,graficon21nodi/grafo2571.21,0.065,0.063,0.061
178,graficon21nodi/grafo2598.21,0.042,0.042,0.042
179,graficon21nodi/grafo2618.21,0.02,0.02,0.021
180,graficon21nodi/grafo2637.21,0.008,0.007,0.008
181,graficon21nodi/grafo2664.21,0.016,0.017,0.018
182,graficon21nodi/grafo2677.21,0.018,0.018,0.018
183,graficon21nodi/grafo2689.21,0.024,0.025,0.025
184,graficon21nodi/grafo2719.21,0.017,0.016,0.017
185,graficon21nodi/grafo2756.21,0.014,0.014,0.014
186,graficon21nodi/grafo2793.21,0.003,0.003,0.003
187,graficon21nodi/grafo2814.21,0.005,0.004,0.004
188,graficon21nodi/grafo2831.21,0.102,0.1,0.097
189,graficon21nodi/grafo2833.21,0.012,0.011,0.011
190,graficon21nodi/grafo2846.21,0.032,0.03,0.03
191,graficon21nodi/grafo2873.21,0.021,0.022,0.022
192,graficon21nodi/grafo2886.21,0.009,0.009,0.009
193,graficon21nodi/grafo2906.21,0.007,0.007,0.006
194,graficon21nodi/grafo2912.21,0.011,0.011,0.011
195,graficon21nodi/grafo2943.21,0.007,0.007,0.007
196,graficon30nodi/grafo115.30,0.016,0.016,0.017
197,graficon30nodi/grafo135.30,0.165,0.138,0.142
198,graficon30nodi/grafo160.30,0.033,0.033,0.031
199,graficon30nodi/grafo165.30,0.01,0.009,0.009
200,graficon30nodi/grafo171.30,0.082,0.083,0.081
201,graficon30nodi/grafo172.30,0.02,0.021,0.021
202,graficon30nodi/grafo176.30,0.041,0.041,0.04
203,graficon30nodi/grafo186.30,0.027,0.027,0.026
204,graficon30nodi/grafo189.30,0.018,0.018,0.02
205,graficon30nodi/grafo196.30,0.051,0.053,0.053
206,graficon30nodi/grafo205.30,0.032,0.034,0.035
207,graficon30nodi/grafo341.30,0.088,0.059,0.059
208,graficon30nodi/grafo358.30,0.121,0.09,0.095
209,graficon30nodi/grafo359.30,0.034,0.034,0.033
210,graficon30nodi/grafo484.30,0.041,0.041,0.041
211,graficon30nodi/grafo715.30,0.016,0.015,0.016
212,graficon30nodi/grafo859.30,0.034,0.032,0.033
213,graficon30nodi/grafo1181.30,0.069,0.067,0.067
214,graficon30nodi/grafo1183.30,0.087,0.064,0.065
215,graficon30nodi/grafo1223.30,0.052,0.051,0.052
216,graficon30nodi/grafo1227.30,0.093,0.09,0.096
217,graficon30nodi/grafo1237.30,0.015,0.014,0.014
218,graficon30nodi/grafo1246.30,0.043,0.042,0.044
219,graficon30nodi/grafo1252.30,0.018,0.017,0.016
220,graficon30nodi/grafo1256.30,0.015,0.014,0.014
221,graficon30nodi/grafo1261.30,0.118,0.115,0.115
222,graficon30nodi/grafo1322.30,0.066,0.066,0.069
223,graficon30nodi/grafo1334.30,0.06,0.058,0.06
224,graficon30nodi/grafo1345.30,0.188,0.195,0.191
225,graficon30nodi/grafo1434.30,0.088,0.084,0.088
226,graficon30nodi/grafo1445.30,0.058,0.057,0.058
227,graficon30nodi/grafo1534.30,0.039,0.039,0.037
228,graficon30nodi/grafo1582.30,0.041,0.041,0.042
229,graficon30nodi/grafo1616.30,0.037,0.036,0.036
230,graficon30nodi/grafo1623.30,0.1,0.131,0.102
231,graficon30nodi/grafo1627.30,0.17,0.175,0.172
232,graficon30nodi/grafo1641.30,0.011,0.011,0.011
233,graficon30nodi/grafo1647.30,0.029,0.027,0.025
234,graficon30nodi/grafo1687.30,0.031,0.029,0.03
235,graficon30nodi/grafo1702.30,0.047,0.052,0.05
236,graficon30nodi/grafo1783.30,0.025,0.024,0.025
237,graficon30nodi/grafo1810.30,0.079,0.114,0.104
238,graficon30nodi/grafo1958.30,0.015,0.013,0.014
239,graficon30nodi/grafo1987.30,0.061,0.079,0.06
240,graficon30nodi/grafo2005.30,0.044,0.041,0.036
241,graficon30nodi/grafo2012.30,0.24,0.237,0.235
242,graficon30nodi/grafo2013.30,0.051,0.076,0.051
243,graficon30nodi/grafo2025.30,0.15,0.148,0.149
244,graficon30nodi/grafo2030.30,0.164,0.164,0.16
245,graficon30nodi/grafo2033.30,0.041,0.042,0.043
246,graficon30nodi/grafo2035.30,0.08,0.08,0.079
247,graficon30nodi/grafo2346.30,0.014,0.014,0.014
248,graficon30nodi/grafo2365.30,0.061,0.061,0.06
249,graficon30nodi/grafo2629.30,0.076,0.057,0.053
250,graficon30nodi/grafo2650.30,0.018,0.018,0.019
251,graficon30nodi/grafo2699.30,0.036,0.035,0.034
252,graficon30nodi/grafo3011.30,0.104,0.103,0.102
253,graficon30nodi/grafo3032.30,0.038,0.038,0.038
254,graficon30nodi/grafo4040.30,0.038,0.037,0.037
255,graficon30nodi/grafo10051.30,0.024,0.023,0.023
256,graficon30nodi/grafo11384.30,0.025,0.025,0.025
257,graficon30nodi/grafo11667.30,0.018,0.018,0.018
258,graficon31nodi/grafo130.31,0.066,0.071,0.067
259,graficon31nodi/grafo145.31,0.08,0.083,0.08
260,graficon31nodi/grafo150.31,0.018,0.017,0.018
261,graficon31nodi/grafo161.31,0.076,0.074,0.076
262,graficon31nodi/grafo168.31,0.054,0.055,0.055
263,graficon31nodi/grafo860.31,0.021,0.02,0.02
264,graficon31nodi/grafo942.31,0.018,0.019,0.019
265,graficon31nodi/grafo1115.31,0.089,0.086,0.088
266,graficon31nodi/grafo1167.31,0.02,0.02,0.019
267,graficon31nodi/grafo1228.31,0.047,0.048,0.049
268,graficon31nodi/grafo1257.31,0.246,0.264,0.245
269,graficon31nodi/grafo1301.31,0.075,0.077,0.077
270,graficon31nodi/grafo1313.31,0.043,0.041,0.042
271,graficon31nodi/grafo1349.31,0.057,0.057,0.054
272,graficon31nodi/grafo1362.31,0.04,0.041,0.04
273,graficon31nodi/grafo1368.31,0.142,0.144,0.151
274,graficon31nodi/grafo1400.31,0.104,0.123,0.103
275,graficon31nodi/grafo1429.31,0.211,0.214,0.211
276,graficon31nodi/grafo1430.31,0.097,0.096,0.1
277,graficon31nodi/grafo1589.31,0.132,0.133,0.134
278,graficon31nodi/grafo1622.31,0.049,0.049,0.049
279,graficon31nodi/grafo1630.31,0.039,0.038,0.036
280,graficon31nodi/grafo1637.31,0.118,0.136,0.116
281,graficon31nodi/grafo1650.31,0.037,0.035,0.034
282,graficon31nodi/grafo1689.31,0.02,0.02,0.019
283,graficon31nodi/grafo1775.31,0.036,0.036,0.035
284,graficon31nodi/grafo1796.31,0.107,0.105,0.104
285,graficon31nodi/grafo1869.31,0.022,0.021,0.021
286,graficon31nodi/grafo1946.31,0.043,0.042,0.044
287,graficon31nodi/grafo1989.31,0.022,0.021,0.022
288,graficon31nodi/grafo1991.31,0.079,0.081,0.079
289,graficon31nodi/grafo1998.31,0.015,0.014,0.015
290,graficon31nodi/grafo2029.31,0.067,0.066,0.065
291,graficon31nodi/grafo2034.31,0.088,0.087,0.087
292,graficon31nodi/grafo2053.31,0.036,0.035,0.034
293,graficon31nodi/grafo2107.31,0.009,0.009,0.009
294,graficon31nodi/grafo2130.31,0.041,0.042,0.041
295,graficon31nodi/grafo2172.31,0.026,0.025,0.025
296,graficon31nodi/grafo2262.31,0.047,0.047,0.046
297,graficon31nodi/grafo2394.31,0.056,0.057,0.057
298,graficon31nodi/grafo2462.31,0.176,0.153,0.154
299,graficon31nodi/grafo2942.31,0.025,0.027,0.027
300,graficon31nodi/grafo3070.31,0.051,0.05,0.048
301,graficon31nodi/grafo3686.31,0.055,0.057,0.056
302,graficon31nodi/grafo5213.31,0.034,0.033,0.032
303,graficon31nodi/grafo5484.31,0.013,0.012,0.012
304,graficon31nodi/grafo5834.31,0.028,0.028,0.027
305,graficon31nodi/grafo6114.31,0.096,0.094,0.092
306,graficon31nodi/grafo9857.31,0.02,0.019,0.018
307,graficon31nodi/grafo9865.31,0.057,0.055,0.056
308,graficon31nodi/grafo9912.31,0.07,0.071,0.071
309,graficon31nodi/grafo9913.31,0.019,0.019,0.018
310,graficon31nodi/grafo9916.31,0.056,0.056,0.055
311,graficon31nodi/grafo9923.31,0.041,0.043,0.042
312,graficon31nodi/grafo9990.31,0.053,0.032,0.033
313,graficon31nodi/grafo10007.31,0.034,0.033,0.034
314,graficon31nodi/grafo10009.31,0.019,0.019,0.019
315,graficon31nodi/grafo10011.31,0.019,0.019,0.019
316,graficon31nodi/grafo10013.31,0.02,0.02,0.019
317,graficon31nodi/grafo10018.31,0.054,0.055,0.056
318,graficon31nodi/grafo10022.31,0.019,0.019,0.018
319,graficon31nodi/grafo10025.31,0.065,0.066,0.064
320,graficon31nodi/grafo10033.31,0.021,0.019,0.019
321,graficon31nodi/grafo10036.31,0.02,0.019,0.019
322,graficon31nodi/grafo10056.31,0.019,0.019,0.018
323,graficon31nodi/grafo10063.31,0.019,0.019,0.019
324,graficon31nodi/grafo10068.31,0.021,0.021,0.02
325,graficon31nodi/grafo10075.31,0.03,0.029,0.031
326,graficon31nodi/grafo10077.31,0.02,0.019,0.019
327,graficon31nodi/grafo10458.31,0.02,0.019,0.019
328,graficon31nodi/grafo10745.31,0.055,0.056,0.054
329,graficon31nodi/grafo10887.31,0.019,0.019,0.019
330,graficon31nodi/grafo11127.31,0.02,0.02,0.02
331,graficon31nodi/grafo11239.31,0.033,0.033,0.034
332,graficon31nodi/grafo11356.31,0.03,0.03,0.029
333,graficon31nodi/grafo11395.31,0.054,0.054,0.058
334,graficon31nodi/grafo11421.31,0.046,0.047,0.046
335,graficon31nodi/grafo11454.31,0.057,0.055,0.054
336,graficon31nodi/grafo11489.31,0.058,0.058,0.056
337,graficon31nodi/grafo11509.31,0.057,0.056,0.055
338,graficon31nodi/grafo11522.31,0.019,0.019,0.02
339,graficon31nodi/grafo11547.31,0.02,0.019,0.019
340,graficon31nodi/grafo11559.31,0.02,0.02,0.02
341,graficon31nodi/grafo11581.31,0.057,0.056,0.055
342,graficon31nodi/grafo11641.31,0.021,0.019,0.019
343,graficon40nodi/grafo120.40,0.045,0.043,0.042
344,graficon40nodi/grafo134.40,0.139,0.136,0.157
345,graficon40nodi/grafo289.40,0.084,0.083,0.082
346,graficon40nodi/grafo365.40,0.05,0.049,0.048
347,graficon40nodi/grafo490.40,0.031,0.031,0.03
348,graficon40nodi/grafo1710.40,0.212,0.208,0.207
349,graficon40nodi/grafo2249.40,0.097,0.095,0.099
350,graficon40nodi/grafo2273.40,0.204,0.201,0.223
351,graficon40nodi/grafo2316.40,0.325,0.328,0.323
352,graficon40nodi/grafo2381.40,0.053,0.051,0.051
353,graficon40nodi/grafo2455.40,0.238,0.228,0.248
354,graficon40nodi/grafo2503.40,0.652,0.646,0.651
355,graficon40nodi/grafo2523.40,0.137,0.139,0.137
356,graficon40nodi/grafo2529.40,0.101,0.101,0.115
357,graficon40nodi/grafo2566.40,0.149,0.169,0.151
358,graficon40nodi/grafo2593.40,0.178,0.175,0.178
359,graficon40nodi/grafo2627.40,0.08,0.076,0.075
360,graficon40nodi/grafo2729.40,0.073,0.073,0.069
361,graficon40nodi/grafo2848.40,0.151,0.149,0.147
362,graficon40nodi/grafo2851.40,0.282,0.3,0.279
363,graficon40nodi/grafo2863.40,0.071,0.07,0.073
364,graficon40nodi/grafo2913.40,0.211,0.218,0.21
365,graficon40nodi/grafo2932.40,0.543,0.54,0.56
366,graficon40nodi/grafo2963.40,0.126,0.127,0.124
367,graficon40nodi/grafo2975.40,0.026,0.026,0.026
368,graficon40nodi/grafo3001.40,0.592,0.595,0.594
369,graficon40nodi/grafo3003.40,0.136,0.118,0.118
370,graficon40nodi/grafo3020.40,0.034,0.034,0.035
371,graficon40nodi/grafo3088.40,0.572,0.57,0.57
372,graficon40nodi/grafo3114.40,0.223,0.221,0.222
373,graficon40nodi/grafo3116.40,0.082,0.101,0.083
374,graficon40nodi/grafo3131.40,0.331,0.33,0.329
375,graficon40nodi/grafo3150.40,0.048,0.047,0.046
376,graficon40nodi/grafo3171.40,0.263,0.28,0.259
377,graficon40nodi/grafo3193.40,0.093,0.093,0.091
378,graficon40nodi/grafo3201.40,0.087,0.083,0.086
379,graficon40nodi/grafo3203.40,0.103,0.106,0.104
380,graficon40nodi/grafo3216.40,0.098,0.117,0.097
381,graficon40nodi/grafo3228.40,0.093,0.094,0.094
382,graficon40nodi/grafo3229.40,0.093,0.093,0.09
383,graficon40nodi/grafo3254.40,0.29,0.288,0.287
384,graficon40nodi/grafo3255.40,0.08,0.079,0.082
385,graficon40nodi/grafo3263.40,0.205,0.223,0.2
386,graficon40nodi/grafo3287.40,0.165,0.167,0.165
387,graficon40nodi/grafo3296.40,0.091,0.091,0.094
388,graficon40nodi/grafo3335.40,0.159,0.158,0.158
389,graficon40nodi/grafo3337.40,0.099,0.101,0.1
390,graficon40nodi/grafo3353.40,0.102,0.077,0.08
391,graficon40nodi/grafo3367.40,0.157,0.157,0.159
392,graficon40nodi/grafo3381.40,0.088,0.089,0.088
393,graficon40nodi/grafo3387.40,0.237,0.237,0.235
394,graficon40nodi/grafo3456.40,0.184,0.199,0.18
395,graficon40nodi/grafo3471.40,0.194,0.195,0.195
396,graficon40nodi/grafo3519.40,0.096,0.093,0.096
397,graficon40nodi/grafo3520.40,0.053,0.053,0.053
398,graficon40nodi/grafo3521.40,0.257,0.255,0.278
399,graficon40nodi/grafo3525.40,0.314,0.311,0.313
400,graficon40nodi/grafo3537.40,1.108,1.104,1.108
401,graficon40nodi/grafo3538.40,0.077,0.1,0.078
402,graficon40nodi/grafo3539.40,0.209,0.206,0.206
403,graficon40nodi/grafo3542.40,0.13,0.13,0.13
404,graficon40nodi/grafo3549.40,0.266,0.265,0.287
405,graficon40nodi/grafo3555.40,0.126,0.124,0.127
406,graficon40nodi/grafo3562.40,0.237,0.236,0.236
407,graficon40nodi/grafo3577.40,0.137,0.139,0.137
408,graficon40nodi/grafo3621.40,0.123,0.123,0.142
409,graficon40nodi/grafo3634.40,0.058,0.058,0.057
410,graficon40nodi/grafo3673.40,0.48,0.477,0.477
411,graficon40nodi/grafo3711.40,0.112,0.112,0.112
412,graficon40nodi/grafo3719.40,0.127,0.103,0.106
413,graficon40nodi/grafo3722.40,0.298,0.297,0.301
414,graficon40nodi/grafo3751.40,0.322,0.322,0.33
415,graficon40nodi/grafo3753.40,0.23,0.254,0.231
416,graficon40nodi/grafo3754.40,0.1,0.097,0.098
417,graficon40nodi/grafo3771.40,0.337,0.325,0.321
418,graficon40nodi/grafo3773.40,0.265,0.265,0.268
419,graficon40nodi/grafo3777.40,0.233,0.209,0.214
420,graficon40nodi/grafo3803.40,0.472,0.49,0.472
421,graficon40nodi/grafo3804.40,0.153,0.152,0.154
422,graficon40nodi/grafo3874.40,0.099,0.081,0.081
423,graficon40nodi/grafo3885.40,0.137,0.139,0.136
424,graficon40nodi/grafo3886.40,0.233,0.233,0.238
425,graficon40nodi/grafo3893.40,0.026,0.026,0.025
426,graficon40nodi/grafo3916.40,0.145,0.147,0.15
427,graficon40nodi/grafo3941.40,0.143,0.13,0.129
428,graficon40nodi/grafo3942.40,0.197,0.176,0.184
429,graficon40nodi/grafo3986.40,0.834,0.787,0.763
430,graficon40nodi/grafo3987.40,0.251,0.278,0.249
431,graficon40nodi/grafo3997.40,0.492,0.494,0.497
432,graficon40nodi/grafo4010.40,0.321,0.306,0.322
433,graficon40nodi/grafo4019.40,0.044,0.043,0.043
434,graficon40nodi/grafo4020.40,0.057,0.058,0.057
435,graficon40nodi/grafo4021.40,0.135,0.13,0.131
436,graficon40nodi/grafo4034.40,0.053,0.053,0.054
437,graficon40nodi/grafo4035.40,0.166,0.164,0.166
438,graficon40nodi/grafo4038.40,0.238,0.26,0.235
439,graficon40nodi/grafo4054.40,0.12,0.122,0.123
440,graficon40nodi/grafo4073.40,0.123,0.122,0.117
441,graficon40nodi/grafo4077.40,0.35,0.346,0.343
442,graficon40nodi/grafo4081.40,0.167,0.148,0.145
443,graficon40nodi/grafo4094.40,0.103,0.136,0.118
444,graficon40nodi/grafo4105.40,0.035,0.035,0.035
445,graficon40nodi/grafo5145.40,0.07,0.069,0.071
446,graficon40nodi/grafo5167.40,0.21,0.202,0.241
447,graficon40nodi/grafo5211.40,0.18,0.207,0.183
448,graficon40nodi/grafo5231.40,0.392,0.389,0.396
449,graficon40nodi/grafo5259.40,0.261,0.257,0.259
450,graficon40nodi/grafo5265.40,0.428,0.414,0.421
451,graficon40nodi/grafo5327.40,0.07,0.07,0.072
452,graficon40nodi/grafo5346.40,0.076,0.076,0.074
453,graficon40nodi/grafo5373.40,0.488,0.478,0.498
454,graficon40nodi/grafo5394.40,0.078,0.078,0.08
455,graficon40nodi/grafo5426.40,0.439,0.437,0.435
456,graficon40nodi/grafo5446.40,0.244,0.245,0.25
457,graficon40nodi/grafo5453.40,0.299,0.313,0.29
458,graficon40nodi/grafo5465.40,0.088,0.088,0.092
459,graficon40nodi/grafo5475.40,0.058,0.058,0.059
460,graficon40nodi/grafo5504.40,0.114,0.114,0.112
461,graficon40nodi/grafo5525.40,0.175,0.173,0.173
462,graficon40nodi/grafo5545.40,0.875,0.86,0.85
463,graficon40nodi/grafo5568.40,0.382,0.38,0.4
464,graficon40nodi/grafo5643.40,0.232,0.23,0.229
465,graficon40nodi/grafo5649.40,0.081,0.08,0.085
466,graficon40nodi/grafo5652.40,0.151,0.15,0.151
467,graficon40nodi/grafo5675.40,0.047,0.047,0.049
468,graficon40nodi/grafo5697.40,0.305,0.281,0.283
469,graficon40nodi/grafo5714.40,0.21,0.21,0.208
470,graficon40nodi/grafo5716.40,0.158,0.159,0.156
471,graficon40nodi/grafo5719.40,1.266,1.244,1.249
472,graficon40nodi/grafo5747.40,0.089,0.089,0.092
473,graficon40nodi/grafo5772.40,0.105,0.128,0.107
474,graficon40nodi/grafo5830.40,0.051,0.049,0.049
475,graficon40nodi/grafo5876.40,0.131,0.131,0.128
476,graficon40nodi/grafo5910.40,0.695,0.698,0.693
477,graficon40nodi/grafo5919.40,0.413,0.401,0.393
478,graficon40nodi/grafo5972.40,1.123,1.134,1.155
479,graficon40nodi/grafo5980.40,0.155,0.157,0.155
480,graficon40nodi/grafo6027.40,0.154,0.156,0.155
481,graficon40nodi/grafo6079.40,0.074,0.072,0.095
482,graficon40nodi/grafo6098.40,0.077,0.075,0.078
483,graficon40nodi/grafo6115.40,0.029,0.028,0.028
484,graficon40nodi/grafo6139.40,0.112,0.11,0.11
485,graficon40nodi/grafo6142.40,0.117,0.116,0.115
486,graficon40nodi/grafo6149.40,0.156,0.156,0.157
487,graficon40nodi/grafo6167.40,0.384,0.406,0.39
488,graficon40nodi/grafo6174.40,0.607,0.606,0.632
489,graficon40nodi/grafo6178.40,0.116,0.118,0.118
490,graficon40nodi/grafo6181.40,0.271,0.276,0.269
491,graficon40nodi/grafo6182.40,0.269,0.267,0.266
492,graficon40nodi/grafo6189.40,0.378,0.357,0.355
493,graficon40nodi/grafo6195.40,0.157,0.158,0.156
494,graficon40nodi/grafo6197.40,0.252,0.254,0.252
495,graficon40nodi/grafo6207.40,0.148,0.151,0.15
496,graficon40nodi/grafo6208.40,0.148,0.173,0.148
497,graficon40nodi/grafo6261.40,0.236,0.232,0.234
498,graficon40nodi/grafo6279.40,0.187,0.188,0.191
499,graficon40nodi/grafo6284.40,0.288,0.287,0.306
500,graficon40nodi/grafo6360.40,0.305,0.303,0.305
501,graficon40nodi/grafo6382.40,0.13,0.132,0.131
502,graficon40nodi/grafo6392.40,0.627,0.634,0.647
503,graficon40nodi/grafo6409.40,0.138,0.143,0.138
504,graficon40nodi/grafo6458.40,0.325,0.324,0.324
505,graficon40nodi/grafo6460.40,0.168,0.172,0.171
506,graficon40nodi/grafo6472.40,0.445,0.423,0.421
507,graficon40nodi/grafo6485.40,0.153,0.156,0.155
508,graficon40nodi/grafo6498.40,0.282,0.289,0.287
509,graficon40nodi/grafo6501.40,0.253,0.23,0.234
510,graficon40nodi/grafo6641.40,0.15,0.151,0.16
511,graficon40nodi/grafo6763.40,1.063,1.077,1.059
512,graficon40nodi/grafo6845.40,0.141,0.145,0.142
513,graficon40nodi/grafo6861.40,0.136,0.138,0.135
514,graficon40nodi/grafo6863.40,0.89,0.867,0.87
515,graficon40nodi/grafo6873.40,0.22,0.22,0.221
516,graficon40nodi/grafo6881.40,0.422,0.418,0.438
517,graficon40nodi/grafo6888.40,0.053,0.053,0.053
518,graficon40nodi/grafo6899.40,0.078,0.076,0.074
519,graficon40nodi/grafo6920.40,0.27,0.265,0.27
520,graficon40nodi/grafo6922.40,0.076,0.075,0.078
521,graficon40nodi/grafo6929.40,0.803,0.776,0.779
522,graficon40nodi/grafo6955.40,0.184,0.189,0.186
523,graficon40nodi/grafo6962.40,0.101,0.101,0.104
524,graficon40nodi/grafo6972.40,0.149,0.129,0.129
525,graficon40nodi/grafo6976.40,0.367,0.366,0.365
526,graficon40nodi/grafo6993.40,0.397,0.384,0.384
527,graficon40nodi/grafo7000.40,0.113,0.138,0.114
528,graficon40nodi/grafo7001.40,0.04,0.04,0.041
529,graficon40nodi/grafo7050.40,0.11,0.113,0.109
530,graficon40nodi/grafo7110.40,0.131,0.127,0.128
531,graficon40nodi/grafo7111.40,0.163,0.162,0.158
532,graficon40nodi/grafo7114.40,0.166,0.166,0.166
533,graficon40nodi/grafo7121.40,0.167,0.166,0.187
534,graficon40nodi/grafo7165.40,0.69,0.689,0.692
535,graficon40nodi/grafo7172.40,0.2,0.204,0.202
536,graficon40nodi/grafo7180.40,0.134,0.136,0.134
537,graficon40nodi/grafo7209.40,0.224,0.198,0.199
538,graficon40nodi/grafo7222.40,0.507,0.509,0.504
539,graficon40nodi/grafo7251.40,0.032,0.031,0.031
540,graficon40nodi/grafo7252.40,0.749,0.769,0.75
541,graficon40nodi/grafo7269.40,0.245,0.247,0.245
542,graficon40nodi/grafo7279.40,0.104,0.104,0.128
543,graficon40nodi/grafo7285.40,0.382,0.381,0.38
544,graficon40nodi/grafo7301.40,0.075,0.063,0.065
545,graficon40nodi/grafo7308.40,1.018,1.018,0.997
546,graficon40nodi/grafo7330.40,0.098,0.097,0.099
547,graficon40nodi/grafo7347.40,0.184,0.179,0.182
548,graficon40nodi/grafo7392.40,0.1,0.1,0.098
549,graficon40nodi/grafo7395.40,0.103,0.124,0.103
550,graficon40nodi/grafo7397.40,0.205,0.201,0.201
551,graficon40nodi/grafo7401.40,0.136,0.137,0.134
552,graficon40nodi/grafo7409.40,0.049,0.047,0.047
553,graficon40nodi/grafo7421.40,0.1,0.098,0.1
554,graficon40nodi/grafo7422.40,0.052,0.051,0.052
555,graficon40nodi/grafo7432.40,0.086,0.081,0.085
556,graficon40nodi/grafo7449.40,0.066,0.045,0.046
557,graficon40nodi/grafo7475.40,0.179,0.178,0.179
558,graficon40nodi/grafo7534.40,0.275,0.276,0.275
559,graficon40nodi/grafo7541.40,0.255,0.274,0.257
560,graficon40nodi/grafo7542.40,0.148,0.154,0.146
561,graficon40nodi/grafo7544.40,0.161,0.158,0.158
562,graficon40nodi/grafo7570.40,0.161,0.16,0.158
563,graficon40nodi/grafo7599.40,0.274,0.292,0.271
564,graficon40nodi/grafo7600.40,0.373,0.373,0.37
565,graficon40nodi/grafo7611.40,0.297,0.3,0.297
566,graficon40nodi/grafo7639.40,0.586,0.559,0.556
567,graficon40nodi/grafo7652.40,0.145,0.146,0.147
568,graficon40nodi/grafo7656.40,0.279,0.275,0.302
569,graficon40nodi/grafo7670.40,0.206,0.206,0.207
570,graficon40nodi/grafo7680.40,0.431,0.426,0.451
571,graficon40nodi/grafo7681.40,0.204,0.206,0.205
572,graficon40nodi/grafo7685.40,0.518,0.517,0.519
573,graficon40nodi/grafo7698.40,0.042,0.04,0.061
574,graficon40nodi/grafo7706.40,0.116,0.111,0.114
575,graficon40nodi/grafo7715.40,0.163,0.162,0.164
576,graficon40nodi/grafo7718.40,0.122,0.125,0.125
577,graficon40nodi/grafo7739.40,0.034,0.033,0.033
578,graficon40nodi/grafo7747.40,0.161,0.158,0.18
579,graficon40nodi/grafo7753.40,1.269,1.259,1.256
580,graficon40nodi/grafo7755.40,0.338,0.333,0.337
581,graficon40nodi/grafo7766.40,0.113,0.115,0.137
582,graficon40nodi/grafo7767.40,0.147,0.152,0.149
583,graficon40nodi/grafo9860.40,0.256,0.258,0.254
584,graficon40nodi/grafo9898.40,0.075,0.074,0.075
585,graficon40nodi/grafo9927.40,0.067,0.064,0.063
586,graficon40nodi/grafo9929.40,0.169,0.168,0.167
587,graficon40nodi/grafo9935.40,0.069,0.068,0.069
588,graficon40nodi/grafo9992.40,0.092,0.11,0.091
589,graficon40nodi/grafo9997.40,0.093,0.1,0.094
590,graficon40nodi/grafo10002.40,0.041,0.042,0.04
591,graficon40nodi/grafo10003.40,0.112,0.117,0.114
592,graficon40nodi/grafo10012.40,0.132,0.134,0.133
593,graficon40nodi/grafo10029.40,0.19,0.187,0.188
594,graficon40nodi/grafo10034.40,0.181,0.179,0.179
595,graficon40nodi/grafo10046.40,0.219,0.242,0.218
596,graficon40nodi/grafo10054.40,0.146,0.147,0.146
597,graficon40nodi/grafo10055.40,0.159,0.161,0.159
598,graficon40nodi/grafo10057.40,4.72,5.146,4.821
599,graficon40nodi/grafo10066.40,0.576,0.582,0.571
600,graficon40nodi/grafo10069.40,0.226,0.227,0.249
601,graficon40nodi/grafo10071.40,0.116,0.117,0.117
602,graficon40nodi/grafo10078.40,0.101,0.101,0.1
603,graficon40nodi/grafo10140.40,0.096,0.091,0.093
604,graficon40nodi/grafo10278.40,0.269,0.268,0.269
605,graficon40nodi/grafo10282.40,0.303,0.283,0.282
606,graficon40nodi/grafo10335.40,0.086,0.083,0.082
607,graficon40nodi/grafo10402.40,0.029,0.028,0.028
608,graficon40nodi/grafo10494.40,0.125,0.127,0.127
609,graficon40nodi/grafo10615.40,0.082,0.082,0.105
610,graficon40nodi/grafo10846.40,1.206,1.208,1.209
611,graficon40nodi/grafo11028.40,0.169,0.169,0.168
612,graficon40nodi/grafo11164.40,0.095,0.095,0.099
613,graficon40nodi/grafo11214.40,0.089,0.07,0.068
614,graficon40nodi/grafo11266.40,0.16,0.156,0.154
615,graficon40nodi/grafo11283.40,0.122,0.119,0.122
616,graficon40nodi/grafo11311.40,0.122,0.122,0.122
617,graficon40nodi/grafo11363.40,0.141,0.142,0.141
618,graficon40nodi/grafo11388.40,0.17,0.153,0.151
619,graficon40nodi/grafo11498.40,0.212,0.21,0.209
620,graficon40nodi/grafo11621.40,0.109,0.108,0.109
621,graficon40nodi/grafo11632.40,0.566,0.576,0.554
622,graficon40nodi/grafo11665.40,0.102,0.102,0.105
623,graficon41nodi/grafo149.41,0.26,0.262,0.261
624,graficon41nodi/grafo184.41,0.039,0.039,0.037
625,graficon41nodi/grafo1956.41,0.414,0.424,0.409
626,graficon41nodi/grafo2019.41,0.062,0.061,0.061
627,graficon41nodi/grafo2181.41,0.083,0.079,0.082
628,graficon41nodi/grafo2235.41,0.26,0.257,0.258
629,graficon41nodi/grafo2531.41,0.302,0.325,0.302
630,graficon41nodi/grafo2623.41,0.102,0.1,0.102
631,graficon41nodi/grafo2690.41,0.278,0.276,0.277
632,graficon41nodi/grafo2710.41,0.079,0.077,0.078
633,graficon41nodi/grafo2737.41,0.137,0.159,0.133
634,graficon41nodi/grafo2781.41,0.38,0.381,0.38
635,graficon41nodi/grafo2892.41,0.046,0.045,0.045
636,graficon41nodi/grafo2994.41,0.161,0.159,0.158
637,graficon41nodi/grafo3016.41,0.131,0.146,0.127
638,graficon41nodi/grafo3048.41,0.124,0.114,0.114
639,graficon41nodi/grafo3130.41,1.071,1.064,1.075
640,graficon41nodi/grafo3149.41,0.048,0.048,0.047
641,graficon41nodi/grafo3179.41,0.269,0.267,0.268
642,graficon41nodi/grafo3192.41,0.046,0.044,0.044
643,graficon41nodi/grafo3197.41,0.167,0.163,0.167
644,graficon41nodi/grafo3265.41,0.494,0.47,0.468
645,graficon41nodi/grafo3270.41,0.124,0.128,0.127
646,graficon41nodi/grafo3278.41,0.401,0.422,0.398
647,graficon41nodi/grafo3306.41,0.069,0.068,0.068
648,graficon41nodi/grafo3340.41,0.282,0.277,0.276
649,graficon41nodi/grafo3369.41,0.289,0.286,0.305
650,graficon41nodi/grafo3388.41,0.185,0.182,0.183
651,graficon41nodi/grafo3401.41,0.256,0.255,0.252
652,graficon41nodi/grafo3420.41,0.115,0.109,0.114
653,graficon41nodi/grafo3425.41,0.05,0.048,0.05
654,graficon41nodi/grafo3444.41,0.207,0.184,0.187
655,graficon41nodi/grafo3452.41,0.261,0.262,0.255
656,graficon41nodi/grafo3470.41,0.209,0.208,0.207
657,graficon41nodi/grafo3498.41,0.134,0.132,0.155
658,graficon41nodi/grafo3527.41,0.192,0.191,0.189
659,graficon41nodi/grafo3534.41,0.146,0.143,0.146
660,graficon41nodi/grafo3575.41,0.145,0.145,0.146
661,graficon41nodi/grafo3582.41,0.138,0.139,0.16
662,graficon41nodi/grafo3613.41,0.213,0.208,0.214
663,graficon41nodi/grafo3640.41,0.35,0.35,0.353
664,graficon41nodi/grafo3647.41,0.216,0.217,0.214
665,graficon41nodi/grafo3650.41,0.19,0.171,0.171
666,graficon41nodi/grafo3670.41,0.259,0.258,0.257
667,graficon41nodi/grafo3683.41,0.232,0.232,0.23
668,graficon41nodi/grafo3687.41,0.175,0.152,0.151
669,graficon41nodi/grafo3691.41,0.149,0.148,0.147
670,graficon41nodi/grafo3692.41,1.758,1.741,1.776
671,graficon41nodi/grafo3694.41,0.26,0.259,0.259
672,graficon41nodi/grafo3701.41,0.426,0.428,0.427
673,graficon41nodi/grafo3745.41,0.403,0.482,0.368
674,graficon41nodi/grafo3774.41,0.064,0.064,0.064
675,graficon41nodi/grafo3781.41,0.518,0.51,0.533
676,graficon41nodi/grafo3786.41,0.076,0.076,0.077
677,graficon41nodi/grafo3794.41,0.137,0.139,0.135
678,graficon41nodi/grafo3798.41,0.085,0.085,0.088
679,graficon41nodi/grafo3802.41,0.53,0.53,0.549
680,graficon41nodi/grafo3873.41,0.09,0.088,0.095
681,graficon41nodi/grafo3882.41,0.092,0.093,0.091
682,graficon41nodi/grafo3889.41,0.329,0.328,0.326
683,graficon41nodi/grafo3908.41,1.448,1.465,1.439
684,graficon41nodi/grafo3910.41,0.074,0.073,0.074
685,graficon41nodi/grafo3940.41,0.399,0.394,0.399
686,graficon41nodi/grafo4001.41,0.073,0.095,0.076
687,graficon41nodi/grafo4004.41,0.048,0.047,0.046
688,graficon41nodi/grafo4031.41,0.562,0.561,0.747
689,graficon41nodi/grafo4047.41,0.057,0.054,0.055
690,graficon41nodi/grafo4052.41,0.211,0.255,0.274
691,graficon41nodi/grafo4084.41,0.396,0.356,0.378
692,graficon41nodi/grafo4108.41,0.376,0.673,0.296
693,graficon41nodi/grafo5146.41,0.122,0.107,0.101
694,graficon41nodi/grafo5149.41,0.147,0.144,0.142
695,graficon41nodi/grafo5185.41,0.06,0.062,0.064
696,graficon41nodi/grafo5191.41,0.81,0.796,0.855
697,graficon41nodi/grafo5225.41,0.167,0.166,0.162
698,graficon41nodi/grafo5234.41,0.115,0.116,0.128
699,graficon41nodi/grafo5253.41,0.05,0.047,0.047
700,graficon41nodi/grafo5273.41,0.355,0.362,0.338
701,graficon41nodi/grafo5328.41,0.105,0.106,0.108
702,graficon41nodi/grafo5334.41,0.432,0.428,0.439
703,graficon41nodi/grafo5344.41,0.117,0.117,0.117
704,graficon41nodi/grafo5359.41,0.389,0.362,0.362
705,graficon41nodi/grafo5397.41,0.038,0.036,0.036
706,graficon41nodi/grafo5414.41,0.026,0.026,0.026
707,graficon41nodi/grafo5420.41,0.024,0.023,0.023
708,graficon41nodi/grafo5430.41,0.068,0.069,0.07
709,graficon41nodi/grafo5451.41,0.312,0.335,0.314
710,graficon41nodi/grafo5458.41,0.313,0.505,0.346
711,graficon41nodi/grafo5479.41,0.094,0.092,0.091
712,graficon41nodi/grafo5534.41,0.094,0.097,0.096
713,graficon41nodi/grafo5549.41,0.522,0.486,0.484
714,graficon41nodi/grafo5565.41,0.313,0.314,0.311
715,graficon41nodi/grafo5637.41,0.074,0.076,0.098
716,graficon41nodi/grafo5645.41,0.146,0.145,0.148
717,graficon41nodi/grafo5651.41,0.3,0.298,0.299
718,graficon41nodi/grafo5717.41,0.119,0.116,0.143
719,graficon41nodi/grafo5773.41,0.146,0.146,0.146
720,graficon41nodi/grafo5811.41,0.634,0.652,0.658
721,graficon41nodi/grafo5823.41,0.367,0.375,0.394
722,graficon41nodi/grafo5840.41,0.193,0.193,0.191
723,graficon41nodi/grafo5886.41,0.287,0.288,0.287
724,graficon41nodi/grafo5895.41,0.07,0.067,0.068
725,graficon41nodi/grafo5941.41,0.138,0.115,0.116
726,graficon41nodi/grafo5978.41,0.185,0.176,0.175
727,graficon41nodi/grafo5983.41,0.189,0.187,0.183
728,graficon41nodi/grafo6046.41,0.419,0.417,0.437
729,graficon41nodi/grafo6059.41,0.094,0.095,0.097
730,graficon41nodi/grafo6088.41,0.088,0.091,0.089
731,graficon41nodi/grafo6103.41,0.254,0.246,0.245
732,graficon41nodi/grafo6122.41,0.165,0.164,0.162
733,graficon41nodi/grafo6140.41,0.117,0.134,0.114
734,graficon41nodi/grafo6150.41,0.201,0.199,0.2
735,graficon41nodi/grafo6152.41,0.187,0.186,0.182
736,graficon41nodi/grafo6164.41,0.192,0.192,0.191
737,graficon41nodi/grafo6172.41,0.068,0.069,0.067
738,graficon41nodi/grafo6175.41,0.03,0.031,0.031
739,graficon41nodi/grafo6180.41,0.095,0.094,0.094
740,graficon41nodi/grafo6190.41,0.063,0.064,0.064
741,graficon41nodi/grafo6191.41,0.181,0.159,0.157
742,graficon41nodi/grafo6192.41,0.181,0.182,0.18
743,graficon41nodi/grafo6198.41,0.452,0.455,0.466
744,graficon41nodi/grafo6246.41,0.291,0.291,0.29
745,graficon41nodi/grafo6253.41,0.098,0.098,0.1
746,graficon41nodi/grafo6256.41,0.134,0.134,0.136
747,graficon41nodi/grafo6258.41,0.255,0.225,0.227
748,graficon41nodi/grafo6265.41,0.354,0.35,0.35
749,graficon41nodi/grafo6286.41,0.111,0.108,0.111
750,graficon41nodi/grafo6288.41,1.498,1.586,1.533
751,graficon41nodi/grafo6309.41,0.252,0.245,0.247
752,graficon41nodi/grafo6323.41,0.182,0.204,0.18
753,graficon41nodi/grafo6354.41,0.238,0.239,0.235
754,graficon41nodi/grafo6355.41,1.197,1.2,1.146
755,graficon41nodi/grafo6361.41,0.442,0.444,0.445
756,graficon41nodi/grafo6366.41,0.126,0.127,0.125
757,graficon41nodi/grafo6371.41,0.329,0.316,0.317
758,graficon41nodi/grafo6398.41,0.125,0.125,0.127
759,graficon41nodi/grafo6403.41,0.324,0.306,0.304
760,graficon41nodi/grafo6429.41,1.607,1.625,1.61
761,graficon41nodi/grafo6431.41,0.123,0.123,0.121
762,graficon41nodi/grafo6439.41,0.334,0.33,0.33
763,graficon41nodi/grafo6441.41,0.154,0.152,0.153
764,graficon41nodi/grafo6530.41,0.159,0.161,0.179
765,graficon41nodi/grafo6844.41,0.249,0.248,0.249
766,graficon41nodi/grafo6853.41,0.129,0.13,0.129
767,graficon41nodi/grafo6857.41,0.095,0.093,0.093
768,graficon41nodi/grafo6876.41,0.068,0.07,0.068
769,graficon41nodi/grafo6879.41,0.075,0.073,0.074
770,graficon41nodi/grafo6910.41,0.559,0.531,0.538
771,graficon41nodi/grafo6934.41,0.146,0.141,0.14
772,graficon41nodi/grafo6951.41,0.168,0.168,0.166
773,graficon41nodi/grafo6973.41,0.383,0.388,0.405
774,graficon41nodi/grafo6985.41,0.046,0.046,0.046
775,graficon41nodi/grafo7007.41,0.492,0.511,0.492
776,graficon41nodi/grafo7032.41,0.14,0.137,0.135
777,graficon41nodi/grafo7033.41,0.13,0.132,0.152
778,graficon41nodi/grafo7044.41,0.224,0.224,0.224
779,graficon41nodi/grafo7056.41,0.104,0.102,0.102
780,graficon41nodi/grafo7074.41,0.06,0.059,0.059
781,graficon41nodi/grafo7079.41,0.768,0.778,0.787
782,graficon41nodi/grafo7080.41,0.479,0.476,0.476
783,graficon41nodi/grafo7098.41,0.884,0.897,0.946
784,graficon41nodi/grafo7104.41,0.18,0.182,0.182
785,graficon41nodi/grafo7124.41,0.167,0.169,0.167
786,graficon41nodi/grafo7129.41,0.238,0.236,0.235
787,graficon41nodi/grafo7137.41,0.614,0.599,0.609
788,graficon41nodi/grafo7140.41,0.306,0.305,0.306
789,graficon41nodi/grafo7150.41,0.122,0.12,0.141
790,graficon41nodi/grafo7191.41,0.115,0.113,0.111
791,graficon41nodi/grafo7204.41,0.366,0.353,0.363
792,graficon41nodi/grafo7224.41,0.076,0.076,0.075
793,graficon41nodi/grafo7228.41,2.499,2.506,2.456
794,graficon41nodi/grafo7244.41,0.183,0.185,0.205
795,graficon41nodi/grafo7248.41,0.257,0.258,0.261
796,graficon41nodi/grafo7271.41,0.139,0.138,0.135
797,graficon41nodi/grafo7275.41,0.527,0.524,0.55
798,graficon41nodi/grafo7298.41,0.163,0.163,0.161
799,graficon41nodi/grafo7299.41,0.869,0.843,0.865
800,graficon41nodi/grafo7300.41,0.253,0.246,0.249
801,graficon41nodi/grafo7302.41,0.285,0.286,0.286
802,graficon41nodi/grafo7309.41,0.976,0.955,0.948
803,graficon41nodi/grafo7311.41,0.089,0.088,0.09
804,graficon41nodi/grafo7326.41,0.091,0.091,0.09
805,graficon41nodi/grafo7331.41,0.042,0.041,0.042
806,graficon41nodi/grafo7338.41,0.171,0.189,0.168
807,graficon41nodi/grafo7372.41,0.367,0.366,0.365
808,graficon41nodi/grafo7373.41,1.365,1.419,1.361
809,graficon41nodi/grafo7406.41,0.059,0.059,0.059
810,graficon41nodi/grafo7420.41,0.228,0.23,0.23
811,graficon41nodi/grafo7455.41,1.016,1.049,1.006
812,graficon41nodi/grafo7469.41,0.608,0.607,0.615
813,graficon41nodi/grafo7481.41,0.437,0.414,0.42
814,graficon41nodi/grafo7482.41,0.082,0.084,0.082
815,graficon41nodi/grafo7495.41,0.072,0.071,0.071
816,graficon41nodi/grafo7498.41,0.148,0.147,0.148
817,graficon41nodi/grafo7506.41,0.129,0.106,0.108
818,graficon41nodi/grafo7527.41,0.334,0.332,0.332
819,graficon41nodi/grafo7537.41,0.252,0.249,0.249
820,graficon41nodi/grafo7571.41,0.324,0.345,0.323
821,graficon41nodi/grafo7575.41,0.315,0.313,0.315
822,graficon41nodi/grafo7577.41,0.119,0.118,0.117
823,graficon41nodi/grafo7624.41,0.313,0.424,0.294
824,graficon41nodi/grafo7635.41,0.424,0.421,0.435
825,graficon41nodi/grafo7638.41,0.182,0.182,0.178
826,graficon41nodi/grafo7657.41,0.534,0.552,0.534
827,graficon41nodi/grafo7679.41,0.135,0.134,0.137
828,graficon41nodi/grafo7686.41,0.243,0.241,0.246
829,graficon41nodi/grafo7725.41,0.245,0.244,0.264
830,graficon41nodi/grafo7749.41,0.073,0.072,0.074
831,graficon41nodi/grafo9885.41,0.151,0.151,0.151
832,graficon41nodi/grafo9944.41,0.087,0.087,0.088
833,graficon41nodi/grafo9946.41,0.13,0.13,0.131
834,graficon41nodi/grafo9972.41,0.384,0.405,0.387
835,graficon41nodi/grafo9978.41,0.198,0.194,0.195
836,graficon41nodi/grafo10041.41,0.217,0.215,0.214
837,graficon41nodi/grafo10067.41,0.028,0.027,0.028
838,graficon41nodi/grafo10079.41,0.498,0.51,0.496
839,graficon41nodi/grafo10276.41,0.188,0.183,0.183
840,graficon41nodi/grafo10341.41,0.062,0.063,0.062
841,graficon41nodi/grafo10563.41,0.083,0.081,0.08
842,graficon41nodi/grafo10755.41,0.486,0.481,0.499
843,graficon41nodi/grafo10845.41,0.17,0.17,0.173
844,graficon41nodi/grafo11172.41,0.115,0.114,0.115
845,graficon41nodi/grafo11173.41,0.155,0.156,0.157
846,graficon41nodi/grafo11212.41,0.222,0.22,0.22
847,graficon41nodi/grafo11242.41,0.22,0.197,0.198
848,graficon41nodi/grafo11262.41,0.19,0.186,0.186
849,graficon41nodi/grafo11263.41,0.371,0.374,0.374
850,graficon41nodi/grafo11474.41,0.101,0.08,0.079
851,graficon41nodi/grafo11618.41,0.094,0.095,0.093
852,graficon41nodi/grafo11670.41,0.268,0.274,0.267
853,graficon51nodi/grafo1073.51,0.414,0.417,0.415
854,graficon51nodi/grafo1210.51,0.096,0.075,0.075
855,graficon51nodi/grafo1260.51,0.494,0.49,0.497
856,graficon51nodi/grafo1305.51,0.213,0.234,0.216
857,graficon51nodi/grafo1383.51,1.279,1.276,1.278
858,graficon51nodi/grafo1404.51,0.578,0.558,0.564
859,graficon51nodi/grafo1427.51,0.097,0.098,0.097
860,graficon51nodi/grafo1470.51,0.619,0.624,0.615
861,graficon51nodi/grafo1486.51,0.172,0.166,0.167
862,graficon51nodi/grafo1504.51,0.756,0.794,0.768
863,graficon51nodi/grafo1520.51,0.848,0.846,0.843
864,graficon51nodi/grafo1532.51,0.175,0.173,0.173
865,graficon51nodi/grafo1621.51,0.306,0.285,0.288
866,graficon51nodi/grafo1906.51,0.134,0.132,0.132
867,graficon51nodi/grafo3169.51,0.626,0.625,0.665
868,graficon51nodi/grafo3172.51,1.497,1.465,1.488
869,graficon51nodi/grafo3333.51,0.509,0.505,0.541
870,graficon51nodi/grafo3362.51,0.246,0.243,0.241
871,graficon51nodi/grafo3443.51,1.479,1.447,1.498
872,graficon51nodi/grafo3484.51,1.11,1.1,1.135
873,graficon51nodi/grafo3492.51,1.449,1.445,1.4
874,graficon51nodi/grafo3507.51,1.112,1.101,1.089
875,graficon51nodi/grafo3616.51,0.812,0.786,0.783
876,graficon51nodi/grafo3677.51,1.036,1.01,1.012
877,graficon51nodi/grafo3717.51,1.059,1.081,1.059
878,graficon51nodi/grafo3726.51,1.084,1.088,1.126
879,graficon51nodi/grafo3790.51,1.04,1.058,1.05
880,graficon51nodi/grafo3826.51,0.194,0.218,0.196
881,graficon51nodi/grafo3943.51,1.274,1.278,1.293
882,graficon51nodi/grafo3958.51,0.371,0.413,0.369
883,graficon51nodi/grafo4109.51,10.832,11.341,11.143
884,graficon51nodi/grafo4154.51,0.297,0.291,0.287
885,graficon51nodi/grafo4160.51,0.31,0.304,0.328
886,graficon51nodi/grafo4164.51,0.236,0.245,0.233
887,graficon51nodi/grafo4242.51,0.193,0.193,0.192
888,graficon51nodi/grafo4328.51,0.223,0.203,0.199
889,graficon51nodi/grafo4369.51,0.536,0.523,0.542
890,graficon51nodi/grafo4451.51,0.51,0.504,0.516
891,graficon51nodi/grafo4567.51,0.19,0.19,0.196
892,graficon51nodi/grafo4577.51,1.006,1.02,1.026
893,graficon51nodi/grafo4600.51,0.135,0.135,0.138
894,graficon51nodi/grafo4602.51,0.139,0.141,0.137
895,graficon51nodi/grafo4726.51,0.625,0.603,0.604
896,graficon51nodi/grafo4728.51,0.116,0.114,0.113
897,graficon51nodi/grafo4756.51,0.694,0.673,0.678
898,graficon51nodi/grafo4766.51,0.598,0.623,0.597
899,graficon51nodi/grafo4768.51,0.109,0.11,0.109
900,graficon51nodi/grafo4862.51,0.218,0.218,0.215
901,graficon51nodi/grafo4893.51,0.193,0.213,0.193
902,graficon51nodi/grafo4956.51,0.135,0.132,0.136
903,graficon51nodi/grafo5066.51,0.382,0.375,0.396
904,graficon51nodi/grafo5102.51,0.177,0.174,0.174
905,graficon51nodi/grafo5366.51,0.669,0.698,0.701
906,graficon51nodi/grafo5605.51,1.488,1.458,1.466
907,graficon51nodi/grafo6012.51,1.318,1.341,1.36
908,graficon51nodi/grafo6185.51,1.039,1.039,1.039
909,graficon51nodi/grafo6327.51,0.659,0.636,0.634
910,graficon51nodi/grafo6370.51,6.061,6.155,6.075
911,graficon51nodi/grafo6428.51,0.591,0.573,0.597
912,graficon51nodi/grafo6449.51,0.171,0.172,0.17
913,graficon51nodi/grafo6466.51,0.256,0.253,0.254
914,graficon51nodi/grafo6475.51,0.488,0.487,0.51
915,graficon51nodi/grafo6491.51,0.125,0.122,0.122
916,graficon51nodi/grafo6526.51,0.182,0.183,0.183
917,graficon51nodi/grafo6580.51,2.517,2.527,2.529
918,graficon51nodi/grafo6607.51,0.558,0.559,0.547
919,graficon51nodi/grafo6687.51,1.367,1.402,1.342
920,graficon51nodi/grafo6705.51,0.12,0.119,0.117
921,graficon51nodi/grafo6731.51,2.017,2.017,1.991
922,graficon51nodi/grafo6747.51,0.303,0.33,0.308
923,graficon51nodi/grafo6846.51,0.951,0.952,0.986
924,graficon51nodi/grafo6893.51,0.456,0.459,0.45
925,graficon51nodi/grafo6894.51,0.456,0.454,0.453
926,graficon51nodi/grafo7231.51,0.172,0.149,0.151
927,graficon51nodi/grafo7532.51,3.551,3.715,3.851
928,graficon51nodi/grafo7550.51,0.322,0.324,0.33
929,graficon51nodi/grafo7562.51,28.396,27.884,27.922
930,graficon51nodi/grafo7606.51,1.523,1.46,1.499
931,graficon51nodi/grafo7730.51,0.257,0.257,0.255
932,graficon51nodi/grafo7748.51,0.466,0.47,0.485
933,graficon61nodi/grafo1380.61,0.519,0.519,0.518
934,graficon61nodi/grafo1395.61,0.552,0.57,0.547
935,graficon61nodi/grafo1396.61,0.279,0.278,0.282
936,graficon61nodi/grafo1466.61,1.021,1.049,1.021
937,graficon61nodi/grafo1481.61,0.75,0.742,0.778
938,graficon61nodi/grafo1728.61,0.669,0.673,0.678
939,graficon61nodi/grafo2666.61,0.229,0.256,0.239
940,graficon61nodi/grafo3257.61,5.066,5.216,5.24
941,graficon61nodi/grafo3342.61,20.737,20.567,20.603
942,graficon61nodi/grafo3376.61,1.562,1.54,1.583
944,graficon61nodi/grafo3399.61,1.055,0.958,0.936
945,graficon61nodi/grafo3556.61,0.206,0.224,0.204
946,graficon61nodi/grafo3564.61,7.221,7.734,7.776
947,graficon61nodi/grafo3581.61,1.881,1.813,1.837
948,graficon61nodi/grafo3709.61,9.392,9.198,9.385
949,graficon61nodi/grafo3787.61,0.503,0.506,0.526
950,graficon61nodi/grafo3853.61,1.188,1.18,1.177
951,graficon61nodi/grafo4128.61,3.403,3.333,3.353
952,graficon61nodi/grafo4165.61,0.481,0.478,0.482
953,graficon61nodi/grafo4173.61,31.881,31.847,31.633
954,graficon61nodi/grafo4181.61,1.15,1.176,1.143
955,graficon61nodi/grafo4190.61,30.772,30.2,30.256
956,graficon61nodi/grafo4191.61,0.557,0.528,0.531
957,graficon61nodi/grafo4209.61,0.384,0.375,0.372
958,graficon61nodi/grafo4239.61,0.31,0.331,0.308
959,graficon61nodi/grafo4240.61,4.346,4.385,4.322
960,graficon61nodi/grafo4244.61,7.291,7.346,7.343
961,graficon61nodi/grafo4251.61,9.089,9.333,9.394
962,graficon61nodi/grafo4261.61,11.971,11.959,11.62
963,graficon61nodi/grafo4269.61,29.302,29.357,29.594
964,graficon61nodi/grafo4308.61,0.904,0.91,0.947
965,graficon61nodi/grafo4313.61,9.73,9.902,9.395
966,graficon61nodi/grafo4319.61,1.549,1.511,1.5
967,graficon61nodi/grafo4331.61,0.373,0.358,0.366
968,graficon61nodi/grafo4345.61,6.284,6.735,6.298
970,graficon61nodi/grafo4392.61,0.991,0.866,0.817
971,graficon61nodi/grafo4399.61,0.648,0.789,0.627
972,graficon61nodi/grafo4412.61,0.553,0.514,0.535
973,graficon61nodi/grafo4419.61,1.514,1.47,1.473
974,graficon61nodi/grafo4433.61,1.883,2.03,1.997
975,graficon61nodi/grafo4441.61,0.399,0.396,0.405
976,graficon61nodi/grafo4447.61,0.256,0.25,0.25
977,graficon61nodi/grafo4482.61,0.27,0.272,0.272
978,graficon61nodi/grafo4483.61,1.317,1.412,1.377
979,graficon61nodi/grafo4485.61,2.457,2.469,2.775
980,graficon61nodi/grafo4491.61,0.43,0.429,0.426
981,graficon61nodi/grafo4497.61,8.211,7.223,7.121
982,graficon61nodi/grafo4541.61,1.219,1.212,1.219
983,graficon61nodi/grafo4551.61,1.033,1.015,1.013
984,graficon61nodi/grafo4598.61,3.018,3.029,2.992
985,graficon61nodi/grafo4612.61,5.189,5.156,5.134
986,graficon61nodi/grafo4616.61,1.07,1.04,1.044
987,graficon61nodi/grafo4634.61,10.61,10.809,10.91
988,graficon61nodi/grafo4668.61,18.526,18.949,18.817
989,graficon61nodi/grafo4690.61,0.769,0.764,0.866
990,graficon61nodi/grafo4713.61,18.715,17.901,17.678
991,graficon61nodi/grafo4741.61,2.598,2.53,2.529
992,graficon61nodi/grafo4749.61,0.541,0.526,0.517
993,graficon61nodi/grafo4754.61,0.767,0.912,0.839
994,graficon61nodi/grafo4777.61,0.277,0.302,0.267
995,graficon61nodi/grafo4863.61,1.494,1.324,1.485
996,graficon61nodi/grafo4878.61,0.909,0.886,0.866
997,graficon61nodi/grafo4892.61,0.663,0.653,0.653
998,graficon61nodi/grafo4906.61,0.624,0.607,0.606
999,graficon61nodi/grafo4909.61,0.478,0.457,0.454
1000,graficon61nodi/grafo4922.61,4.359,4.302,4.275
1001,graficon61nodi/grafo4943.61,0.479,0.458,0.453
1002,graficon61nodi/grafo4990.61,0.534,0.529,0.551
1003,graficon61nodi/grafo4998.61,0.567,0.569,0.568
1004,graficon61nodi/grafo5014.61,28.054,28.756,28.083
1005,graficon61nodi/grafo5016.61,0.655,0.63,0.635
1006,graficon61nodi/grafo5048.61,0.885,0.902,0.887
1007,graficon61nodi/grafo5112.61,0.316,0.314,0.316
1008,graficon61nodi/grafo5281.61,4.934,4.743,4.781
1009,graficon61nodi/grafo5287.61,9.295,9.333,9.331
1010,graficon61nodi/grafo5332.61,2.089,2.067,2.065
1011,graficon61nodi/grafo5418.61,0.806,0.784,0.787
1012,graficon61nodi/grafo5559.61,0.678,0.7,0.68
1013,graficon61nodi/grafo5689.61,24.356,24.304,24.426
1014,graficon61nodi/grafo5740.61,39.958,39.87,39.905
1015,graficon61nodi/grafo5743.61,21.516,21.587,21.624
1016,graficon61nodi/grafo5755.61,2.686,2.732,2.699
1017,graficon61nodi/grafo5831.61,0.682,0.648,0.641
1018,graficon61nodi/grafo5963.61,0.772,0.773,0.795
1019,graficon61nodi/grafo6022.61,2.448,2.457,2.47
1020,graficon61nodi/grafo6131.61,0.928,0.955,0.931
1021,graficon61nodi/grafo6581.61,15.988,15.78,15.969
1022,graficon61nodi/grafo6583.61,3.391,3.382,3.475
1023,graficon61nodi/grafo6584.61,3.479,3.636,3.498
1024,graficon61nodi/grafo6769.61,4.402,4.362,4.319
1025,graficon61nodi/grafo6803.61,13.378,13.237,13.752
1026,graficon61nodi/grafo6898.61,0.426,0.393,0.393
1028,graficon61nodi/grafo7324.61,1.205,1.237,1.156
1029,graficon61nodi/grafo7371.61,18.233,18.249,18.426
1030,graficon61nodi/grafo7596.61,3.35,3.362,3.365
1031,graficon61nodi/grafo7643.61,7.866,7.849,7.976
1032,graficon61nodi/grafo7696.61,7.59,7.655,7.626
1033,graficon61nodi/grafo7800.61,2.946,2.953,2.94
1034,graficon61nodi/grafo7814.61,1.694,1.666,1.664
1035,graficon61nodi/grafo7835.61,1.092,1.072,1.104
1036,graficon61nodi/grafo7870.61,0.993,0.997,1.018
1037,graficon61nodi/grafo7881.61,0.255,0.253,0.254
1038,graficon61nodi/grafo7958.61,2.446,2.474,2.46
1039,graficon61nodi/grafo7988.61,7.789,7.729,7.697
1040,graficon61nodi/grafo7989.61,7.719,7.805,7.676
1041,graficon61nodi/grafo8051.61,0.214,0.213,0.236
1042,graficon61nodi/grafo8059.61,10.548,10.563,10.618
1043,graficon61nodi/grafo8112.61,0.542,0.54,0.543
1044,graficon61nodi/grafo8121.61,2.832,2.862,2.849
1045,graficon61nodi/grafo8136.61,4.795,4.825,4.786
1046,graficon61nodi/grafo8155.61,7.405,7.319,7.277
1047,graficon61nodi/grafo8169.61,1.086,1.072,1.122
1048,graficon61nodi/grafo8182.61,37.546,53.386,50.864
1049,graficon61nodi/grafo8185.61,12.557,12.38,12.553
1050,graficon61nodi/grafo8199.61,2.799,2.856,2.88
1051,graficon61nodi/grafo8268.61,3.286,3.367,3.04
1052,graficon61nodi/grafo8319.61,7.155,6.91,7.168
1053,graficon61nodi/grafo8325.61,4.631,4.273,4.648
1054,graficon61nodi/grafo8384.61,3.723,3.603,3.672
1055,graficon61nodi/grafo8395.61,4.213,4.38,4.12
1056,graficon61nodi/grafo8397.61,3.774,3.85,3.544
1057,graficon61nodi/grafo8402.61,0.484,0.525,0.477
1058,graficon61nodi/grafo8407.61,0.601,0.408,0.392
1059,graficon61nodi/grafo8417.61,2.732,2.799,2.945
1060,graficon61nodi/grafo8418.61,0.816,0.814,0.838
1061,graficon61nodi/grafo8424.61,2.155,2.029,2.05
1062,graficon61nodi/grafo8455.61,13.954,13.425,13.543
1063,graficon61nodi/grafo8475.61,1.061,1.019,1.005
1065,graficon61nodi/grafo8515.61,1.188,1.19,1.207
1067,graficon61nodi/grafo8542.61,0.738,0.634,0.615
1068,graficon61nodi/grafo8544.61,1.151,1.179,1.176
1069,graficon61nodi/grafo8562.61,0.521,0.535,0.514
1070,graficon61nodi/grafo8584.61,1.101,1.074,1.364
1071,graficon61nodi/grafo8990.61,8.607,8.707,8.493
1072,graficon61nodi/grafo9006.61,3.765,3.751,3.812
1075,graficon61nodi/grafo9067.61,3.553,3.525,3.511
1077,graficon61nodi/grafo9092.61,42.367,41.135,44.571
1078,graficon61nodi/grafo9093.61,0.64,0.631,0.639
1079,graficon61nodi/grafo9184.61,7.023,7.591,7.478
1080,graficon61nodi/grafo9278.61,2.7,2.679,2.65
1081,graficon61nodi/grafo9301.61,0.453,0.482,0.455
1082,graficon61nodi/grafo9367.61,0.858,0.82,0.827
1083,graficon61nodi/grafo9379.61,0.614,0.615,0.609
1084,graficon61nodi/grafo9391.61,0.546,0.561,0.536
1085,graficon61nodi/grafo9408.61,7.48,7.515,7.293
1087,graficon61nodi/grafo9494.61,0.868,0.839,0.8
1088,graficon61nodi/grafo9535.61,0.923,0.893,0.872
1089,graficon61nodi/grafo9775.61,0.582,0.594,0.582
1090,graficon61nodi/grafo9779.61,32.151,37.37,37.073
1091,graficon61nodi/grafo9794.61,4.694,5.218,5.237
1092,graficon61nodi/grafo9818.61,23.639,23.638,23.375
1093,graficon61nodi/grafo9847.61,1.335,1.411,1.412
